ISS002-E-10001,ATOLL
ISS002-E-10013,ATOLL
ISS002-E-10041,ATOLL
ISS002-E-10043,ATOLL
ISS002-E-10044,ATOLL
ISS002-E-10051,ATOLL
ISS002-E-5401,ATOLL
ISS002-E-5448,ATOLL
ISS002-E-5632,ATOLL
ISS002-E-5633,ATOLL
ISS002-E-6373,ATOLL
ISS002-E-6377,ATOLL
ISS002-E-6388,ATOLL
ISS002-E-6398,ATOLL
ISS002-E-6438,ATOLL
ISS002-E-6655,ATOLL
ISS002-E-6818,ATOLL
ISS002-E-6819,ATOLL
ISS002-E-6820,ATOLL
ISS002-E-6821,ATOLL
ISS002-E-6827,ATOLL
ISS002-E-6895,ATOLL
ISS002-E-6896,ATOLL
ISS002-E-6958,ATOLL
ISS002-E-7104,ATOLL
ISS002-E-7106,ATOLL
ISS002-E-7382,ATOLL
ISS002-E-7398,ATOLL
ISS002-E-7399,ATOLL
ISS002-E-7400,ATOLL
ISS002-E-7402,ATOLL
ISS002-E-7427,ATOLL
ISS002-E-7428,ATOLL
ISS002-E-8813,ATOLL
ISS002-E-8814,ATOLL
ISS002-E-8815,ATOLL
ISS002-E-8816,ATOLL
ISS002-E-8817,ATOLL
ISS002-E-8818,ATOLL
ISS002-E-8819,ATOLL
ISS002-E-8827,ATOLL
ISS002-E-8828,ATOLL
ISS002-E-8864,ATOLL
ISS002-E-8865,ATOLL
ISS002-E-8866,ATOLL
ISS002-E-8870,ATOLL
ISS002-E-8871,ATOLL
ISS002-E-8872,ATOLL
ISS002-E-8874,ATOLL
ISS002-E-8948,ATOLL
ISS002-E-8955,ATOLL
ISS002-E-8956,ATOLL
ISS002-E-8957,ATOLL
ISS002-E-9151,ATOLL
ISS002-E-9179,ATOLL
ISS002-E-9188,ATOLL
ISS002-E-9202,ATOLL
ISS002-E-9205,ATOLL
ISS002-E-9227,ATOLL
ISS002-E-9613,ATOLL
ISS002-E-9616,ATOLL
ISS002-E-9779,ATOLL
ISS002-E-9780,ATOLL
ISS002-E-9862,ATOLL
ISS002-E-9865,ATOLL
ISS002-E-9867,ATOLL
ISS002-E-9868,ATOLL
ISS002-E-9881,ATOLL
ISS002-E-9887,ATOLL
ISS002-E-9888,ATOLL
ISS004-E-12981,ATOLL
ISS004-E-12986,ATOLL
ISS004-E-5619,ATOLL
ISS004-E-5620,ATOLL
ISS004-E-5621,ATOLL
ISS004-E-5622,ATOLL
ISS004-E-5728,ATOLL
ISS004-E-5729,ATOLL
ISS004-E-6685,ATOLL
ISS004-E-6697,ATOLL
ISS004-E-6700,ATOLL
ISS004-E-6701,ATOLL
ISS004-E-6702,ATOLL
ISS004-E-6703,ATOLL
ISS004-E-6708,ATOLL
ISS004-E-6715,ATOLL
ISS004-E-6716,ATOLL
ISS004-E-6717,ATOLL
ISS004-E-6724,ATOLL
ISS004-E-6725,ATOLL
ISS004-E-6726,ATOLL
ISS004-E-6732,ATOLL
ISS004-E-6777,ATOLL
ISS004-E-6782,ATOLL
ISS004-E-6783,ATOLL
ISS004-E-6784,ATOLL
ISS004-E-6792,ATOLL
ISS004-E-6814,ATOLL
ISS004-E-8265,ATOLL
ISS005-E-10731,ATOLL
ISS005-E-10732,ATOLL
ISS005-E-11929,ATOLL
ISS005-E-12345,ATOLL
ISS005-E-12848,ATOLL
ISS005-E-13922,ATOLL
ISS005-E-13923,ATOLL
ISS005-E-14894,ATOLL
ISS005-E-14895,ATOLL
ISS005-E-14994,ATOLL
ISS005-E-15049,ATOLL
ISS005-E-15050,ATOLL
ISS005-E-15056,ATOLL
ISS005-E-15057,ATOLL
ISS005-E-15060,ATOLL
ISS005-E-15234,ATOLL
ISS005-E-15238,ATOLL
ISS005-E-15239,ATOLL
ISS005-E-16920,ATOLL
ISS005-E-16921,ATOLL
ISS005-E-16922,ATOLL
ISS005-E-16923,ATOLL
ISS005-E-16924,ATOLL
ISS005-E-19672,ATOLL
ISS005-E-19673,ATOLL
ISS005-E-19674,ATOLL
ISS005-E-19675,ATOLL
ISS005-E-19676,ATOLL
ISS005-E-19677,ATOLL
ISS005-E-19678,ATOLL
ISS005-E-19679,ATOLL
ISS005-E-19683,ATOLL
ISS005-E-20020,ATOLL
ISS005-E-20021,ATOLL
ISS005-E-20104,ATOLL
ISS005-E-20124,ATOLL
ISS005-E-20126,ATOLL
ISS005-E-20274,ATOLL
ISS005-E-20275,ATOLL
ISS005-E-20484,ATOLL
ISS005-E-20810,ATOLL
ISS005-E-21920,ATOLL
ISS006-E-30392,ATOLL
ISS006-E-37111,ATOLL
ISS006-E-37437,ATOLL
ISS006-E-37439,ATOLL
ISS006-E-37915,ATOLL
ISS006-E-38579,ATOLL
ISS006-E-38580,ATOLL
ISS006-E-39920,ATOLL
ISS006-E-39921,ATOLL
ISS006-E-40880,ATOLL
ISS006-E-44072,ATOLL
ISS006-E-44075,ATOLL
ISS006-E-5989,ATOLL
ISS006-E-5990,ATOLL
ISS006-E-5991,ATOLL
ISS006-E-7219,ATOLL
ISS006-E-7224,ATOLL
ISS006-E-7468,ATOLL
ISS006-E-7469,ATOLL
ISS006-E-7470,ATOLL
ISS006-E-7480,ATOLL
ISS006-E-7484,ATOLL
ISS006-E-7748,ATOLL
ISS006-E-7751,ATOLL
ISS006-E-8360,ATOLL
ISS007-E-14330,ATOLL
ISS007-E-14331,ATOLL
ISS007-E-14332,ATOLL
ISS007-E-14333,ATOLL
ISS007-E-14856,ATOLL
ISS007-E-14857,ATOLL
ISS007-E-9762,ATOLL
ISS008-E-14405,ATOLL
ISS008-E-14406,ATOLL
ISS008-E-14407,ATOLL
ISS008-E-14408,ATOLL
ISS008-E-14409,ATOLL
ISS008-E-14410,ATOLL
ISS008-E-17091,ATOLL
ISS008-E-17092,ATOLL
ISS008-E-17093,ATOLL
ISS008-E-17094,ATOLL
ISS008-E-17095,ATOLL
ISS008-E-17096,ATOLL
ISS008-E-17097,ATOLL
ISS008-E-17098,ATOLL
ISS008-E-17099,ATOLL
ISS008-E-17100,ATOLL
ISS008-E-17101,ATOLL
ISS008-E-17102,ATOLL
ISS008-E-19186,ATOLL
ISS008-E-19187,ATOLL
ISS008-E-19188,ATOLL
ISS008-E-19189,ATOLL
ISS008-E-19190,ATOLL
ISS008-E-19191,ATOLL
ISS008-E-20120,ATOLL
ISS008-E-20121,ATOLL
ISS008-E-20122,ATOLL
ISS008-E-20123,ATOLL
ISS008-E-20124,ATOLL
ISS008-E-20395,ATOLL
ISS008-E-20398,ATOLL
ISS009-E-13647,ATOLL
ISS009-E-13648,ATOLL
ISS009-E-13649,ATOLL
ISS009-E-13650,ATOLL
ISS009-E-13651,ATOLL
ISS009-E-13652,ATOLL
ISS009-E-13653,ATOLL
ISS009-E-13654,ATOLL
ISS009-E-13655,ATOLL
ISS009-E-15715,ATOLL
ISS009-E-15716,ATOLL
ISS009-E-15717,ATOLL
ISS009-E-15718,ATOLL
ISS009-E-15719,ATOLL
ISS009-E-15720,ATOLL
ISS009-E-21616,ATOLL
ISS009-E-21619,ATOLL
ISS009-E-21725,ATOLL
ISS009-E-21726,ATOLL
ISS009-E-21727,ATOLL
ISS009-E-21729,ATOLL
ISS009-E-21730,ATOLL
ISS009-E-21732,ATOLL
ISS009-E-21735,ATOLL
ISS009-E-21739,ATOLL
ISS009-E-21742,ATOLL
ISS009-E-21743,ATOLL
ISS009-E-21745,ATOLL
ISS009-E-25036,ATOLL
ISS009-E-25043,ATOLL
ISS009-E-25045,ATOLL
ISS009-E-25053,ATOLL
ISS009-E-25054,ATOLL
ISS009-E-25055,ATOLL
ISS009-E-25057,ATOLL
ISS009-E-25058,ATOLL
ISS009-E-25565,ATOLL
ISS009-E-25566,ATOLL
ISS009-E-25567,ATOLL
ISS009-E-25568,ATOLL
ISS009-E-5529,ATOLL
ISS009-E-5530,ATOLL
ISS009-E-5531,ATOLL
ISS009-E-6049,ATOLL
ISS009-E-6050,ATOLL
ISS009-E-6051,ATOLL
ISS009-E-6280,ATOLL
ISS009-E-9175,ATOLL
ISS009-E-9176,ATOLL
ISS009-E-9177,ATOLL
ISS009-E-9178,ATOLL
ISS009-E-9179,ATOLL
ISS009-E-9180,ATOLL
ISS009-E-9181,ATOLL
ISS009-E-9184,ATOLL
ISS009-E-9625,ATOLL
ISS009-E-9626,ATOLL
ISS009-E-9627,ATOLL
ISS010-E-12902,ATOLL
ISS010-E-12903,ATOLL
ISS010-E-12904,ATOLL
ISS010-E-12906,ATOLL
ISS010-E-12908,ATOLL
ISS010-E-12910,ATOLL
ISS010-E-13147,ATOLL
ISS010-E-13148,ATOLL
ISS010-E-13149,ATOLL
ISS010-E-13150,ATOLL
ISS010-E-13151,ATOLL
ISS010-E-13152,ATOLL
ISS010-E-13153,ATOLL
ISS010-E-13154,ATOLL
ISS010-E-13155,ATOLL
ISS010-E-13156,ATOLL
ISS010-E-13157,ATOLL
ISS010-E-13158,ATOLL
ISS010-E-13159,ATOLL
ISS010-E-13160,ATOLL
ISS010-E-13161,ATOLL
ISS010-E-13162,ATOLL
ISS010-E-13163,ATOLL
ISS010-E-13164,ATOLL
ISS010-E-19308,ATOLL
ISS010-E-19309,ATOLL
ISS010-E-22267,ATOLL
ISS010-E-22268,ATOLL
ISS010-E-22269,ATOLL
ISS010-E-22270,ATOLL
ISS010-E-22271,ATOLL
ISS010-E-22272,ATOLL
ISS010-E-22273,ATOLL
ISS010-E-22274,ATOLL
ISS010-E-25631,ATOLL
ISS010-E-25632,ATOLL
ISS010-E-25633,ATOLL
ISS010-E-27083,ATOLL
ISS010-E-27176,ATOLL
ISS010-E-27177,ATOLL
ISS010-E-27178,ATOLL
ISS010-E-27179,ATOLL
ISS010-E-27180,ATOLL
ISS010-E-27181,ATOLL
ISS010-E-27182,ATOLL
ISS010-E-34965,ATOLL
ISS010-E-34966,ATOLL
ISS010-E-34978,ATOLL
ISS010-E-34979,ATOLL
ISS010-E-34980,ATOLL
ISS010-E-5448,ATOLL
ISS010-E-5451,ATOLL
ISS010-E-5452,ATOLL
ISS010-E-5453,ATOLL
ISS010-E-5454,ATOLL
ISS010-E-5457,ATOLL
ISS010-E-5458,ATOLL
ISS010-E-5462,ATOLL
ISS010-E-5463,ATOLL
ISS010-E-5464,ATOLL
ISS010-E-6730,ATOLL
ISS010-E-6731,ATOLL
ISS010-E-6732,ATOLL
ISS010-E-9852,ATOLL
ISS010-E-9853,ATOLL
ISS010-E-9857,ATOLL
ISS010-E-9858,ATOLL
ISS011-E-10319,ATOLL
ISS011-E-14939,ATOLL
ISS011-E-14942,ATOLL
ISS011-E-15259,ATOLL
ISS011-E-15260,ATOLL
ISS011-E-15601,ATOLL
ISS011-E-15602,ATOLL
ISS011-E-15604,ATOLL
ISS011-E-8644,ATOLL
ISS012-E-7340,ATOLL
ISS012-E-7341,ATOLL
ISS012-E-7342,ATOLL
ISS013-E-13908,ATOLL
ISS013-E-13909,ATOLL
ISS013-E-13910,ATOLL
ISS013-E-13911,ATOLL
ISS013-E-13912,ATOLL
ISS013-E-13913,ATOLL
ISS013-E-13914,ATOLL
ISS013-E-14755,ATOLL
ISS013-E-14756,ATOLL
ISS013-E-14757,ATOLL
ISS013-E-16077,ATOLL
ISS013-E-16079,ATOLL
ISS013-E-28610,ATOLL
ISS013-E-29169,ATOLL
ISS013-E-29170,ATOLL
ISS013-E-33521,ATOLL
ISS013-E-5001,ATOLL
ISS013-E-5002,ATOLL
ISS013-E-6512,ATOLL
ISS013-E-6513,ATOLL
ISS013-E-6516,ATOLL
ISS013-E-6517,ATOLL
ISS013-E-6575,ATOLL
ISS013-E-6576,ATOLL
ISS013-E-7135,ATOLL
ISS013-E-7136,ATOLL
ISS013-E-7304,ATOLL
ISS013-E-7305,ATOLL
ISS013-E-7318,ATOLL
ISS013-E-7319,ATOLL
ISS013-E-7334,ATOLL
ISS013-E-7335,ATOLL
ISS013-E-77483,ATOLL
ISS013-E-78053,ATOLL
ISS013-E-85966,ATOLL
ISS013-E-85967,ATOLL
ISS013-E-85975,ATOLL
ISS013-E-85976,ATOLL
ISS013-E-85977,ATOLL
ISS013-E-85978,ATOLL
ISS013-E-85979,ATOLL
ISS013-E-9526,ATOLL
ISS013-E-9527,ATOLL
ISS013-E-9528,ATOLL
ISS013-E-9529,ATOLL
ISS013-E-9530,ATOLL
ISS013-E-9531,ATOLL
ISS013-E-9532,ATOLL
ISS014-E-11166,ATOLL
ISS014-E-11167,ATOLL
ISS014-E-18511,ATOLL
ISS014-E-18512,ATOLL
ISS014-E-18514,ATOLL
ISS014-E-18843,ATOLL
ISS014-E-5404,ATOLL
ISS014-E-5405,ATOLL
ISS015-E-15485,ATOLL
ISS015-E-15486,ATOLL
ISS015-E-17348,ATOLL
ISS015-E-17354,ATOLL
ISS015-E-17355,ATOLL
ISS015-E-17356,ATOLL
ISS015-E-19199,ATOLL
ISS015-E-19200,ATOLL
ISS015-E-19201,ATOLL
ISS015-E-19208,ATOLL
ISS015-E-19210,ATOLL
ISS015-E-19215,ATOLL
ISS015-E-19218,ATOLL
ISS015-E-19219,ATOLL
ISS015-E-19220,ATOLL
ISS015-E-19223,ATOLL
ISS015-E-19225,ATOLL
ISS015-E-19226,ATOLL
ISS015-E-19239,ATOLL
ISS015-E-19240,ATOLL
ISS015-E-19241,ATOLL
ISS015-E-19242,ATOLL
ISS015-E-19268,ATOLL
ISS015-E-19269,ATOLL
ISS015-E-26895,ATOLL
ISS015-E-26896,ATOLL
ISS015-E-26897,ATOLL
ISS015-E-26898,ATOLL
ISS015-E-26899,ATOLL
ISS015-E-37120,ATOLL
ISS015-E-37121,ATOLL
ISS015-E-37123,ATOLL
ISS015-E-37124,ATOLL
ISS015-E-37126,ATOLL
ISS015-E-37248,ATOLL
ISS015-E-37589,ATOLL
ISS015-E-37590,ATOLL
ISS015-E-5190,ATOLL
ISS015-E-5191,ATOLL
ISS015-E-5192,ATOLL
ISS015-E-5193,ATOLL
ISS015-E-5194,ATOLL
ISS015-E-6523,ATOLL
ISS015-E-9862,ATOLL
ISS018-E-11349,ATOLL
ISS018-E-11350,ATOLL
ISS018-E-24357,ATOLL
ISS018-E-8023,ATOLL
ISS018-E-8024,ATOLL
ISS019-E-21436,ATOLL
ISS019-E-21437,ATOLL
ISS019-E-7983,ATOLL
ISS019-E-7986,ATOLL
ISS019-E-7987,ATOLL
ISS020-E-16282,ATOLL
ISS020-E-16283,ATOLL
ISS020-E-16284,ATOLL
ISS020-E-16285,ATOLL
ISS020-E-16307,ATOLL
ISS020-E-16308,ATOLL
ISS020-E-16313,ATOLL
ISS020-E-16316,ATOLL
ISS020-E-16317,ATOLL
ISS020-E-16318,ATOLL
ISS020-E-16322,ATOLL
ISS020-E-16323,ATOLL
ISS020-E-16324,ATOLL
ISS020-E-18232,ATOLL
ISS020-E-28141,ATOLL
ISS020-E-28722,ATOLL
ISS020-E-28723,ATOLL
ISS020-E-28724,ATOLL
ISS020-E-28729,ATOLL
ISS020-E-29996,ATOLL
ISS020-E-30053,ATOLL
ISS020-E-30054,ATOLL
ISS020-E-30055,ATOLL
ISS020-E-30056,ATOLL
ISS020-E-30057,ATOLL
ISS020-E-30058,ATOLL
ISS020-E-30068,ATOLL
ISS020-E-30070,ATOLL
ISS020-E-30071,ATOLL
ISS020-E-30072,ATOLL
ISS020-E-30073,ATOLL
ISS020-E-30222,ATOLL
ISS020-E-30223,ATOLL
ISS020-E-30224,ATOLL
ISS020-E-30225,ATOLL
ISS020-E-30226,ATOLL
ISS020-E-30227,ATOLL
ISS020-E-30228,ATOLL
ISS020-E-30229,ATOLL
ISS020-E-30230,ATOLL
ISS020-E-30231,ATOLL
ISS020-E-30232,ATOLL
ISS020-E-30233,ATOLL
ISS020-E-35768,ATOLL
ISS020-E-35769,ATOLL
ISS020-E-49967,ATOLL
ISS020-E-49968,ATOLL
ISS020-E-49969,ATOLL
ISS020-E-5227,ATOLL
ISS020-E-5228,ATOLL
ISS020-E-5229,ATOLL
ISS020-E-6979,ATOLL
ISS020-E-6980,ATOLL
ISS020-E-6981,ATOLL
ISS020-E-6983,ATOLL
ISS020-E-6987,ATOLL
ISS020-E-6988,ATOLL
ISS020-E-9136,ATOLL
ISS020-E-9137,ATOLL
ISS021-E-15847,ATOLL
ISS021-E-17227,ATOLL
ISS021-E-17228,ATOLL
ISS021-E-17229,ATOLL
ISS021-E-17456,ATOLL
ISS021-E-17457,ATOLL
ISS021-E-17917,ATOLL
ISS021-E-18273,ATOLL
ISS021-E-18274,ATOLL
ISS021-E-20354,ATOLL
ISS021-E-20355,ATOLL
ISS021-E-21440,ATOLL
ISS021-E-21441,ATOLL
ISS021-E-21949,ATOLL
ISS021-E-21952,ATOLL
ISS021-E-21975,ATOLL
ISS021-E-21976,ATOLL
ISS021-E-22297,ATOLL
ISS021-E-22363,ATOLL
ISS021-E-22364,ATOLL
ISS021-E-22365,ATOLL
ISS021-E-22368,ATOLL
ISS021-E-22995,ATOLL
ISS021-E-23018,ATOLL
ISS021-E-23867,ATOLL
ISS021-E-23868,ATOLL
ISS021-E-24804,ATOLL
ISS021-E-24956,ATOLL
ISS021-E-24957,ATOLL
ISS021-E-24959,ATOLL
ISS021-E-25664,ATOLL
ISS021-E-25665,ATOLL
ISS021-E-27290,ATOLL
ISS021-E-27291,ATOLL
ISS021-E-27293,ATOLL
ISS021-E-27294,ATOLL
ISS021-E-27439,ATOLL
ISS021-E-27440,ATOLL
ISS021-E-27476,ATOLL
ISS021-E-30381,ATOLL
ISS021-E-30382,ATOLL
ISS021-E-31444,ATOLL
ISS021-E-31445,ATOLL
ISS021-E-31446,ATOLL
ISS021-E-32149,ATOLL
ISS021-E-32150,ATOLL
ISS021-E-33733,ATOLL
ISS021-E-33734,ATOLL
ISS021-E-33736,ATOLL
ISS021-E-33739,ATOLL
ISS021-E-33740,ATOLL
ISS021-E-6306,ATOLL
ISS021-E-6307,ATOLL
ISS021-E-6308,ATOLL
ISS021-E-6309,ATOLL
ISS021-E-6974,ATOLL
ISS022-E-101577,ATOLL
ISS022-E-101578,ATOLL
ISS022-E-101579,ATOLL
ISS022-E-101580,ATOLL
ISS022-E-101899,ATOLL
ISS022-E-101900,ATOLL
ISS022-E-101903,ATOLL
ISS022-E-101904,ATOLL
ISS022-E-21822,ATOLL
ISS022-E-21823,ATOLL
ISS022-E-21825,ATOLL
ISS022-E-23147,ATOLL
ISS022-E-23149,ATOLL
ISS022-E-23150,ATOLL
ISS022-E-23151,ATOLL
ISS022-E-23290,ATOLL
ISS022-E-23291,ATOLL
ISS022-E-23292,ATOLL
ISS022-E-23293,ATOLL
ISS022-E-23294,ATOLL
ISS022-E-23295,ATOLL
ISS022-E-23296,ATOLL
ISS022-E-23297,ATOLL
ISS022-E-23298,ATOLL
ISS022-E-23299,ATOLL
ISS022-E-23300,ATOLL
ISS022-E-23301,ATOLL
ISS022-E-23302,ATOLL
ISS022-E-23303,ATOLL
ISS022-E-23304,ATOLL
ISS022-E-23305,ATOLL
ISS022-E-23306,ATOLL
ISS022-E-23307,ATOLL
ISS022-E-23308,ATOLL
ISS022-E-23309,ATOLL
ISS022-E-23310,ATOLL
ISS022-E-23311,ATOLL
ISS022-E-23312,ATOLL
ISS022-E-23313,ATOLL
ISS022-E-23314,ATOLL
ISS022-E-23315,ATOLL
ISS022-E-23316,ATOLL
ISS022-E-23317,ATOLL
ISS022-E-23318,ATOLL
ISS022-E-23319,ATOLL
ISS022-E-23320,ATOLL
ISS022-E-23321,ATOLL
ISS022-E-23322,ATOLL
ISS022-E-23323,ATOLL
ISS022-E-23324,ATOLL
ISS022-E-23325,ATOLL
ISS022-E-23326,ATOLL
ISS022-E-23327,ATOLL
ISS022-E-23328,ATOLL
ISS022-E-23329,ATOLL
ISS022-E-23330,ATOLL
ISS022-E-23331,ATOLL
ISS022-E-23332,ATOLL
ISS022-E-23333,ATOLL
ISS022-E-23334,ATOLL
ISS022-E-23335,ATOLL
ISS022-E-23336,ATOLL
ISS022-E-24191,ATOLL
ISS022-E-24192,ATOLL
ISS022-E-24193,ATOLL
ISS022-E-24194,ATOLL
ISS022-E-24195,ATOLL
ISS022-E-24196,ATOLL
ISS022-E-24197,ATOLL
ISS022-E-24198,ATOLL
ISS022-E-24199,ATOLL
ISS022-E-24200,ATOLL
ISS022-E-24201,ATOLL
ISS022-E-24202,ATOLL
ISS022-E-24203,ATOLL
ISS022-E-24204,ATOLL
ISS022-E-24205,ATOLL
ISS022-E-24206,ATOLL
ISS022-E-24207,ATOLL
ISS022-E-24208,ATOLL
ISS022-E-24209,ATOLL
ISS022-E-24282,ATOLL
ISS022-E-24283,ATOLL
ISS022-E-24284,ATOLL
ISS022-E-24285,ATOLL
ISS022-E-24286,ATOLL
ISS022-E-24287,ATOLL
ISS022-E-24288,ATOLL
ISS022-E-24289,ATOLL
ISS022-E-24290,ATOLL
ISS022-E-24292,ATOLL
ISS022-E-24293,ATOLL
ISS022-E-24294,ATOLL
ISS022-E-24295,ATOLL
ISS022-E-24308,ATOLL
ISS022-E-24309,ATOLL
ISS022-E-24310,ATOLL
ISS022-E-24311,ATOLL
ISS022-E-24553,ATOLL
ISS022-E-24554,ATOLL
ISS022-E-24555,ATOLL
ISS022-E-24556,ATOLL
ISS022-E-24557,ATOLL
ISS022-E-24558,ATOLL
ISS022-E-24559,ATOLL
ISS022-E-26183,ATOLL
ISS022-E-26184,ATOLL
ISS022-E-26186,ATOLL
ISS022-E-29810,ATOLL
ISS022-E-29811,ATOLL
ISS022-E-29816,ATOLL
ISS022-E-32209,ATOLL
ISS022-E-32210,ATOLL
ISS022-E-33968,ATOLL
ISS022-E-33969,ATOLL
ISS022-E-33970,ATOLL
ISS022-E-33971,ATOLL
ISS022-E-33978,ATOLL
ISS022-E-33979,ATOLL
ISS022-E-33981,ATOLL
ISS022-E-36015,ATOLL
ISS022-E-62704,ATOLL
ISS022-E-62705,ATOLL
ISS022-E-63941,ATOLL
ISS022-E-63942,ATOLL
ISS022-E-64758,ATOLL
ISS022-E-64980,ATOLL
ISS022-E-64981,ATOLL
ISS022-E-65001,ATOLL
ISS022-E-65002,ATOLL
ISS022-E-65003,ATOLL
ISS022-E-65546,ATOLL
ISS022-E-66781,ATOLL
ISS022-E-73233,ATOLL
ISS022-E-79937,ATOLL
ISS022-E-79938,ATOLL
ISS022-E-79939,ATOLL
ISS022-E-81743,ATOLL
ISS022-E-81744,ATOLL
ISS022-E-89088,ATOLL
ISS022-E-93994,ATOLL
ISS022-E-93995,ATOLL
ISS022-E-93998,ATOLL
ISS022-E-93999,ATOLL
ISS022-E-94000,ATOLL
ISS022-E-94630,ATOLL
ISS022-E-94631,ATOLL
ISS022-E-94632,ATOLL
ISS022-E-94633,ATOLL
ISS022-E-94635,ATOLL
ISS022-E-94636,ATOLL
ISS022-E-95284,ATOLL
ISS022-E-95285,ATOLL
ISS022-E-95286,ATOLL
ISS022-E-95287,ATOLL
ISS022-E-95288,ATOLL
ISS022-E-95289,ATOLL
ISS022-E-95290,ATOLL
ISS022-E-95291,ATOLL
ISS022-E-95292,ATOLL
ISS022-E-95293,ATOLL
ISS022-E-95294,ATOLL
ISS022-E-95295,ATOLL
ISS022-E-95296,ATOLL
ISS022-E-95297,ATOLL
ISS022-E-95298,ATOLL
ISS022-E-95299,ATOLL
ISS022-E-95300,ATOLL
ISS023-E-6733,ATOLL
ISS023-E-6734,ATOLL
ISS023-E-6735,ATOLL
ISS023-E-6736,ATOLL
ISS023-E-6737,ATOLL
ISS023-E-6738,ATOLL
ISS023-E-6739,ATOLL
ISS024-E-11914,ATOLL
ISS024-E-13497,ATOLL
ISS024-E-14135,ATOLL
ISS024-E-14286,ATOLL
ISS024-E-5064,ATOLL
ISS024-E-5065,ATOLL
ISS024-E-9613,ATOLL
ISS025-E-14370,ATOLL
ISS025-E-14371,ATOLL
ISS025-E-14372,ATOLL
ISS025-E-14373,ATOLL
ISS025-E-17084,ATOLL
ISS025-E-17085,ATOLL
ISS025-E-17097,ATOLL
ISS025-E-17098,ATOLL
ISS025-E-19182,ATOLL
ISS025-E-19183,ATOLL
ISS025-E-19184,ATOLL
ISS025-E-19185,ATOLL
ISS025-E-19248,ATOLL
ISS025-E-19249,ATOLL
ISS025-E-19250,ATOLL
ISS025-E-19251,ATOLL
ISS025-E-19441,ATOLL
ISS025-E-19442,ATOLL
ISS025-E-20461,ATOLL
ISS025-E-20462,ATOLL
ISS025-E-21483,ATOLL
ISS025-E-21484,ATOLL
ISS025-E-21485,ATOLL
ISS025-E-21486,ATOLL
ISS025-E-23516,ATOLL
ISS025-E-23517,ATOLL
ISS025-E-23518,ATOLL
ISS026-E-12542,ATOLL
ISS026-E-12543,ATOLL
ISS026-E-12544,ATOLL
ISS026-E-12545,ATOLL
ISS026-E-12546,ATOLL
ISS026-E-12547,ATOLL
ISS026-E-16918,ATOLL
ISS026-E-21616,ATOLL
ISS026-E-21617,ATOLL
ISS026-E-21621,ATOLL
ISS026-E-21626,ATOLL
ISS026-E-21627,ATOLL
ISS026-E-21628,ATOLL
ISS026-E-26384,ATOLL
ISS026-E-26385,ATOLL
ISS026-E-26386,ATOLL
ISS026-E-26387,ATOLL
ISS026-E-26388,ATOLL
ISS026-E-26389,ATOLL
ISS026-E-26390,ATOLL
ISS026-E-26391,ATOLL
ISS026-E-26392,ATOLL
ISS026-E-26393,ATOLL
ISS026-E-32127,ATOLL
ISS026-E-32128,ATOLL
ISS026-E-32129,ATOLL
ISS026-E-32130,ATOLL
ISS026-E-33053,ATOLL
ISS026-E-33054,ATOLL
ISS026-E-33055,ATOLL
ISS026-E-33056,ATOLL
ISS026-E-36310,ATOLL
ISS026-E-36311,ATOLL
ISS026-E-36312,ATOLL
ISS026-E-36313,ATOLL
ISS026-E-36314,ATOLL
ISS026-E-38161,ATOLL
ISS026-E-38162,ATOLL
ISS026-E-38163,ATOLL
ISS026-E-38164,ATOLL
ISS026-E-39075,ATOLL
ISS026-E-39076,ATOLL
ISS027-E-11453,ATOLL
ISS027-E-11501,ATOLL
ISS027-E-11502,ATOLL
ISS027-E-11503,ATOLL
ISS027-E-11504,ATOLL
ISS027-E-11505,ATOLL
ISS027-E-11506,ATOLL
ISS027-E-11507,ATOLL
ISS027-E-11508,ATOLL
ISS027-E-11509,ATOLL
ISS027-E-12066,ATOLL
ISS027-E-12067,ATOLL
ISS027-E-12068,ATOLL
ISS027-E-12968,ATOLL
ISS027-E-12969,ATOLL
ISS027-E-12970,ATOLL
ISS027-E-12971,ATOLL
ISS027-E-15383,ATOLL
ISS027-E-15400,ATOLL
ISS027-E-15401,ATOLL
ISS027-E-15759,ATOLL
ISS027-E-15760,ATOLL
ISS027-E-15761,ATOLL
ISS027-E-15762,ATOLL
ISS027-E-15763,ATOLL
ISS027-E-16446,ATOLL
ISS027-E-16449,ATOLL
ISS027-E-16450,ATOLL
ISS027-E-16452,ATOLL
ISS027-E-16453,ATOLL
ISS027-E-16454,ATOLL
ISS027-E-16455,ATOLL
ISS027-E-16458,ATOLL
ISS027-E-22383,ATOLL
ISS027-E-22384,ATOLL
ISS027-E-30580,ATOLL
ISS027-E-30581,ATOLL
ISS027-E-30582,ATOLL
ISS027-E-5718,ATOLL
ISS027-E-9229,ATOLL
ISS027-E-9230,ATOLL
ISS027-E-9231,ATOLL
ISS027-E-9232,ATOLL
ISS027-E-9233,ATOLL
ISS028-E-23457,ATOLL
ISS028-E-25617,ATOLL
ISS028-E-25618,ATOLL
ISS028-E-25621,ATOLL
ISS028-E-27408,ATOLL
ISS028-E-27409,ATOLL
ISS028-E-27410,ATOLL
ISS028-E-27411,ATOLL
ISS028-E-27412,ATOLL
ISS028-E-6417,ATOLL
ISS028-E-6418,ATOLL
ISS029-E-21388,ATOLL
ISS029-E-21389,ATOLL
ISS029-E-21390,ATOLL
ISS029-E-21391,ATOLL
ISS029-E-21392,ATOLL
ISS029-E-29637,ATOLL
ISS029-E-29638,ATOLL
ISS029-E-29641,ATOLL
ISS029-E-29642,ATOLL
ISS029-E-29645,ATOLL
ISS031-E-121070,ATOLL
ISS031-E-121071,ATOLL
ISS031-E-121072,ATOLL
ISS031-E-121073,ATOLL
ISS031-E-121074,ATOLL
ISS031-E-121075,ATOLL
ISS031-E-35162,ATOLL
ISS031-E-35163,ATOLL
ISS031-E-35164,ATOLL
ISS031-E-35165,ATOLL
ISS031-E-35166,ATOLL
ISS031-E-35167,ATOLL
ISS031-E-35168,ATOLL
ISS031-E-35169,ATOLL
ISS031-E-35170,ATOLL
ISS031-E-35171,ATOLL
ISS031-E-35174,ATOLL
ISS031-E-66419,ATOLL
ISS031-E-66421,ATOLL
ISS031-E-66422,ATOLL
ISS031-E-66423,ATOLL
ISS031-E-66424,ATOLL
ISS031-E-66425,ATOLL
ISS031-E-66426,ATOLL
ISS031-E-66429,ATOLL
ISS031-E-66430,ATOLL
ISS031-E-66431,ATOLL
ISS031-E-66435,ATOLL
ISS031-E-66436,ATOLL
ISS033-E-12702,ATOLL
ISS033-E-12703,ATOLL
ISS033-E-14230,ATOLL
ISS033-E-14231,ATOLL
ISS033-E-14232,ATOLL
ISS033-E-14538,ATOLL
ISS033-E-14539,ATOLL
ISS033-E-14541,ATOLL
ISS033-E-14542,ATOLL
ISS033-E-14543,ATOLL
ISS033-E-17123,ATOLL
ISS033-E-9557,ATOLL
ISS033-E-9558,ATOLL
ISS033-E-9561,ATOLL
ISS033-E-9562,ATOLL
ISS033-E-9563,ATOLL
ISS034-E-46837,ATOLL
ISS034-E-46839,ATOLL
ISS034-E-46840,ATOLL
ISS034-E-46841,ATOLL
ISS034-E-46842,ATOLL
ISS034-E-46843,ATOLL
ISS034-E-46844,ATOLL
ISS034-E-55364,ATOLL
ISS034-E-55365,ATOLL
ISS034-E-55366,ATOLL
ISS034-E-61092,ATOLL
ISS034-E-61794,ATOLL
ISS034-E-61795,ATOLL
ISS034-E-61796,ATOLL
ISS034-E-61797,ATOLL
ISS034-E-61798,ATOLL
ISS034-E-61799,ATOLL
ISS034-E-61800,ATOLL
ISS034-E-61802,ATOLL
ISS034-E-61803,ATOLL
ISS034-E-70051,ATOLL
ISS034-E-70052,ATOLL
ISS034-E-70053,ATOLL
ISS034-E-70054,ATOLL
ISS034-E-70057,ATOLL
ISS034-E-70058,ATOLL
ISS035-E-13128,ATOLL
ISS035-E-13129,ATOLL
ISS035-E-5380,ATOLL
ISS035-E-6386,ATOLL
ISS035-E-6461,ATOLL
ISS035-E-6463,ATOLL
ISS037-E-20431,ATOLL
ISS037-E-20432,ATOLL
ISS037-E-20433,ATOLL
ISS037-E-20434,ATOLL
ISS037-E-20435,ATOLL
ISS037-E-20436,ATOLL
ISS037-E-20437,ATOLL
ISS037-E-20438,ATOLL
ISS037-E-20439,ATOLL
ISS037-E-20458,ATOLL
ISS037-E-20459,ATOLL
ISS037-E-20460,ATOLL
ISS037-E-20461,ATOLL
ISS037-E-20462,ATOLL
ISS037-E-20463,ATOLL
ISS037-E-20464,ATOLL
ISS037-E-20465,ATOLL
ISS037-E-20466,ATOLL
ISS037-E-20467,ATOLL
ISS037-E-20468,ATOLL
ISS037-E-20469,ATOLL
ISS037-E-20470,ATOLL
ISS037-E-20471,ATOLL
ISS037-E-4333,ATOLL
ISS037-E-4334,ATOLL
ISS037-E-4335,ATOLL
ISS037-E-4336,ATOLL
ISS037-E-4337,ATOLL
ISS037-E-4338,ATOLL
ISS039-E-1543,ATOLL
ISS039-E-1544,ATOLL
ISS039-E-1545,ATOLL
ISS039-E-4328,ATOLL
ISS039-E-5870,ATOLL
ISS039-E-5871,ATOLL
ISS039-E-5872,ATOLL
ISS039-E-5873,ATOLL
ISS039-E-5874,ATOLL
ISS040-E-125332,ATOLL
ISS040-E-125333,ATOLL
ISS040-E-125334,ATOLL
ISS040-E-125335,ATOLL
ISS040-E-125336,ATOLL
ISS040-E-125337,ATOLL
ISS040-E-125342,ATOLL
ISS040-E-125343,ATOLL
ISS040-E-125344,ATOLL
ISS040-E-125345,ATOLL
ISS040-E-140395,ATOLL
ISS040-E-140396,ATOLL
ISS040-E-140530,ATOLL
ISS040-E-140531,ATOLL
ISS040-E-140532,ATOLL
ISS040-E-140533,ATOLL
ISS040-E-140534,ATOLL
ISS040-E-140535,ATOLL
ISS040-E-140536,ATOLL
ISS040-E-140537,ATOLL
ISS040-E-140538,ATOLL
ISS040-E-140539,ATOLL
ISS040-E-140540,ATOLL
ISS040-E-140541,ATOLL
ISS040-E-89338,ATOLL
ISS040-E-89339,ATOLL
ISS040-E-89340,ATOLL
ISS040-E-89342,ATOLL
ISS040-E-89343,ATOLL
ISS040-E-89344,ATOLL
ISS040-E-89446,ATOLL
ISS040-E-89447,ATOLL
ISS040-E-89448,ATOLL
ISS040-E-89451,ATOLL
ISS040-E-89452,ATOLL
ISS040-E-89453,ATOLL
ISS040-E-89454,ATOLL
ISS040-E-89455,ATOLL
ISS040-E-89456,ATOLL
ISS041-E-108468,ATOLL
ISS041-E-108469,ATOLL
ISS041-E-108470,ATOLL
ISS041-E-108471,ATOLL
ISS041-E-108472,ATOLL
ISS041-E-108488,ATOLL
ISS041-E-108489,ATOLL
ISS041-E-111081,ATOLL
ISS041-E-111082,ATOLL
ISS041-E-111083,ATOLL
ISS041-E-111084,ATOLL
ISS041-E-111085,ATOLL
ISS041-E-111174,ATOLL
ISS041-E-111175,ATOLL
ISS041-E-111176,ATOLL
ISS041-E-111177,ATOLL
ISS041-E-111178,ATOLL
ISS041-E-111179,ATOLL
ISS042-E-136562,ATOLL
ISS042-E-136563,ATOLL
ISS042-E-19157,ATOLL
ISS042-E-19158,ATOLL
ISS042-E-19206,ATOLL
ISS042-E-19207,ATOLL
ISS042-E-19209,ATOLL
ISS042-E-19210,ATOLL
ISS042-E-37615,ATOLL
ISS042-E-53543,ATOLL
ISS042-E-53544,ATOLL
ISS043-E-10503,ATOLL
ISS043-E-10504,ATOLL
ISS043-E-10505,ATOLL
ISS043-E-10506,ATOLL
ISS043-E-10507,ATOLL
ISS043-E-10508,ATOLL
ISS043-E-10509,ATOLL
ISS043-E-10510,ATOLL
ISS043-E-10511,ATOLL
ISS043-E-106618,ATOLL
ISS043-E-106619,ATOLL
ISS043-E-106620,ATOLL
ISS043-E-106621,ATOLL
ISS043-E-106622,ATOLL
ISS043-E-198457,ATOLL
ISS043-E-198458,ATOLL
ISS043-E-198459,ATOLL
ISS043-E-198460,ATOLL
ISS043-E-198461,ATOLL
ISS043-E-198462,ATOLL
ISS043-E-198463,ATOLL
ISS043-E-198464,ATOLL
ISS043-E-198465,ATOLL
ISS043-E-198472,ATOLL
ISS043-E-198473,ATOLL
ISS043-E-198474,ATOLL
ISS043-E-198475,ATOLL
ISS043-E-198476,ATOLL
ISS043-E-198477,ATOLL
ISS043-E-198499,ATOLL
ISS043-E-198500,ATOLL
ISS043-E-198501,ATOLL
ISS043-E-198502,ATOLL
ISS043-E-198503,ATOLL
ISS043-E-198504,ATOLL
ISS043-E-198505,ATOLL
ISS043-E-198506,ATOLL
ISS043-E-198507,ATOLL
ISS043-E-198508,ATOLL
ISS043-E-198509,ATOLL
ISS043-E-198510,ATOLL
ISS043-E-198511,ATOLL
ISS043-E-198512,ATOLL
ISS043-E-198513,ATOLL
ISS043-E-198514,ATOLL
ISS043-E-198515,ATOLL
ISS043-E-198516,ATOLL
ISS043-E-198517,ATOLL
ISS043-E-198518,ATOLL
ISS043-E-198519,ATOLL
ISS043-E-198520,ATOLL
ISS043-E-198521,ATOLL
ISS043-E-198522,ATOLL
ISS043-E-198523,ATOLL
ISS043-E-198524,ATOLL
ISS043-E-198525,ATOLL
ISS043-E-198532,ATOLL
ISS043-E-198533,ATOLL
ISS043-E-198534,ATOLL
ISS043-E-198535,ATOLL
ISS043-E-198536,ATOLL
ISS043-E-198537,ATOLL
ISS043-E-198541,ATOLL
ISS043-E-198542,ATOLL
ISS043-E-198543,ATOLL
ISS043-E-198544,ATOLL
ISS043-E-198545,ATOLL
ISS043-E-198546,ATOLL
ISS043-E-198547,ATOLL
ISS043-E-198548,ATOLL
ISS043-E-198549,ATOLL
ISS044-E-904,ATOLL
ISS044-E-905,ATOLL
ISS044-E-906,ATOLL
ISS044-E-907,ATOLL
ISS044-E-908,ATOLL
ISS044-E-909,ATOLL
ISS044-E-910,ATOLL
ISS044-E-911,ATOLL
ISS044-E-912,ATOLL
ISS045-E-28709,ATOLL
ISS045-E-28710,ATOLL
ISS045-E-28711,ATOLL
ISS045-E-28712,ATOLL
ISS045-E-28713,ATOLL
ISS045-E-32766,ATOLL
ISS045-E-32767,ATOLL
ISS045-E-32768,ATOLL
ISS045-E-32769,ATOLL
ISS045-E-32770,ATOLL
ISS045-E-32771,ATOLL
ISS045-E-453,ATOLL
ISS045-E-454,ATOLL
ISS045-E-455,ATOLL
ISS045-E-456,ATOLL
ISS045-E-457,ATOLL
ISS045-E-458,ATOLL
ISS045-E-459,ATOLL
ISS045-E-460,ATOLL
ISS045-E-461,ATOLL
ISS045-E-462,ATOLL
ISS045-E-463,ATOLL
ISS045-E-464,ATOLL
ISS045-E-74946,ATOLL
ISS045-E-74947,ATOLL
ISS046-E-39906,ATOLL
ISS046-E-39907,ATOLL
ISS046-E-39908,ATOLL
ISS046-E-39909,ATOLL
ISS046-E-39910,ATOLL
ISS046-E-39911,ATOLL
ISS046-E-39912,ATOLL
ISS046-E-39913,ATOLL
ISS046-E-43052,ATOLL
ISS046-E-43053,ATOLL
ISS046-E-43054,ATOLL
ISS046-E-43055,ATOLL
ISS046-E-43056,ATOLL
ISS047-E-2398,ATOLL
ISS047-E-2399,ATOLL
ISS047-E-2400,ATOLL
ISS047-E-2401,ATOLL
ISS047-E-2402,ATOLL
ISS047-E-2403,ATOLL
ISS047-E-2404,ATOLL
ISS047-E-2405,ATOLL
ISS047-E-2406,ATOLL
ISS047-E-2407,ATOLL
ISS047-E-2408,ATOLL
ISS047-E-2409,ATOLL
ISS047-E-2410,ATOLL
ISS047-E-2411,ATOLL
ISS047-E-2412,ATOLL
ISS047-E-2413,ATOLL
ISS047-E-2414,ATOLL
ISS047-E-2415,ATOLL
ISS047-E-2416,ATOLL
ISS047-E-2417,ATOLL
ISS047-E-2418,ATOLL
ISS047-E-2419,ATOLL
ISS047-E-2420,ATOLL
ISS047-E-2421,ATOLL
ISS047-E-2422,ATOLL
ISS047-E-2423,ATOLL
ISS047-E-2424,ATOLL
ISS047-E-2425,ATOLL
ISS047-E-2426,ATOLL
ISS047-E-3967,ATOLL
ISS047-E-3968,ATOLL
ISS047-E-3969,ATOLL
ISS047-E-3970,ATOLL
ISS047-E-3971,ATOLL
ISS047-E-3972,ATOLL
ISS047-E-6316,ATOLL
ISS047-E-6317,ATOLL
ISS047-E-6318,ATOLL
ISS047-E-6319,ATOLL
ISS047-E-6320,ATOLL
ISS047-E-6321,ATOLL
ISS047-E-6322,ATOLL
ISS047-E-6323,ATOLL
ISS047-E-6324,ATOLL
ISS047-E-6325,ATOLL
ISS047-E-6326,ATOLL
ISS047-E-6327,ATOLL
ISS047-E-6328,ATOLL
ISS047-E-6329,ATOLL
ISS047-E-6330,ATOLL
ISS047-E-6331,ATOLL
ISS047-E-6332,ATOLL
ISS047-E-6333,ATOLL
ISS047-E-6334,ATOLL
ISS048-E-72360,ATOLL
ISS048-E-72361,ATOLL
ISS048-E-72362,ATOLL
ISS048-E-72363,ATOLL
ISS048-E-72372,ATOLL
ISS048-E-72373,ATOLL
ISS048-E-72374,ATOLL
ISS048-E-72375,ATOLL
ISS049-E-10634,ATOLL
ISS049-E-10635,ATOLL
ISS049-E-10636,ATOLL
ISS049-E-10637,ATOLL
ISS049-E-1225,ATOLL
ISS049-E-2100,ATOLL
ISS049-E-2101,ATOLL
ISS049-E-30430,ATOLL
ISS049-E-30431,ATOLL
ISS049-E-36634,ATOLL
ISS049-E-36635,ATOLL
ISS049-E-36636,ATOLL
ISS049-E-6207,ATOLL
ISS049-E-6208,ATOLL
ISS049-E-6209,ATOLL
ISS049-E-6210,ATOLL
ISS049-E-6211,ATOLL
ISS049-E-8123,ATOLL
ISS049-E-8124,ATOLL
ISS049-E-8125,ATOLL
ISS050-E-14004,ATOLL
ISS050-E-14005,ATOLL
ISS050-E-15062,ATOLL
ISS050-E-15063,ATOLL
ISS050-E-15383,ATOLL
ISS050-E-15384,ATOLL
ISS050-E-20615,ATOLL
ISS050-E-20616,ATOLL
ISS050-E-20617,ATOLL
ISS050-E-20621,ATOLL
ISS050-E-20622,ATOLL
ISS050-E-20623,ATOLL
ISS050-E-30145,ATOLL
ISS050-E-30146,ATOLL
ISS050-E-30147,ATOLL
ISS050-E-30148,ATOLL
ISS050-E-30151,ATOLL
ISS050-E-30152,ATOLL
ISS050-E-30153,ATOLL
ISS050-E-38368,ATOLL
ISS050-E-38369,ATOLL
ISS050-E-38373,ATOLL
ISS050-E-39550,ATOLL
ISS050-E-39551,ATOLL
ISS050-E-39552,ATOLL
ISS050-E-39553,ATOLL
ISS050-E-39554,ATOLL
ISS050-E-39555,ATOLL
ISS050-E-39819,ATOLL
ISS050-E-39820,ATOLL
ISS050-E-39821,ATOLL
ISS050-E-39822,ATOLL
ISS050-E-52987,ATOLL
ISS050-E-58160,ATOLL
ISS050-E-58161,ATOLL
ISS050-E-58162,ATOLL
ISS050-E-58163,ATOLL
ISS050-E-58164,ATOLL
ISS050-E-58165,ATOLL
ISS050-E-58166,ATOLL
ISS050-E-877,ATOLL
ISS051-E-29830,ATOLL
ISS051-E-29831,ATOLL
ISS051-E-29832,ATOLL
ISS051-E-29833,ATOLL
ISS051-E-29834,ATOLL
ISS051-E-29835,ATOLL
ISS054-E-23435,ATOLL
ISS054-E-23436,ATOLL
ISS054-E-23437,ATOLL
ISS054-E-23438,ATOLL
ISS055-E-10095,ATOLL
ISS055-E-12548,ATOLL
ISS055-E-12549,ATOLL
ISS055-E-23569,ATOLL
ISS055-E-23570,ATOLL
ISS055-E-23700,ATOLL
ISS055-E-23701,ATOLL
ISS055-E-32156,ATOLL
ISS055-E-32157,ATOLL
ISS055-E-70101,ATOLL
ISS055-E-70102,ATOLL
ISS055-E-70103,ATOLL
ISS055-E-70104,ATOLL
ISS055-E-70107,ATOLL
ISS055-E-70108,ATOLL
ISS055-E-70109,ATOLL
ISS055-E-70564,ATOLL
ISS055-E-70565,ATOLL
ISS055-E-70566,ATOLL
ISS055-E-70567,ATOLL
ISS055-E-70568,ATOLL
ISS055-E-70569,ATOLL
ISS055-E-70570,ATOLL
ISS055-E-70571,ATOLL
ISS055-E-70585,ATOLL
ISS055-E-70586,ATOLL
ISS055-E-70587,ATOLL
ISS055-E-70588,ATOLL
ISS055-E-7498,ATOLL
ISS055-E-7499,ATOLL
ISS055-E-7500,ATOLL
ISS055-E-7501,ATOLL
ISS055-E-7502,ATOLL
ISS055-E-7503,ATOLL
ISS055-E-7504,ATOLL
ISS055-E-8177,ATOLL
ISS055-E-8178,ATOLL
ISS055-E-8179,ATOLL
ISS055-E-8180,ATOLL
ISS055-E-91985,ATOLL
ISS055-E-91986,ATOLL
ISS055-E-91987,ATOLL
ISS055-E-91988,ATOLL
ISS055-E-91989,ATOLL
ISS055-E-91990,ATOLL
ISS055-E-94932,ATOLL
ISS055-E-94933,ATOLL
ISS055-E-94934,ATOLL
ISS055-E-94935,ATOLL
ISS055-E-94936,ATOLL
ISS055-E-94937,ATOLL
ISS055-E-94938,ATOLL
ISS055-E-94939,ATOLL
ISS055-E-94940,ATOLL
ISS055-E-94941,ATOLL
ISS055-E-94942,ATOLL
ISS055-E-94943,ATOLL
NASA7-709-59,ATOLL
NASA7-709-60,ATOLL
NASA7-709-61,ATOLL
STS007-18-814,ATOLL
STS007-18-815,ATOLL
STS007-18-816,ATOLL
STS007-22-1126,ATOLL
STS007-22-1127,ATOLL
STS007-22-1128,ATOLL
STS008-32-741,ATOLL
STS008-32-742,ATOLL
STS008-32-743,ATOLL
STS008-32-744,ATOLL
STS008-32-745,ATOLL
STS008-36-1405,ATOLL
STS008-46-903,ATOLL
STS008-46-904,ATOLL
STS008-46-905,ATOLL
STS008-46-906,ATOLL
STS008-46-907,ATOLL
STS008-46-908,ATOLL
STS008-50-1788,ATOLL
STS008-50-1790,ATOLL
STS008-50-1791,ATOLL
STS008-50-1792,ATOLL
STS008-50-1793,ATOLL
STS008-50-1794,ATOLL
STS009-35-1528,ATOLL
STS009-35-1529,ATOLL
STS009-36-1626,ATOLL
STS009-36-1627,ATOLL
STS009-36-1628,ATOLL
STS009-36-1629,ATOLL
STS009-46-1826,ATOLL
STS009-46-1827,ATOLL
STS009-46-1828,ATOLL
STS009-46-1832,ATOLL
STS009-46-1854,ATOLL
STS009-46-1855,ATOLL
STS009-46-1856,ATOLL
STS009-46-1857,ATOLL
STS009-47-3074,ATOLL
STS026-31-87,ATOLL
STS026-31-87_2,ATOLL
STS030-84-44,ATOLL
STS033-76-44,ATOLL
STS033-76-46,ATOLL
STS033-76-47,ATOLL
STS033-76-48,ATOLL
STS033-76-49,ATOLL
STS033-76-51,ATOLL
STS035-72-81,ATOLL
STS035-72-82,ATOLL
STS035-72-83,ATOLL
STS038-75-50,ATOLL
STS038-75-51,ATOLL
STS038-86-57,ATOLL
STS038-87-105,ATOLL
STS038-87-106,ATOLL
STS039-94-46,ATOLL
STS044-74-47,ATOLL
STS044-74-48,ATOLL
STS044-74-49,ATOLL
STS044-83-106,ATOLL
STS044-94-78,ATOLL
STS045-85-27,ATOLL
STS046-100-1,ATOLL
STS046-100-10,ATOLL
STS046-100-2,ATOLL
STS046-100-5,ATOLL
STS046-83-97,ATOLL
STS047-85-71,ATOLL
STS048-71-21,ATOLL
STS048-71-22,ATOLL
STS048-71-23,ATOLL
STS049-152-15,ATOLL
STS049-152-16,ATOLL
STS049-152-17,ATOLL
STS049-152-18,ATOLL
STS049-152-19,ATOLL
STS049-152-20,ATOLL
STS049-152-21,ATOLL
STS049-152-26,ATOLL
STS050-112-78,ATOLL
STS050-73-87,ATOLL
STS050-73-88,ATOLL
STS050-73-89,ATOLL
STS050-74-40,ATOLL
STS050-74-41,ATOLL
STS050-74-42,ATOLL
STS050-74-45,ATOLL
STS050-74-46,ATOLL
STS052-24-36,ATOLL
STS052-24-37,ATOLL
STS052-95-45,ATOLL
STS055-73-H,ATOLL
STS055-73-J,ATOLL
STS055-73-K,ATOLL
STS055-81D-74,ATOLL
STS055-81D-75,ATOLL
STS055-92-3,ATOLL
STS056-104-3,ATOLL
STS056-104-5,ATOLL
STS056-104-8,ATOLL
STS056-104-9,ATOLL
STS056-71-54,ATOLL
STS056-95-23,ATOLL
STS056-95-24,ATOLL
STS056-95-25,ATOLL
STS056-95-26,ATOLL
STS056-95-27,ATOLL
STS059-236-104,ATOLL
STS059-74-15,ATOLL
STS059-74-16,ATOLL
STS060-82-29,ATOLL
STS061-89-55,ATOLL
STS061-89-81,ATOLL
STS061-89-82,ATOLL
STS061-92-55,ATOLL
STS062-98-19,ATOLL
STS064-82-21,ATOLL
STS064-82-22,ATOLL
STS067-710A-44,ATOLL
STS067-710A-45,ATOLL
STS067-714-51,ATOLL
STS067-714-52,ATOLL
STS067-719-20,ATOLL
STS067-719-21,ATOLL
STS067-719-22,ATOLL
STS067-719-26,ATOLL
STS067-719-27,ATOLL
STS067-719-28,ATOLL
STS067-719-30,ATOLL
STS067-729-38,ATOLL
STS067-729-39,ATOLL
STS067-730A-24,ATOLL
STS068-205-75,ATOLL
STS068-208-58,ATOLL
STS068-208-59,ATOLL
STS068-217-59,ATOLL
STS069-707-30,ATOLL
STS069-707-31,ATOLL
STS069-726-34,ATOLL
STS070-712-10,ATOLL
STS070-712-11,ATOLL
STS070-712-6,ATOLL
STS070-712-7,ATOLL
STS070-712-8,ATOLL
STS070-712-9,ATOLL
STS075-751-22,ATOLL
STS077-706-10,ATOLL
STS077-706-11,ATOLL
STS077-706-8,ATOLL
STS077-706-9,ATOLL
STS077-741-72,ATOLL
STS077-741-73,ATOLL
STS077-741-74,ATOLL
STS077-741-75,ATOLL
STS077-741-76,ATOLL
STS077-741-77,ATOLL
STS077-741-79,ATOLL
STS077-741-80,ATOLL
STS077-741-81,ATOLL
STS081-E-5863,ATOLL
STS081-E-5864,ATOLL
STS088-738-4,ATOLL
STS088-738-5,ATOLL
STS092-386-10,ATOLL
STS092-386-12,ATOLL
STS092-386-13,ATOLL
STS092-386-14,ATOLL
STS092-386-8,ATOLL
STS092-386-9,ATOLL
STS092-719-23,ATOLL
STS092-719-24,ATOLL
STS092-719-25,ATOLL
STS092-719-26,ATOLL
STS092-719-27,ATOLL
STS092-719-28,ATOLL
STS093-709-57,ATOLL
STS093-709-58,ATOLL
STS093-709-80,ATOLL
STS093-709-81,ATOLL
STS093-709-82,ATOLL
STS093-709-83,ATOLL
STS093-714-28,ATOLL
STS093-714-29,ATOLL
STS093-714-30,ATOLL
STS093-715-29,ATOLL
STS093-715-30,ATOLL
STS093-722-55,ATOLL
STS093-722-58,ATOLL
STS093-729-28,ATOLL
STS093-729-29,ATOLL
STS098-304-3,ATOLL
STS098-304-4,ATOLL
STS098-304-5,ATOLL
STS098-304-6,ATOLL
STS098-713-56,ATOLL
STS099-706-38,ATOLL
STS099-706-39,ATOLL
STS099-725-41,ATOLL
STS099-725-42,ATOLL
STS103-705-13,ATOLL
STS103-705-14,ATOLL
STS103-705-15,ATOLL
STS103-707-3,ATOLL
STS103-707-4,ATOLL
STS103-707-5,ATOLL
STS103-707-6,ATOLL
STS103-733-55,ATOLL
STS103-741-37,ATOLL
STS104-705-35,ATOLL
STS104-707-75,ATOLL
STS104-707-77,ATOLL
STS104-707-86,ATOLL
STS104-709-58,ATOLL
STS104-709-59,ATOLL
STS104-709-60,ATOLL
STS104-709-63,ATOLL
STS104-722-73,ATOLL
STS104-722-74,ATOLL
STS104-722-75,ATOLL
STS105-706-62,ATOLL
STS105-706-63,ATOLL
STS105-706-64,ATOLL
STS105-706-65,ATOLL
STS105-706-66,ATOLL
STS105-706-67,ATOLL
STS105-724-39,ATOLL
STS105-724-40,ATOLL
STS105-724-41,ATOLL
STS105-724-42,ATOLL
STS105-724-43,ATOLL
STS105-724-44,ATOLL
STS106-705-42,ATOLL
STS106-705-43,ATOLL
STS106-708-21,ATOLL
STS106-708-22,ATOLL
STS106-708-23,ATOLL
STS107-E-5469,ATOLL
STS107-E-5471,ATOLL
STS107-E-5472,ATOLL
STS107-E-5474,ATOLL
STS107-E-5475,ATOLL
STS108-702-19,ATOLL
STS108-702-20,ATOLL
STS108-702-21,ATOLL
STS108-702-22,ATOLL
STS108-702-23,ATOLL
STS108-702-24,ATOLL
STS108-702-25,ATOLL
STS108-702-26,ATOLL
STS108-702-27,ATOLL
STS108-702-28,ATOLL
STS108-724-65,ATOLL
STS108-724-66,ATOLL
STS108-724-67,ATOLL
STS109-724-65,ATOLL
STS109-724-66,ATOLL
STS109-724-67,ATOLL
STS110-702-70,ATOLL
STS110-702-71,ATOLL
STS110-702-72,ATOLL
STS110-702-73,ATOLL
STS110-702-74,ATOLL
STS110-702-75,ATOLL
STS110-702-76,ATOLL
STS110-702-77,ATOLL
STS110-702-78,ATOLL
STS111-703-50,ATOLL
STS111-719-67,ATOLL
STS111-719-68,ATOLL
STS111-719-69,ATOLL
STS111-719-70,ATOLL
STS111-719-72,ATOLL
STS111-719-73,ATOLL
STS111-719-76,ATOLL
STS112-718-2,ATOLL
STS112-718-3,ATOLL
STS112-718-4,ATOLL
STS113-355-11,ATOLL
STS113-701-10,ATOLL
STS113-701-11,ATOLL
STS113-701-9,ATOLL
STS113-715-30,ATOLL
STS113-715-31,ATOLL
STS113-715-32,ATOLL
STS113-715-33,ATOLL
STS113-715-34,ATOLL
STS113-715-35,ATOLL
STS113-715-36,ATOLL
STS113-715-37,ATOLL
STS113-715-38,ATOLL
STS113-715-39,ATOLL
STS113-715-40,ATOLL
STS113-715-41,ATOLL
STS119-E-10773,ATOLL
STS119-E-10774,ATOLL
STS119-E-10775,ATOLL
STS124-E-10477,ATOLL
STS124-E-10478,ATOLL
STS125-E-13809,ATOLL
STS127-E-11989,ATOLL
STS127-E-11990,ATOLL
STS127-E-11991,ATOLL
STS127-E-13138,ATOLL
STS127-E-13139,ATOLL
STS127-E-13140,ATOLL
STS128-E-10354,ATOLL
STS128-E-10355,ATOLL
STS128-E-10356,ATOLL
STS128-E-10837,ATOLL
STS128-E-10838,ATOLL
STS128-E-10846,ATOLL
STS128-E-10847,ATOLL
STS129-E-10197,ATOLL
STS129-E-10198,ATOLL
STS129-E-10199,ATOLL
STS129-E-10200,ATOLL
STS129-E-10201,ATOLL
STS129-E-10202,ATOLL
STS129-E-10203,ATOLL
STS129-E-10204,ATOLL
STS129-E-10205,ATOLL
STS129-E-10206,ATOLL
STS132-E-8818,ATOLL
STS133-E-10241,ATOLL
STS133-E-10242,ATOLL
STS133-E-10243,ATOLL
STS133-E-10249,ATOLL
STS133-E-10250,ATOLL
STS133-E-12521,ATOLL
STS133-E-12522,ATOLL
STS133-E-12537,ATOLL
STS133-E-12538,ATOLL
STS133-E-12539,ATOLL
STS133-E-12719,ATOLL
STS133-E-12720,ATOLL
STS133-E-12721,ATOLL
STS133-E-12722,ATOLL
STS133-E-12741,ATOLL
STS133-E-12742,ATOLL
STS133-E-12744,ATOLL
STS133-E-12745,ATOLL
STS133-E-12746,ATOLL
STS133-E-12747,ATOLL
STS133-E-12748,ATOLL
STS133-E-12749,ATOLL
STS133-E-12750,ATOLL
STS133-E-12751,ATOLL
STS133-E-12752,ATOLL
STS133-E-13785,ATOLL
STS133-E-13786,ATOLL
STS133-E-13787,ATOLL
STS133-E-13796,ATOLL
STS133-E-6267,ATOLL
STS133-E-6268,ATOLL
STS41B-33-1370,ATOLL
STS41B-33-1371,ATOLL
STS51B-147-74,ATOLL
STS61B-33-25,ATOLL
STS61C-39-72,ATOLL
STS61C-46-10,ATOLL
STS61C-46-11,ATOLL
STS61C-46-9,ATOLL
