ISS007-E-16853,BASIN
ISS007-E-16854,BASIN
ISS013-E-9952,BASIN
ISS013-E-9989,BASIN
ISS015-E-20896,BASIN
ISS018-E-16167,BASIN
ISS018-E-16168,BASIN
ISS018-E-16169,BASIN
ISS018-E-21054,BASIN
ISS020-E-35888,BASIN
ISS020-E-35889,BASIN
ISS020-E-35990,BASIN
ISS020-E-42428,BASIN
ISS020-E-42432,BASIN
ISS020-E-45861,BASIN
ISS020-E-45862,BASIN
ISS020-E-49758,BASIN
ISS021-E-23948,BASIN
ISS021-E-23949,BASIN
ISS021-E-24250,BASIN
ISS021-E-24251,BASIN
ISS021-E-24252,BASIN
ISS021-E-24253,BASIN
ISS021-E-25008,BASIN
ISS021-E-25009,BASIN
ISS022-E-10942,BASIN
ISS022-E-10945,BASIN
ISS022-E-10947,BASIN
ISS022-E-10948,BASIN
ISS022-E-44546,BASIN
ISS022-E-44547,BASIN
ISS022-E-44548,BASIN
ISS022-E-44549,BASIN
ISS022-E-44550,BASIN
ISS022-E-44551,BASIN
ISS022-E-44565,BASIN
ISS022-E-44566,BASIN
ISS022-E-44567,BASIN
ISS024-E-8377,BASIN
ISS024-E-8378,BASIN
ISS026-E-38826,BASIN
ISS026-E-38827,BASIN
ISS026-E-38828,BASIN
ISS026-E-38829,BASIN
ISS027-E-24363,BASIN
ISS027-E-24364,BASIN
ISS027-E-36975,BASIN
ISS027-E-36976,BASIN
ISS028-E-12165,BASIN
ISS029-E-13339,BASIN
ISS037-E-14391,BASIN
ISS039-E-13650,BASIN
ISS039-E-13651,BASIN
ISS040-E-54866,BASIN
ISS040-E-54867,BASIN
ISS040-E-81015,BASIN
ISS040-E-81016,BASIN
ISS040-E-81017,BASIN
ISS040-E-81018,BASIN
ISS041-E-100690,BASIN
ISS041-E-100691,BASIN
ISS041-E-100692,BASIN
ISS041-E-100693,BASIN
ISS041-E-100694,BASIN
ISS041-E-100695,BASIN
ISS042-E-16182,BASIN
ISS042-E-16183,BASIN
ISS042-E-16184,BASIN
ISS042-E-16185,BASIN
ISS042-E-16186,BASIN
ISS042-E-16187,BASIN
ISS042-E-16188,BASIN
ISS042-E-16189,BASIN
ISS042-E-16190,BASIN
ISS050-E-38879,BASIN
ISS050-E-38880,BASIN
ISS053-E-101061,BASIN
ISS053-E-101062,BASIN
ISS053-E-101063,BASIN
ISS053-E-101064,BASIN
ISS053-E-101065,BASIN
ISS053-E-101066,BASIN
ISS053-E-101067,BASIN
ISS053-E-101068,BASIN
ISS053-E-101069,BASIN
ISS053-E-101070,BASIN
ISS053-E-101071,BASIN
ISS053-E-101072,BASIN
ISS053-E-101073,BASIN
ISS053-E-101074,BASIN
ISS053-E-101075,BASIN
ISS053-E-101076,BASIN
ISS053-E-101077,BASIN
ISS053-E-101078,BASIN
ISS053-E-101079,BASIN
ISS053-E-101080,BASIN
ISS053-E-101081,BASIN
ISS053-E-101082,BASIN
ISS053-E-101083,BASIN
ISS053-E-101084,BASIN
NASA7-709-68,BASIN
NASA7-709-69,BASIN
NASA7-709-70,BASIN
