ISS004-E-6025,BAY
ISS005-E-17820,BAY
ISS013-E-14126,BAY
ISS013-E-83106,BAY
ISS013-E-86023,BAY
ISS013-E-86024,BAY
ISS013-E-86093,BAY
ISS013-E-86094,BAY
ISS020-E-29914,BAY
ISS020-E-29915,BAY
ISS020-E-29919,BAY
ISS020-E-44033,BAY
ISS020-E-45828,BAY
ISS020-E-45829,BAY
ISS022-E-99773,BAY
ISS022-E-99774,BAY
ISS022-E-99775,BAY
ISS026-E-7321,BAY
ISS026-E-7322,BAY
ISS026-E-7323,BAY
ISS026-E-7324,BAY
ISS031-E-11993,BAY
ISS032-E-6109,BAY
ISS032-E-6110,BAY
ISS032-E-6111,BAY
ISS032-E-6112,BAY
ISS032-E-6113,BAY
ISS032-E-6114,BAY
ISS032-E-7456,BAY
ISS032-E-7457,BAY
ISS032-E-7461,BAY
ISS032-E-7462,BAY
ISS032-E-7482,BAY
ISS034-E-12317,BAY
ISS034-E-14302,BAY
ISS034-E-14303,BAY
ISS034-E-14304,BAY
ISS039-E-19958,BAY
ISS039-E-19959,BAY
ISS039-E-20392,BAY
ISS039-E-20393,BAY
ISS039-E-5216,BAY
ISS039-E-5217,BAY
ISS040-E-8538,BAY
ISS047-E-4021,BAY
ISS047-E-4022,BAY
ISS047-E-4023,BAY
ISS047-E-4024,BAY
ISS047-E-4025,BAY
ISS047-E-4026,BAY
ISS047-E-4027,BAY
ISS047-E-4028,BAY
ISS047-E-4029,BAY
ISS047-E-4030,BAY
ISS047-E-4031,BAY
ISS047-E-4032,BAY
ISS047-E-4033,BAY
ISS047-E-4034,BAY
ISS047-E-4035,BAY
ISS049-E-41410,BAY
ISS049-E-41411,BAY
ISS049-E-41412,BAY
ISS049-E-41413,BAY
ISS049-E-41414,BAY
ISS049-E-41415,BAY
ISS049-E-41416,BAY
ISS049-E-5813,BAY
ISS049-E-5814,BAY
ISS049-E-5815,BAY
ISS049-E-5816,BAY
ISS049-E-5817,BAY
ISS049-E-5818,BAY
ISS049-E-5819,BAY
ISS049-E-5820,BAY
ISS049-E-5821,BAY
ISS050-E-29169,BAY
ISS050-E-29170,BAY
ISS050-E-29171,BAY
ISS050-E-30022,BAY
ISS050-E-30023,BAY
STS112-E-6305,BAY
STS112-E-6306,BAY
