AS09-21-3259,IRREGULAR_MESA
AS09-21-3260,IRREGULAR_MESA
AS09-21-3261,IRREGULAR_MESA
AS09-22-3389,IRREGULAR_MESA
AS09-22-3400,IRREGULAR_MESA
ISS002-342-31,IRREGULAR_MESA
ISS002-342-32,IRREGULAR_MESA
ISS002-342-33,IRREGULAR_MESA
ISS002-373-4,IRREGULAR_MESA
ISS002-706-74,IRREGULAR_MESA
ISS002-706-75,IRREGULAR_MESA
ISS002-706-76,IRREGULAR_MESA
ISS002-707-1,IRREGULAR_MESA
ISS002-714-55,IRREGULAR_MESA
ISS002-722-74,IRREGULAR_MESA
ISS002-722-75,IRREGULAR_MESA
ISS002-722-76,IRREGULAR_MESA
ISS002-731-20,IRREGULAR_MESA
ISS002-731-21,IRREGULAR_MESA
ISS002-E-7986,IRREGULAR_MESA
ISS005-E-5664,IRREGULAR_MESA
ISS006-E-10720,IRREGULAR_MESA
ISS006-E-10721,IRREGULAR_MESA
ISS006-E-10722,IRREGULAR_MESA
ISS006-E-10723,IRREGULAR_MESA
ISS006-E-10728,IRREGULAR_MESA
ISS006-E-12911,IRREGULAR_MESA
ISS006-E-12912,IRREGULAR_MESA
ISS006-E-14755,IRREGULAR_MESA
ISS006-E-23452,IRREGULAR_MESA
ISS006-E-25953,IRREGULAR_MESA
ISS006-E-25954,IRREGULAR_MESA
ISS006-E-25955,IRREGULAR_MESA
ISS006-E-25956,IRREGULAR_MESA
ISS006-E-25957,IRREGULAR_MESA
ISS006-E-32876,IRREGULAR_MESA
ISS006-E-33915,IRREGULAR_MESA
ISS007-E-10140,IRREGULAR_MESA
ISS007-E-10141,IRREGULAR_MESA
ISS007-E-11541,IRREGULAR_MESA
ISS007-E-12172,IRREGULAR_MESA
ISS007-E-15146,IRREGULAR_MESA
ISS007-E-7154,IRREGULAR_MESA
ISS007-E-7155,IRREGULAR_MESA
ISS007-E-7156,IRREGULAR_MESA
ISS007-E-7157,IRREGULAR_MESA
ISS007-E-7158,IRREGULAR_MESA
ISS007-E-7159,IRREGULAR_MESA
ISS007-E-7666,IRREGULAR_MESA
ISS007-E-7667,IRREGULAR_MESA
ISS007-E-7669,IRREGULAR_MESA
ISS007-E-9941,IRREGULAR_MESA
ISS008-E-17080,IRREGULAR_MESA
ISS008-E-17081,IRREGULAR_MESA
ISS008-E-17082,IRREGULAR_MESA
ISS008-E-17083,IRREGULAR_MESA
ISS008-E-5593,IRREGULAR_MESA
ISS009-E-12827,IRREGULAR_MESA
ISS009-E-13837,IRREGULAR_MESA
ISS009-E-5651,IRREGULAR_MESA
ISS009-E-5659,IRREGULAR_MESA
ISS009-E-5660,IRREGULAR_MESA
ISS009-E-9195,IRREGULAR_MESA
ISS009-E-9196,IRREGULAR_MESA
ISS010-E-24215,IRREGULAR_MESA
ISS010-E-5175,IRREGULAR_MESA
ISS011-E-11551,IRREGULAR_MESA
ISS011-E-13309,IRREGULAR_MESA
ISS011-E-13768,IRREGULAR_MESA
ISS011-E-6741,IRREGULAR_MESA
ISS011-E-6742,IRREGULAR_MESA
ISS011-E-6743,IRREGULAR_MESA
ISS011-E-6744,IRREGULAR_MESA
ISS011-E-6745,IRREGULAR_MESA
ISS011-E-6746,IRREGULAR_MESA
ISS011-E-6963,IRREGULAR_MESA
ISS011-E-6964,IRREGULAR_MESA
ISS011-E-6971,IRREGULAR_MESA
ISS011-E-8403,IRREGULAR_MESA
ISS011-E-8404,IRREGULAR_MESA
ISS011-E-9336,IRREGULAR_MESA
ISS011-E-9337,IRREGULAR_MESA
ISS012-E-10461,IRREGULAR_MESA
ISS012-E-11951,IRREGULAR_MESA
ISS012-E-14363,IRREGULAR_MESA
ISS012-E-14364,IRREGULAR_MESA
ISS012-E-15130,IRREGULAR_MESA
ISS012-E-16690,IRREGULAR_MESA
ISS012-E-19656,IRREGULAR_MESA
ISS012-E-19657,IRREGULAR_MESA
ISS012-E-19658,IRREGULAR_MESA
ISS012-E-19659,IRREGULAR_MESA
ISS012-E-19674,IRREGULAR_MESA
ISS012-E-19675,IRREGULAR_MESA
ISS012-E-19676,IRREGULAR_MESA
ISS012-E-19677,IRREGULAR_MESA
ISS012-E-19678,IRREGULAR_MESA
ISS012-E-5181,IRREGULAR_MESA
ISS012-E-5182,IRREGULAR_MESA
ISS012-E-5183,IRREGULAR_MESA
ISS012-E-6972,IRREGULAR_MESA
ISS012-E-6973,IRREGULAR_MESA
ISS012-E-6974,IRREGULAR_MESA
ISS012-E-6984,IRREGULAR_MESA
ISS012-E-6985,IRREGULAR_MESA
ISS012-E-6986,IRREGULAR_MESA
ISS012-E-7212,IRREGULAR_MESA
ISS012-E-7213,IRREGULAR_MESA
ISS012-E-7214,IRREGULAR_MESA
ISS012-E-7215,IRREGULAR_MESA
ISS012-E-7216,IRREGULAR_MESA
ISS012-E-7217,IRREGULAR_MESA
ISS012-E-7218,IRREGULAR_MESA
ISS012-E-7219,IRREGULAR_MESA
ISS012-E-7220,IRREGULAR_MESA
ISS012-E-7221,IRREGULAR_MESA
ISS012-E-7222,IRREGULAR_MESA
ISS012-E-7223,IRREGULAR_MESA
ISS012-E-7224,IRREGULAR_MESA
ISS012-E-7225,IRREGULAR_MESA
ISS012-E-7226,IRREGULAR_MESA
ISS012-E-7227,IRREGULAR_MESA
ISS012-E-7228,IRREGULAR_MESA
ISS012-E-7229,IRREGULAR_MESA
ISS012-E-7553,IRREGULAR_MESA
ISS012-E-7554,IRREGULAR_MESA
ISS012-E-7555,IRREGULAR_MESA
ISS012-E-7556,IRREGULAR_MESA
ISS012-E-7557,IRREGULAR_MESA
ISS012-E-7558,IRREGULAR_MESA
ISS012-E-7559,IRREGULAR_MESA
ISS012-E-7560,IRREGULAR_MESA
ISS012-E-7561,IRREGULAR_MESA
ISS013-E-11003,IRREGULAR_MESA
ISS013-E-11004,IRREGULAR_MESA
ISS013-E-11005,IRREGULAR_MESA
ISS013-E-11006,IRREGULAR_MESA
ISS013-E-11007,IRREGULAR_MESA
ISS013-E-11008,IRREGULAR_MESA
ISS013-E-11009,IRREGULAR_MESA
ISS013-E-11010,IRREGULAR_MESA
ISS013-E-11011,IRREGULAR_MESA
ISS013-E-11012,IRREGULAR_MESA
ISS013-E-11013,IRREGULAR_MESA
ISS013-E-11014,IRREGULAR_MESA
ISS013-E-11015,IRREGULAR_MESA
ISS013-E-14151,IRREGULAR_MESA
ISS013-E-14152,IRREGULAR_MESA
ISS013-E-14153,IRREGULAR_MESA
ISS013-E-14701,IRREGULAR_MESA
ISS013-E-14702,IRREGULAR_MESA
ISS013-E-14703,IRREGULAR_MESA
ISS013-E-14704,IRREGULAR_MESA
ISS013-E-14705,IRREGULAR_MESA
ISS013-E-14706,IRREGULAR_MESA
ISS013-E-14707,IRREGULAR_MESA
ISS013-E-14808,IRREGULAR_MESA
ISS013-E-14809,IRREGULAR_MESA
ISS013-E-14810,IRREGULAR_MESA
ISS013-E-14811,IRREGULAR_MESA
ISS013-E-16427,IRREGULAR_MESA
ISS013-E-16428,IRREGULAR_MESA
ISS013-E-16429,IRREGULAR_MESA
ISS013-E-16430,IRREGULAR_MESA
ISS013-E-16431,IRREGULAR_MESA
ISS013-E-16432,IRREGULAR_MESA
ISS013-E-16433,IRREGULAR_MESA
ISS013-E-16619,IRREGULAR_MESA
ISS013-E-16623,IRREGULAR_MESA
ISS013-E-17382,IRREGULAR_MESA
ISS013-E-17399,IRREGULAR_MESA
ISS013-E-17402,IRREGULAR_MESA
ISS013-E-18367,IRREGULAR_MESA
ISS013-E-18368,IRREGULAR_MESA
ISS013-E-18369,IRREGULAR_MESA
ISS013-E-18371,IRREGULAR_MESA
ISS013-E-18372,IRREGULAR_MESA
ISS013-E-18377,IRREGULAR_MESA
ISS013-E-18378,IRREGULAR_MESA
ISS013-E-18379,IRREGULAR_MESA
ISS013-E-20983,IRREGULAR_MESA
ISS013-E-20984,IRREGULAR_MESA
ISS013-E-21232,IRREGULAR_MESA
ISS013-E-21233,IRREGULAR_MESA
ISS013-E-21234,IRREGULAR_MESA
ISS013-E-21235,IRREGULAR_MESA
ISS013-E-21241,IRREGULAR_MESA
ISS013-E-29246,IRREGULAR_MESA
ISS013-E-30151,IRREGULAR_MESA
ISS013-E-30179,IRREGULAR_MESA
ISS013-E-39685,IRREGULAR_MESA
ISS013-E-39686,IRREGULAR_MESA
ISS013-E-39687,IRREGULAR_MESA
ISS013-E-63770,IRREGULAR_MESA
ISS013-E-65315,IRREGULAR_MESA
ISS013-E-65316,IRREGULAR_MESA
ISS013-E-68148,IRREGULAR_MESA
ISS013-E-69306,IRREGULAR_MESA
ISS013-E-69308,IRREGULAR_MESA
ISS013-E-69309,IRREGULAR_MESA
ISS013-E-73315,IRREGULAR_MESA
ISS013-E-73316,IRREGULAR_MESA
ISS013-E-78118,IRREGULAR_MESA
ISS013-E-78119,IRREGULAR_MESA
ISS013-E-78120,IRREGULAR_MESA
ISS013-E-78121,IRREGULAR_MESA
ISS013-E-78122,IRREGULAR_MESA
ISS013-E-78123,IRREGULAR_MESA
ISS013-E-78124,IRREGULAR_MESA
ISS013-E-78126,IRREGULAR_MESA
ISS013-E-81068,IRREGULAR_MESA
ISS013-E-81069,IRREGULAR_MESA
ISS013-E-81070,IRREGULAR_MESA
ISS013-E-81072,IRREGULAR_MESA
ISS013-E-81073,IRREGULAR_MESA
ISS013-E-81076,IRREGULAR_MESA
ISS013-E-82540,IRREGULAR_MESA
ISS013-E-82541,IRREGULAR_MESA
ISS013-E-82542,IRREGULAR_MESA
ISS013-E-82543,IRREGULAR_MESA
ISS014-E-12869,IRREGULAR_MESA
ISS014-E-12929,IRREGULAR_MESA
ISS014-E-14801,IRREGULAR_MESA
ISS014-E-15091,IRREGULAR_MESA
ISS014-E-15092,IRREGULAR_MESA
ISS014-E-16677,IRREGULAR_MESA
ISS014-E-18201,IRREGULAR_MESA
ISS014-E-6172,IRREGULAR_MESA
ISS014-E-6646,IRREGULAR_MESA
ISS014-E-6650,IRREGULAR_MESA
ISS014-E-6657,IRREGULAR_MESA
ISS014-E-6875,IRREGULAR_MESA
ISS014-E-7659,IRREGULAR_MESA
ISS014-E-7725,IRREGULAR_MESA
ISS014-E-7726,IRREGULAR_MESA
ISS014-E-7911,IRREGULAR_MESA
ISS014-E-7912,IRREGULAR_MESA
ISS014-E-7913,IRREGULAR_MESA
ISS014-E-7914,IRREGULAR_MESA
ISS014-E-7918,IRREGULAR_MESA
ISS014-E-7919,IRREGULAR_MESA
ISS015-E-14258,IRREGULAR_MESA
ISS015-E-27100,IRREGULAR_MESA
ISS015-E-27101,IRREGULAR_MESA
ISS015-E-27188,IRREGULAR_MESA
ISS015-E-27189,IRREGULAR_MESA
ISS015-E-6121,IRREGULAR_MESA
ISS015-E-6400,IRREGULAR_MESA
ISS015-E-6974,IRREGULAR_MESA
ISS015-E-7210,IRREGULAR_MESA
ISS015-E-7211,IRREGULAR_MESA
ISS015-E-7603,IRREGULAR_MESA
ISS015-E-7703,IRREGULAR_MESA
ISS015-E-7716,IRREGULAR_MESA
ISS015-E-7717,IRREGULAR_MESA
ISS015-E-8103,IRREGULAR_MESA
ISS015-E-8104,IRREGULAR_MESA
ISS016-E-11174,IRREGULAR_MESA
ISS016-E-11175,IRREGULAR_MESA
ISS016-E-11176,IRREGULAR_MESA
ISS016-E-11177,IRREGULAR_MESA
ISS016-E-11178,IRREGULAR_MESA
ISS016-E-11179,IRREGULAR_MESA
ISS016-E-16294,IRREGULAR_MESA
ISS016-E-16295,IRREGULAR_MESA
ISS016-E-16296,IRREGULAR_MESA
ISS016-E-16304,IRREGULAR_MESA
ISS016-E-20214,IRREGULAR_MESA
ISS016-E-27370,IRREGULAR_MESA
ISS016-E-27372,IRREGULAR_MESA
ISS016-E-27380,IRREGULAR_MESA
ISS016-E-27381,IRREGULAR_MESA
ISS016-E-27382,IRREGULAR_MESA
ISS016-E-27417,IRREGULAR_MESA
ISS016-E-27419,IRREGULAR_MESA
ISS016-E-27420,IRREGULAR_MESA
ISS016-E-27421,IRREGULAR_MESA
ISS016-E-31886,IRREGULAR_MESA
ISS016-E-31887,IRREGULAR_MESA
ISS016-E-31896,IRREGULAR_MESA
ISS016-E-34029,IRREGULAR_MESA
ISS016-E-34030,IRREGULAR_MESA
ISS016-E-36597,IRREGULAR_MESA
ISS016-E-36599,IRREGULAR_MESA
ISS016-E-36600,IRREGULAR_MESA
ISS016-E-6966,IRREGULAR_MESA
ISS016-E-7444,IRREGULAR_MESA
ISS017-E-10250,IRREGULAR_MESA
ISS017-E-18063,IRREGULAR_MESA
ISS017-E-18064,IRREGULAR_MESA
ISS017-E-18878,IRREGULAR_MESA
ISS017-E-18925,IRREGULAR_MESA
ISS017-E-19038,IRREGULAR_MESA
ISS017-E-19039,IRREGULAR_MESA
ISS017-E-19040,IRREGULAR_MESA
ISS017-E-19041,IRREGULAR_MESA
ISS017-E-19042,IRREGULAR_MESA
ISS017-E-19043,IRREGULAR_MESA
ISS017-E-19044,IRREGULAR_MESA
ISS017-E-19045,IRREGULAR_MESA
ISS017-E-19046,IRREGULAR_MESA
ISS017-E-19047,IRREGULAR_MESA
ISS017-E-19184,IRREGULAR_MESA
ISS017-E-19467,IRREGULAR_MESA
ISS017-E-19472,IRREGULAR_MESA
ISS017-E-20513,IRREGULAR_MESA
ISS017-E-20514,IRREGULAR_MESA
ISS017-E-20515,IRREGULAR_MESA
ISS017-E-20516,IRREGULAR_MESA
ISS017-E-21048,IRREGULAR_MESA
ISS017-E-21049,IRREGULAR_MESA
ISS017-E-21066,IRREGULAR_MESA
ISS017-E-21068,IRREGULAR_MESA
ISS017-E-21198,IRREGULAR_MESA
ISS017-E-21221,IRREGULAR_MESA
ISS017-E-21222,IRREGULAR_MESA
ISS017-E-21223,IRREGULAR_MESA
ISS017-E-21224,IRREGULAR_MESA
ISS017-E-21225,IRREGULAR_MESA
ISS017-E-21226,IRREGULAR_MESA
ISS017-E-21227,IRREGULAR_MESA
ISS017-E-21228,IRREGULAR_MESA
ISS017-E-21229,IRREGULAR_MESA
ISS017-E-21230,IRREGULAR_MESA
ISS017-E-21231,IRREGULAR_MESA
ISS017-E-21232,IRREGULAR_MESA
ISS017-E-21233,IRREGULAR_MESA
ISS017-E-21234,IRREGULAR_MESA
ISS017-E-21235,IRREGULAR_MESA
ISS017-E-21236,IRREGULAR_MESA
ISS017-E-21237,IRREGULAR_MESA
ISS017-E-21238,IRREGULAR_MESA
ISS017-E-21239,IRREGULAR_MESA
ISS017-E-21240,IRREGULAR_MESA
ISS017-E-21241,IRREGULAR_MESA
ISS017-E-21242,IRREGULAR_MESA
ISS017-E-21243,IRREGULAR_MESA
ISS017-E-21244,IRREGULAR_MESA
ISS017-E-21245,IRREGULAR_MESA
ISS017-E-21246,IRREGULAR_MESA
ISS017-E-21247,IRREGULAR_MESA
ISS017-E-21248,IRREGULAR_MESA
ISS017-E-21249,IRREGULAR_MESA
ISS017-E-21250,IRREGULAR_MESA
ISS017-E-21251,IRREGULAR_MESA
ISS017-E-21252,IRREGULAR_MESA
ISS017-E-21253,IRREGULAR_MESA
ISS017-E-21254,IRREGULAR_MESA
ISS017-E-21255,IRREGULAR_MESA
ISS017-E-21256,IRREGULAR_MESA
ISS017-E-21257,IRREGULAR_MESA
ISS017-E-21258,IRREGULAR_MESA
ISS017-E-21259,IRREGULAR_MESA
ISS017-E-21260,IRREGULAR_MESA
ISS017-E-21261,IRREGULAR_MESA
ISS017-E-21262,IRREGULAR_MESA
ISS017-E-21263,IRREGULAR_MESA
ISS017-E-21264,IRREGULAR_MESA
ISS017-E-21854,IRREGULAR_MESA
ISS017-E-21855,IRREGULAR_MESA
ISS017-E-21859,IRREGULAR_MESA
ISS017-E-22049,IRREGULAR_MESA
ISS017-E-22060,IRREGULAR_MESA
ISS017-E-22061,IRREGULAR_MESA
ISS017-E-22062,IRREGULAR_MESA
ISS017-E-22064,IRREGULAR_MESA
ISS017-E-5355,IRREGULAR_MESA
ISS017-E-6048,IRREGULAR_MESA
ISS017-E-6153,IRREGULAR_MESA
ISS017-E-6208,IRREGULAR_MESA
ISS017-E-6997,IRREGULAR_MESA
ISS017-E-7054,IRREGULAR_MESA
ISS017-E-7066,IRREGULAR_MESA
ISS017-E-7078,IRREGULAR_MESA
ISS017-E-7080,IRREGULAR_MESA
ISS017-E-7081,IRREGULAR_MESA
ISS017-E-7220,IRREGULAR_MESA
ISS017-E-7221,IRREGULAR_MESA
ISS017-E-7228,IRREGULAR_MESA
ISS017-E-7229,IRREGULAR_MESA
ISS017-E-7230,IRREGULAR_MESA
ISS017-E-7231,IRREGULAR_MESA
ISS017-E-7232,IRREGULAR_MESA
ISS017-E-7233,IRREGULAR_MESA
ISS017-E-7234,IRREGULAR_MESA
ISS017-E-7237,IRREGULAR_MESA
ISS017-E-7238,IRREGULAR_MESA
ISS017-E-7239,IRREGULAR_MESA
ISS017-E-7240,IRREGULAR_MESA
ISS018-E-10139,IRREGULAR_MESA
ISS018-E-10149,IRREGULAR_MESA
ISS018-E-10783,IRREGULAR_MESA
ISS018-E-10784,IRREGULAR_MESA
ISS018-E-11113,IRREGULAR_MESA
ISS018-E-11117,IRREGULAR_MESA
ISS018-E-11570,IRREGULAR_MESA
ISS018-E-14786,IRREGULAR_MESA
ISS018-E-14787,IRREGULAR_MESA
ISS018-E-27161,IRREGULAR_MESA
ISS018-E-27162,IRREGULAR_MESA
ISS018-E-27994,IRREGULAR_MESA
ISS018-E-27995,IRREGULAR_MESA
ISS018-E-28545,IRREGULAR_MESA
ISS018-E-28548,IRREGULAR_MESA
ISS018-E-28549,IRREGULAR_MESA
ISS018-E-28550,IRREGULAR_MESA
ISS018-E-30991,IRREGULAR_MESA
ISS018-E-30992,IRREGULAR_MESA
ISS018-E-30993,IRREGULAR_MESA
ISS018-E-30994,IRREGULAR_MESA
ISS018-E-30995,IRREGULAR_MESA
ISS018-E-30996,IRREGULAR_MESA
ISS018-E-30997,IRREGULAR_MESA
ISS018-E-30998,IRREGULAR_MESA
ISS018-E-30999,IRREGULAR_MESA
ISS018-E-31000,IRREGULAR_MESA
ISS018-E-31001,IRREGULAR_MESA
ISS018-E-31003,IRREGULAR_MESA
ISS018-E-31004,IRREGULAR_MESA
ISS018-E-42946,IRREGULAR_MESA
ISS018-E-42947,IRREGULAR_MESA
ISS018-E-42948,IRREGULAR_MESA
ISS018-E-42949,IRREGULAR_MESA
ISS018-E-45081,IRREGULAR_MESA
ISS018-E-5334,IRREGULAR_MESA
ISS018-E-5335,IRREGULAR_MESA
ISS018-E-5342,IRREGULAR_MESA
ISS018-E-5451,IRREGULAR_MESA
ISS018-E-5452,IRREGULAR_MESA
ISS018-E-5453,IRREGULAR_MESA
ISS018-E-5605,IRREGULAR_MESA
ISS018-E-5606,IRREGULAR_MESA
ISS018-E-5719,IRREGULAR_MESA
ISS018-E-5720,IRREGULAR_MESA
ISS018-E-5721,IRREGULAR_MESA
ISS018-E-5722,IRREGULAR_MESA
ISS018-E-5731,IRREGULAR_MESA
ISS018-E-6123,IRREGULAR_MESA
ISS018-E-6265,IRREGULAR_MESA
ISS018-E-6266,IRREGULAR_MESA
ISS018-E-6468,IRREGULAR_MESA
ISS018-E-6613,IRREGULAR_MESA
ISS018-E-6621,IRREGULAR_MESA
ISS018-E-6628,IRREGULAR_MESA
ISS018-E-6629,IRREGULAR_MESA
ISS018-E-6630,IRREGULAR_MESA
ISS018-E-6631,IRREGULAR_MESA
ISS018-E-6635,IRREGULAR_MESA
ISS019-E-21533,IRREGULAR_MESA
ISS019-E-22175,IRREGULAR_MESA
ISS019-E-22176,IRREGULAR_MESA
ISS020-E-11816,IRREGULAR_MESA
ISS020-E-11817,IRREGULAR_MESA
ISS020-E-11822,IRREGULAR_MESA
ISS020-E-14376,IRREGULAR_MESA
ISS020-E-14377,IRREGULAR_MESA
ISS020-E-14913,IRREGULAR_MESA
ISS020-E-15547,IRREGULAR_MESA
ISS020-E-15560,IRREGULAR_MESA
ISS020-E-18197,IRREGULAR_MESA
ISS020-E-21171,IRREGULAR_MESA
ISS020-E-32000,IRREGULAR_MESA
ISS020-E-32001,IRREGULAR_MESA
ISS020-E-32002,IRREGULAR_MESA
ISS020-E-32003,IRREGULAR_MESA
ISS020-E-32004,IRREGULAR_MESA
ISS020-E-32006,IRREGULAR_MESA
ISS020-E-32007,IRREGULAR_MESA
ISS020-E-32008,IRREGULAR_MESA
ISS020-E-33525,IRREGULAR_MESA
ISS020-E-33526,IRREGULAR_MESA
ISS020-E-41021,IRREGULAR_MESA
ISS020-E-41022,IRREGULAR_MESA
ISS020-E-41023,IRREGULAR_MESA
ISS020-E-41024,IRREGULAR_MESA
ISS020-E-41025,IRREGULAR_MESA
ISS020-E-41026,IRREGULAR_MESA
ISS020-E-41027,IRREGULAR_MESA
ISS020-E-42428,IRREGULAR_MESA
ISS020-E-42432,IRREGULAR_MESA
ISS020-E-7035,IRREGULAR_MESA
ISS020-E-7036,IRREGULAR_MESA
ISS020-E-7038,IRREGULAR_MESA
ISS020-E-9112,IRREGULAR_MESA
ISS020-E-9113,IRREGULAR_MESA
ISS020-E-9114,IRREGULAR_MESA
ISS020-E-9861,IRREGULAR_MESA
ISS020-E-9862,IRREGULAR_MESA
ISS020-E-9863,IRREGULAR_MESA
ISS021-E-25944,IRREGULAR_MESA
ISS021-E-25945,IRREGULAR_MESA
ISS021-E-25946,IRREGULAR_MESA
ISS021-E-25947,IRREGULAR_MESA
ISS021-E-6604,IRREGULAR_MESA
ISS021-E-7671,IRREGULAR_MESA
ISS021-E-7675,IRREGULAR_MESA
ISS021-E-8838,IRREGULAR_MESA
ISS021-E-8839,IRREGULAR_MESA
ISS021-E-8840,IRREGULAR_MESA
ISS021-E-8841,IRREGULAR_MESA
ISS021-E-8842,IRREGULAR_MESA
ISS021-E-8843,IRREGULAR_MESA
ISS021-E-8844,IRREGULAR_MESA
ISS022-E-10918,IRREGULAR_MESA
ISS022-E-10943,IRREGULAR_MESA
ISS022-E-10944,IRREGULAR_MESA
ISS022-E-10946,IRREGULAR_MESA
ISS022-E-10950,IRREGULAR_MESA
ISS022-E-10951,IRREGULAR_MESA
ISS022-E-10952,IRREGULAR_MESA
ISS022-E-27343,IRREGULAR_MESA
ISS022-E-27511,IRREGULAR_MESA
ISS022-E-27512,IRREGULAR_MESA
ISS022-E-27513,IRREGULAR_MESA
ISS022-E-27517,IRREGULAR_MESA
ISS022-E-27518,IRREGULAR_MESA
ISS022-E-27519,IRREGULAR_MESA
ISS022-E-27520,IRREGULAR_MESA
ISS022-E-27528,IRREGULAR_MESA
ISS022-E-27529,IRREGULAR_MESA
ISS022-E-29341,IRREGULAR_MESA
ISS022-E-29342,IRREGULAR_MESA
ISS022-E-29343,IRREGULAR_MESA
ISS022-E-29344,IRREGULAR_MESA
ISS022-E-29345,IRREGULAR_MESA
ISS022-E-35545,IRREGULAR_MESA
ISS022-E-35546,IRREGULAR_MESA
ISS022-E-35547,IRREGULAR_MESA
ISS022-E-35551,IRREGULAR_MESA
ISS022-E-35552,IRREGULAR_MESA
ISS022-E-5256,IRREGULAR_MESA
ISS022-E-5257,IRREGULAR_MESA
ISS022-E-5258,IRREGULAR_MESA
ISS022-E-5259,IRREGULAR_MESA
ISS022-E-5260,IRREGULAR_MESA
ISS022-E-5261,IRREGULAR_MESA
ISS022-E-5262,IRREGULAR_MESA
ISS022-E-5263,IRREGULAR_MESA
ISS022-E-5265,IRREGULAR_MESA
ISS022-E-5266,IRREGULAR_MESA
ISS022-E-5268,IRREGULAR_MESA
ISS022-E-5269,IRREGULAR_MESA
ISS022-E-5270,IRREGULAR_MESA
ISS022-E-5271,IRREGULAR_MESA
ISS022-E-5272,IRREGULAR_MESA
ISS022-E-5273,IRREGULAR_MESA
ISS022-E-5274,IRREGULAR_MESA
ISS022-E-5275,IRREGULAR_MESA
ISS022-E-5276,IRREGULAR_MESA
ISS022-E-5277,IRREGULAR_MESA
ISS022-E-5278,IRREGULAR_MESA
ISS022-E-5279,IRREGULAR_MESA
ISS022-E-5280,IRREGULAR_MESA
ISS022-E-5281,IRREGULAR_MESA
ISS022-E-5282,IRREGULAR_MESA
ISS022-E-5283,IRREGULAR_MESA
ISS022-E-5284,IRREGULAR_MESA
ISS022-E-5285,IRREGULAR_MESA
ISS022-E-5286,IRREGULAR_MESA
ISS022-E-5287,IRREGULAR_MESA
ISS022-E-5288,IRREGULAR_MESA
ISS022-E-5289,IRREGULAR_MESA
ISS022-E-5290,IRREGULAR_MESA
ISS022-E-5365,IRREGULAR_MESA
ISS022-E-5366,IRREGULAR_MESA
ISS022-E-5367,IRREGULAR_MESA
ISS022-E-6385,IRREGULAR_MESA
ISS022-E-6386,IRREGULAR_MESA
ISS022-E-6389,IRREGULAR_MESA
ISS022-E-6390,IRREGULAR_MESA
ISS022-E-6732,IRREGULAR_MESA
ISS022-E-6737,IRREGULAR_MESA
ISS022-E-6738,IRREGULAR_MESA
ISS022-E-6739,IRREGULAR_MESA
ISS022-E-6740,IRREGULAR_MESA
ISS022-E-6741,IRREGULAR_MESA
ISS022-E-6743,IRREGULAR_MESA
ISS022-E-6744,IRREGULAR_MESA
ISS022-E-6750,IRREGULAR_MESA
ISS022-E-6751,IRREGULAR_MESA
ISS022-E-6757,IRREGULAR_MESA
ISS022-E-6758,IRREGULAR_MESA
ISS022-E-6759,IRREGULAR_MESA
ISS022-E-6760,IRREGULAR_MESA
ISS022-E-6761,IRREGULAR_MESA
ISS022-E-6762,IRREGULAR_MESA
ISS022-E-6763,IRREGULAR_MESA
ISS022-E-6764,IRREGULAR_MESA
ISS022-E-6765,IRREGULAR_MESA
ISS022-E-6854,IRREGULAR_MESA
ISS022-E-8256,IRREGULAR_MESA
ISS022-E-8258,IRREGULAR_MESA
ISS023-E-5082,IRREGULAR_MESA
ISS023-E-5083,IRREGULAR_MESA
ISS024-E-12740,IRREGULAR_MESA
ISS024-E-12741,IRREGULAR_MESA
ISS024-E-12742,IRREGULAR_MESA
ISS024-E-12743,IRREGULAR_MESA
ISS024-E-12744,IRREGULAR_MESA
ISS024-E-12745,IRREGULAR_MESA
ISS024-E-12746,IRREGULAR_MESA
ISS024-E-12747,IRREGULAR_MESA
ISS024-E-12748,IRREGULAR_MESA
ISS024-E-8377,IRREGULAR_MESA
ISS024-E-8378,IRREGULAR_MESA
ISS024-E-8459,IRREGULAR_MESA
ISS024-E-8460,IRREGULAR_MESA
ISS025-E-6129,IRREGULAR_MESA
ISS025-E-6130,IRREGULAR_MESA
ISS025-E-6131,IRREGULAR_MESA
ISS026-E-15654,IRREGULAR_MESA
ISS026-E-15655,IRREGULAR_MESA
ISS026-E-15656,IRREGULAR_MESA
ISS026-E-15657,IRREGULAR_MESA
ISS026-E-15658,IRREGULAR_MESA
ISS026-E-15659,IRREGULAR_MESA
ISS026-E-16038,IRREGULAR_MESA
ISS026-E-16039,IRREGULAR_MESA
ISS026-E-16040,IRREGULAR_MESA
ISS026-E-16041,IRREGULAR_MESA
ISS026-E-16042,IRREGULAR_MESA
ISS026-E-16043,IRREGULAR_MESA
ISS026-E-16044,IRREGULAR_MESA
ISS026-E-16045,IRREGULAR_MESA
ISS026-E-16046,IRREGULAR_MESA
ISS026-E-16047,IRREGULAR_MESA
ISS026-E-16048,IRREGULAR_MESA
ISS026-E-16056,IRREGULAR_MESA
ISS026-E-16057,IRREGULAR_MESA
ISS026-E-16058,IRREGULAR_MESA
ISS026-E-6413,IRREGULAR_MESA
ISS026-E-7309,IRREGULAR_MESA
ISS026-E-7310,IRREGULAR_MESA
ISS027-E-5183,IRREGULAR_MESA
ISS027-E-5184,IRREGULAR_MESA
ISS027-E-7964,IRREGULAR_MESA
ISS027-E-7965,IRREGULAR_MESA
ISS027-E-7966,IRREGULAR_MESA
ISS027-E-7967,IRREGULAR_MESA
ISS027-E-7968,IRREGULAR_MESA
ISS027-E-7969,IRREGULAR_MESA
ISS027-E-7970,IRREGULAR_MESA
ISS027-E-9149,IRREGULAR_MESA
ISS027-E-9150,IRREGULAR_MESA
ISS027-E-9151,IRREGULAR_MESA
ISS027-E-9152,IRREGULAR_MESA
ISS027-E-9153,IRREGULAR_MESA
ISS027-E-9154,IRREGULAR_MESA
ISS027-E-9155,IRREGULAR_MESA
ISS027-E-9156,IRREGULAR_MESA
ISS028-E-25521,IRREGULAR_MESA
ISS028-E-7197,IRREGULAR_MESA
ISS028-E-7198,IRREGULAR_MESA
ISS028-E-7222,IRREGULAR_MESA
ISS029-E-14022,IRREGULAR_MESA
ISS029-E-36390,IRREGULAR_MESA
ISS029-E-36391,IRREGULAR_MESA
ISS030-E-136320,IRREGULAR_MESA
ISS030-E-259320,IRREGULAR_MESA
ISS030-E-259321,IRREGULAR_MESA
ISS030-E-259322,IRREGULAR_MESA
ISS030-E-259323,IRREGULAR_MESA
ISS030-E-259324,IRREGULAR_MESA
ISS030-E-59471,IRREGULAR_MESA
ISS031-E-6403,IRREGULAR_MESA
ISS032-E-26013,IRREGULAR_MESA
ISS033-E-16329,IRREGULAR_MESA
ISS033-E-16330,IRREGULAR_MESA
ISS033-E-16332,IRREGULAR_MESA
ISS033-E-17065,IRREGULAR_MESA
ISS033-E-5566,IRREGULAR_MESA
ISS033-E-6098,IRREGULAR_MESA
ISS033-E-6099,IRREGULAR_MESA
ISS033-E-6100,IRREGULAR_MESA
ISS033-E-6101,IRREGULAR_MESA
ISS033-E-6102,IRREGULAR_MESA
ISS033-E-6103,IRREGULAR_MESA
ISS034-E-31326,IRREGULAR_MESA
ISS035-E-5075,IRREGULAR_MESA
ISS036-E-10660,IRREGULAR_MESA
ISS036-E-2295,IRREGULAR_MESA
ISS036-E-2296,IRREGULAR_MESA
ISS036-E-2299,IRREGULAR_MESA
ISS036-E-2300,IRREGULAR_MESA
ISS036-E-2301,IRREGULAR_MESA
ISS036-E-2717,IRREGULAR_MESA
ISS036-E-3452,IRREGULAR_MESA
ISS036-E-3453,IRREGULAR_MESA
ISS036-E-3454,IRREGULAR_MESA
ISS036-E-3458,IRREGULAR_MESA
ISS036-E-3493,IRREGULAR_MESA
ISS036-E-3494,IRREGULAR_MESA
ISS036-E-3568,IRREGULAR_MESA
ISS036-E-4360,IRREGULAR_MESA
ISS036-E-4361,IRREGULAR_MESA
ISS036-E-4362,IRREGULAR_MESA
ISS036-E-5696,IRREGULAR_MESA
ISS040-E-112620,IRREGULAR_MESA
ISS040-E-112621,IRREGULAR_MESA
ISS040-E-112622,IRREGULAR_MESA
ISS040-E-112623,IRREGULAR_MESA
ISS040-E-112624,IRREGULAR_MESA
ISS040-E-112625,IRREGULAR_MESA
ISS040-E-16880,IRREGULAR_MESA
ISS040-E-18337,IRREGULAR_MESA
ISS040-E-54856,IRREGULAR_MESA
ISS040-E-54857,IRREGULAR_MESA
ISS040-E-54866,IRREGULAR_MESA
ISS040-E-54867,IRREGULAR_MESA
ISS040-E-5821,IRREGULAR_MESA
ISS040-E-5822,IRREGULAR_MESA
ISS040-E-5823,IRREGULAR_MESA
ISS040-E-5824,IRREGULAR_MESA
ISS040-E-5825,IRREGULAR_MESA
ISS040-E-5826,IRREGULAR_MESA
ISS040-E-5827,IRREGULAR_MESA
ISS040-E-5828,IRREGULAR_MESA
ISS040-E-5829,IRREGULAR_MESA
ISS040-E-5830,IRREGULAR_MESA
ISS040-E-5831,IRREGULAR_MESA
ISS040-E-5832,IRREGULAR_MESA
ISS040-E-5833,IRREGULAR_MESA
ISS040-E-5834,IRREGULAR_MESA
ISS040-E-81029,IRREGULAR_MESA
ISS040-E-81030,IRREGULAR_MESA
ISS040-E-81031,IRREGULAR_MESA
ISS040-E-8189,IRREGULAR_MESA
ISS040-E-8190,IRREGULAR_MESA
ISS040-E-8191,IRREGULAR_MESA
ISS040-E-8192,IRREGULAR_MESA
ISS040-E-8193,IRREGULAR_MESA
ISS040-E-92385,IRREGULAR_MESA
ISS040-E-92386,IRREGULAR_MESA
ISS040-E-92387,IRREGULAR_MESA
ISS040-E-92388,IRREGULAR_MESA
ISS040-E-92389,IRREGULAR_MESA
ISS040-E-92390,IRREGULAR_MESA
ISS040-E-92391,IRREGULAR_MESA
ISS040-E-92392,IRREGULAR_MESA
ISS040-E-92393,IRREGULAR_MESA
ISS040-E-92394,IRREGULAR_MESA
ISS040-E-92395,IRREGULAR_MESA
ISS040-E-92396,IRREGULAR_MESA
ISS040-E-92397,IRREGULAR_MESA
ISS040-E-92398,IRREGULAR_MESA
ISS040-E-92399,IRREGULAR_MESA
ISS040-E-92400,IRREGULAR_MESA
ISS040-E-92401,IRREGULAR_MESA
ISS040-E-92402,IRREGULAR_MESA
ISS040-E-92403,IRREGULAR_MESA
ISS040-E-92404,IRREGULAR_MESA
ISS040-E-92405,IRREGULAR_MESA
ISS040-E-92406,IRREGULAR_MESA
ISS040-E-92407,IRREGULAR_MESA
ISS040-E-92408,IRREGULAR_MESA
ISS040-E-9333,IRREGULAR_MESA
ISS040-E-9334,IRREGULAR_MESA
ISS040-E-9335,IRREGULAR_MESA
ISS040-E-9336,IRREGULAR_MESA
ISS040-E-98007,IRREGULAR_MESA
ISS041-E-81482,IRREGULAR_MESA
ISS041-E-81483,IRREGULAR_MESA
ISS041-E-81484,IRREGULAR_MESA
ISS041-E-81485,IRREGULAR_MESA
ISS042-E-49173,IRREGULAR_MESA
ISS042-E-49174,IRREGULAR_MESA
ISS042-E-49175,IRREGULAR_MESA
ISS042-E-49176,IRREGULAR_MESA
ISS042-E-49177,IRREGULAR_MESA
ISS042-E-49178,IRREGULAR_MESA
ISS042-E-49179,IRREGULAR_MESA
ISS042-E-49180,IRREGULAR_MESA
ISS042-E-49186,IRREGULAR_MESA
ISS042-E-49187,IRREGULAR_MESA
ISS042-E-80606,IRREGULAR_MESA
ISS043-E-182376,IRREGULAR_MESA
ISS043-E-182377,IRREGULAR_MESA
ISS043-E-182378,IRREGULAR_MESA
ISS043-E-182379,IRREGULAR_MESA
ISS043-E-182380,IRREGULAR_MESA
ISS043-E-182381,IRREGULAR_MESA
ISS043-E-182382,IRREGULAR_MESA
ISS043-E-182383,IRREGULAR_MESA
ISS043-E-182384,IRREGULAR_MESA
ISS043-E-182385,IRREGULAR_MESA
ISS043-E-182386,IRREGULAR_MESA
ISS043-E-182387,IRREGULAR_MESA
ISS043-E-182388,IRREGULAR_MESA
ISS043-E-182389,IRREGULAR_MESA
ISS043-E-182390,IRREGULAR_MESA
ISS043-E-207967,IRREGULAR_MESA
ISS043-E-207968,IRREGULAR_MESA
ISS043-E-207969,IRREGULAR_MESA
ISS043-E-207970,IRREGULAR_MESA
ISS043-E-207971,IRREGULAR_MESA
ISS043-E-207972,IRREGULAR_MESA
ISS043-E-210718,IRREGULAR_MESA
ISS043-E-210719,IRREGULAR_MESA
ISS043-E-210720,IRREGULAR_MESA
ISS043-E-210721,IRREGULAR_MESA
ISS043-E-210722,IRREGULAR_MESA
ISS043-E-210723,IRREGULAR_MESA
ISS043-E-210724,IRREGULAR_MESA
ISS043-E-210725,IRREGULAR_MESA
ISS043-E-210726,IRREGULAR_MESA
ISS048-E-11266,IRREGULAR_MESA
ISS048-E-11267,IRREGULAR_MESA
ISS048-E-11296,IRREGULAR_MESA
ISS048-E-11297,IRREGULAR_MESA
ISS048-E-11298,IRREGULAR_MESA
ISS048-E-6413,IRREGULAR_MESA
ISS048-E-6414,IRREGULAR_MESA
ISS048-E-6415,IRREGULAR_MESA
ISS048-E-6416,IRREGULAR_MESA
ISS048-E-6417,IRREGULAR_MESA
ISS050-E-42213,IRREGULAR_MESA
ISS051-E-17788,IRREGULAR_MESA
ISS052-E-8492,IRREGULAR_MESA
ISS052-E-8493,IRREGULAR_MESA
NASA7-704-20,IRREGULAR_MESA
NASA7-704-21,IRREGULAR_MESA
SL2-10-15,IRREGULAR_MESA
SL2-10-29,IRREGULAR_MESA
SL2-10-30,IRREGULAR_MESA
SL2-16-221,IRREGULAR_MESA
SL3-28-192,IRREGULAR_MESA
SL3-28-362,IRREGULAR_MESA
SL3-28-363,IRREGULAR_MESA
SL3-28-364,IRREGULAR_MESA
SL3-40-335,IRREGULAR_MESA
SL3-40-336,IRREGULAR_MESA
SL3-40-341,IRREGULAR_MESA
SL3-40-342,IRREGULAR_MESA
SL3-46-218,IRREGULAR_MESA
SL3-46-57,IRREGULAR_MESA
SL4-141-4354,IRREGULAR_MESA
SL4-141-4359,IRREGULAR_MESA
SL4-141-4360,IRREGULAR_MESA
SL4-4B-39,IRREGULAR_MESA
SL4-4B-40,IRREGULAR_MESA
SL4-52-3,IRREGULAR_MESA
SL4-64-278,IRREGULAR_MESA
SL4-70-111,IRREGULAR_MESA
SL4-70-112,IRREGULAR_MESA
SL4-70-114,IRREGULAR_MESA
SL4-A4-23,IRREGULAR_MESA
SL4-A4-24,IRREGULAR_MESA
SL4-A4-29,IRREGULAR_MESA
STS005-42-1465,IRREGULAR_MESA
STS005-42-1466,IRREGULAR_MESA
STS030-74-A,IRREGULAR_MESA
STS030-74-B,IRREGULAR_MESA
STS030-75-70,IRREGULAR_MESA
STS031-152-CE,IRREGULAR_MESA
STS031-71-48,IRREGULAR_MESA
STS031-73-44,IRREGULAR_MESA
STS034-71-7,IRREGULAR_MESA
STS037-82-3,IRREGULAR_MESA
STS037-82-4,IRREGULAR_MESA
STS037-91-117,IRREGULAR_MESA
STS038-79-51,IRREGULAR_MESA
STS040-80-55,IRREGULAR_MESA
STS042-71-35,IRREGULAR_MESA
STS042-71-51,IRREGULAR_MESA
STS042-71-52,IRREGULAR_MESA
STS042-74-31,IRREGULAR_MESA
STS042-74-32,IRREGULAR_MESA
STS042-81-37,IRREGULAR_MESA
STS042-96-31,IRREGULAR_MESA
STS042-96-32,IRREGULAR_MESA
STS043-102-57,IRREGULAR_MESA
STS043-102-76,IRREGULAR_MESA
STS043-102-77,IRREGULAR_MESA
STS043-84-10,IRREGULAR_MESA
STS043-84-11,IRREGULAR_MESA
STS043-84-12,IRREGULAR_MESA
STS043-84-13,IRREGULAR_MESA
STS045-101-9,IRREGULAR_MESA
STS045-152-56,IRREGULAR_MESA
STS045-153-242,IRREGULAR_MESA
STS045-153-W,IRREGULAR_MESA
STS046-88-35,IRREGULAR_MESA
STS047-77-25,IRREGULAR_MESA
STS047-77-26,IRREGULAR_MESA
STS047-90-55,IRREGULAR_MESA
STS048-603-37,IRREGULAR_MESA
STS048-616-39,IRREGULAR_MESA
STS050-14-14,IRREGULAR_MESA
STS050-91-24,IRREGULAR_MESA
STS053-76-80,IRREGULAR_MESA
STS053-76-81,IRREGULAR_MESA
STS054-85-11,IRREGULAR_MESA
STS054-95-5,IRREGULAR_MESA
STS054-95-6,IRREGULAR_MESA
STS055-151A-30,IRREGULAR_MESA
STS055-151A-33,IRREGULAR_MESA
STS055-151B-124,IRREGULAR_MESA
STS055-98-80,IRREGULAR_MESA
STS056-101-11,IRREGULAR_MESA
STS056-101-12,IRREGULAR_MESA
STS056-108-114,IRREGULAR_MESA
STS056-108-115,IRREGULAR_MESA
STS056-108-118,IRREGULAR_MESA
STS056-108-119,IRREGULAR_MESA
STS056-108-120,IRREGULAR_MESA
STS056-108-121,IRREGULAR_MESA
STS056-108-122,IRREGULAR_MESA
STS056-74-63,IRREGULAR_MESA
STS056-74-64,IRREGULAR_MESA
STS056-74-65,IRREGULAR_MESA
STS056-92-60,IRREGULAR_MESA
STS057-74-17,IRREGULAR_MESA
STS057-74-18,IRREGULAR_MESA
STS058-108-30,IRREGULAR_MESA
STS058-19-25,IRREGULAR_MESA
STS058-19-26,IRREGULAR_MESA
STS058-5-13,IRREGULAR_MESA
STS058-5-14,IRREGULAR_MESA
STS058-94-62,IRREGULAR_MESA
STS058-94-63,IRREGULAR_MESA
STS059-152-70,IRREGULAR_MESA
STS059-152-71,IRREGULAR_MESA
STS059-156-114,IRREGULAR_MESA
STS059-156-115,IRREGULAR_MESA
STS059-156-116,IRREGULAR_MESA
STS059-156-117,IRREGULAR_MESA
STS059-156-118,IRREGULAR_MESA
STS059-156-119,IRREGULAR_MESA
STS059-156-120,IRREGULAR_MESA
STS059-156-121,IRREGULAR_MESA
STS059-157-62,IRREGULAR_MESA
STS059-158-21,IRREGULAR_MESA
STS059-201-82,IRREGULAR_MESA
STS059-201-83,IRREGULAR_MESA
STS059-201-84,IRREGULAR_MESA
STS059-201-85,IRREGULAR_MESA
STS059-201-86,IRREGULAR_MESA
STS059-201-87,IRREGULAR_MESA
STS059-85-96,IRREGULAR_MESA
STS059-L05-38,IRREGULAR_MESA
STS059-L05-39,IRREGULAR_MESA
STS059-L05-40,IRREGULAR_MESA
STS059-L16-76,IRREGULAR_MESA
STS059-L16-77,IRREGULAR_MESA
STS059-L18-11,IRREGULAR_MESA
STS059-L18-12,IRREGULAR_MESA
STS059-L18-13,IRREGULAR_MESA
STS059-L18-14,IRREGULAR_MESA
STS059-L19-16,IRREGULAR_MESA
STS059-L19-17,IRREGULAR_MESA
STS059-L19-18,IRREGULAR_MESA
STS059-L19-19,IRREGULAR_MESA
STS059-L19-59,IRREGULAR_MESA
STS059-L19-60,IRREGULAR_MESA
STS059-L19-61,IRREGULAR_MESA
STS059-L22-124,IRREGULAR_MESA
STS059-L22-125,IRREGULAR_MESA
STS060-83-7,IRREGULAR_MESA
STS060-86-90,IRREGULAR_MESA
STS060-86-91,IRREGULAR_MESA
STS060-86-92,IRREGULAR_MESA
STS062-100-191,IRREGULAR_MESA
STS062-100-192,IRREGULAR_MESA
STS062-100-193,IRREGULAR_MESA
STS062-102-174,IRREGULAR_MESA
STS062-104-64,IRREGULAR_MESA
STS062-152-9,IRREGULAR_MESA
STS062-82-98,IRREGULAR_MESA
STS062-84-3,IRREGULAR_MESA
STS062-98-25,IRREGULAR_MESA
STS064-85-94,IRREGULAR_MESA
STS064-85-95,IRREGULAR_MESA
STS064-85-96,IRREGULAR_MESA
STS065-99-70,IRREGULAR_MESA
STS066-124-29,IRREGULAR_MESA
STS066-150-167,IRREGULAR_MESA
STS066-152-133,IRREGULAR_MESA
STS066-152-134,IRREGULAR_MESA
STS066-152-135,IRREGULAR_MESA
STS066-152-136,IRREGULAR_MESA
STS067-708C-23,IRREGULAR_MESA
STS067-711A-98,IRREGULAR_MESA
STS068-227-61,IRREGULAR_MESA
STS074-711-51,IRREGULAR_MESA
STS075-728-60,IRREGULAR_MESA
STS081-E-5860,IRREGULAR_MESA
STS081-E-5861,IRREGULAR_MESA
STS081-E-5862,IRREGULAR_MESA
STS102-713-14,IRREGULAR_MESA
STS102-713-15,IRREGULAR_MESA
STS102-713-79,IRREGULAR_MESA
STS105-342-11,IRREGULAR_MESA
STS111-717-84,IRREGULAR_MESA
STS111-725-86,IRREGULAR_MESA
STS111-725-87,IRREGULAR_MESA
STS111-725-88,IRREGULAR_MESA
STS112-705-142,IRREGULAR_MESA
STS112-705-143,IRREGULAR_MESA
STS112-705-144,IRREGULAR_MESA
STS112-705-145,IRREGULAR_MESA
STS112-705-146,IRREGULAR_MESA
STS112-705-147,IRREGULAR_MESA
STS112-705-148,IRREGULAR_MESA
STS112-705-149,IRREGULAR_MESA
STS112-705-150,IRREGULAR_MESA
STS112-705-151,IRREGULAR_MESA
STS112-705-152,IRREGULAR_MESA
STS112-705-153,IRREGULAR_MESA
STS112-705-154,IRREGULAR_MESA
STS112-705-155,IRREGULAR_MESA
STS112-705-156,IRREGULAR_MESA
STS112-705-157,IRREGULAR_MESA
STS112-705-158,IRREGULAR_MESA
STS112-705-159,IRREGULAR_MESA
STS112-705-160,IRREGULAR_MESA
STS112-705-161,IRREGULAR_MESA
STS112-705-162,IRREGULAR_MESA
STS112-705-163,IRREGULAR_MESA
STS112-705-164,IRREGULAR_MESA
STS112-705-165,IRREGULAR_MESA
STS112-705-166,IRREGULAR_MESA
STS112-705-167,IRREGULAR_MESA
STS112-705-168,IRREGULAR_MESA
STS112-705-169,IRREGULAR_MESA
STS112-705-170,IRREGULAR_MESA
STS112-705-171,IRREGULAR_MESA
STS112-705-172,IRREGULAR_MESA
STS112-705-173,IRREGULAR_MESA
STS41G-45-70,IRREGULAR_MESA
STS51A-45-75,IRREGULAR_MESA
STS61A-200-127,IRREGULAR_MESA
STS61A-200-129,IRREGULAR_MESA
