ISS001-E-6412,LAKE
ISS002-351-6,LAKE
ISS002-351-7,LAKE
ISS002-351-8,LAKE
ISS002-E-5163,LAKE
ISS002-E-6800,LAKE
ISS002-E-7157,LAKE
ISS002-E-7937,LAKE
ISS002-E-8246,LAKE
ISS002-E-8247,LAKE
ISS002-E-8248,LAKE
ISS002-E-8249,LAKE
ISS002-E-8270,LAKE
ISS002-E-8271,LAKE
ISS002-E-8272,LAKE
ISS002-E-8273,LAKE
ISS002-E-8336,LAKE
ISS002-E-8337,LAKE
ISS002-E-8854,LAKE
ISS002-E-8932,LAKE
ISS002-E-8933,LAKE
ISS003-E-5150,LAKE
ISS003-E-7173,LAKE
ISS003-E-7192,LAKE
ISS003-E-7193,LAKE
ISS004-720-80,LAKE
ISS004-720-81,LAKE
ISS004-720-82,LAKE
ISS004-723-75,LAKE
ISS004-723-76,LAKE
ISS004-E-11267,LAKE
ISS004-E-11523,LAKE
ISS004-E-11663,LAKE
ISS004-E-11878,LAKE
ISS004-E-11882,LAKE
ISS004-E-11964,LAKE
ISS004-E-12489,LAKE
ISS004-E-12491,LAKE
ISS004-E-12492,LAKE
ISS004-E-13019,LAKE
ISS004-E-13299,LAKE
ISS004-E-13770,LAKE
ISS004-E-5449,LAKE
ISS004-E-8792,LAKE
ISS004-E-9142,LAKE
ISS004-E-9145,LAKE
ISS004-E-9400,LAKE
ISS004-E-9401,LAKE
ISS004-E-9402,LAKE
ISS004-E-9663,LAKE
ISS005-E-14794,LAKE
ISS005-E-14795,LAKE
ISS005-E-14796,LAKE
ISS005-E-14797,LAKE
ISS005-E-14804,LAKE
ISS005-E-14805,LAKE
ISS005-E-14806,LAKE
ISS005-E-14807,LAKE
ISS005-E-15125,LAKE
ISS005-E-15126,LAKE
ISS005-E-15127,LAKE
ISS005-E-15128,LAKE
ISS005-E-15129,LAKE
ISS005-E-15130,LAKE
ISS005-E-15814,LAKE
ISS005-E-15815,LAKE
ISS005-E-16100,LAKE
ISS005-E-17906,LAKE
ISS005-E-17907,LAKE
ISS005-E-17910,LAKE
ISS005-E-17911,LAKE
ISS005-E-18354,LAKE
ISS005-E-18355,LAKE
ISS005-E-18357,LAKE
ISS005-E-18358,LAKE
ISS005-E-18359,LAKE
ISS005-E-18371,LAKE
ISS005-E-20945,LAKE
ISS005-E-5746,LAKE
ISS005-E-5747,LAKE
ISS005-E-5748,LAKE
ISS005-E-5749,LAKE
ISS005-E-5750,LAKE
ISS005-E-5751,LAKE
ISS005-E-5752,LAKE
ISS005-E-5753,LAKE
ISS005-E-5754,LAKE
ISS005-E-5755,LAKE
ISS005-E-5756,LAKE
ISS005-E-6835,LAKE
ISS005-E-6836,LAKE
ISS005-E-7826,LAKE
ISS005-E-8597,LAKE
ISS005-E-8598,LAKE
ISS005-E-8686,LAKE
ISS005-E-8687,LAKE
ISS005-E-8688,LAKE
ISS006-E-10407,LAKE
ISS006-E-10408,LAKE
ISS006-E-10409,LAKE
ISS006-E-10413,LAKE
ISS006-E-10414,LAKE
ISS006-E-10415,LAKE
ISS006-E-10416,LAKE
ISS006-E-10417,LAKE
ISS006-E-10418,LAKE
ISS006-E-11479,LAKE
ISS006-E-12104,LAKE
ISS006-E-12105,LAKE
ISS006-E-12106,LAKE
ISS006-E-13415,LAKE
ISS006-E-15566,LAKE
ISS006-E-15568,LAKE
ISS006-E-16973,LAKE
ISS006-E-17245,LAKE
ISS006-E-17247,LAKE
ISS006-E-17354,LAKE
ISS006-E-17355,LAKE
ISS006-E-17360,LAKE
ISS006-E-17519,LAKE
ISS006-E-17551,LAKE
ISS006-E-17552,LAKE
ISS006-E-17869,LAKE
ISS006-E-17870,LAKE
ISS006-E-23684,LAKE
ISS006-E-24121,LAKE
ISS006-E-24122,LAKE
ISS006-E-24123,LAKE
ISS006-E-24124,LAKE
ISS006-E-24125,LAKE
ISS006-E-24126,LAKE
ISS006-E-24127,LAKE
ISS006-E-29850,LAKE
ISS006-E-29851,LAKE
ISS006-E-29852,LAKE
ISS006-E-29853,LAKE
ISS006-E-31352,LAKE
ISS006-E-32528,LAKE
ISS006-E-32529,LAKE
ISS006-E-33821,LAKE
ISS006-E-33930,LAKE
ISS006-E-34053,LAKE
ISS006-E-35830,LAKE
ISS006-E-35831,LAKE
ISS006-E-36636,LAKE
ISS006-E-36641,LAKE
ISS006-E-36642,LAKE
ISS006-E-36645,LAKE
ISS006-E-43636,LAKE
ISS006-E-43637,LAKE
ISS006-E-43813,LAKE
ISS006-E-43855,LAKE
ISS006-E-43856,LAKE
ISS006-E-43857,LAKE
ISS006-E-44092,LAKE
ISS006-E-44368,LAKE
ISS006-E-44374,LAKE
ISS006-E-44375,LAKE
ISS006-E-45462,LAKE
ISS006-E-45463,LAKE
ISS006-E-45464,LAKE
ISS006-E-45535,LAKE
ISS006-E-45536,LAKE
ISS006-E-45537,LAKE
ISS006-E-45538,LAKE
ISS006-E-45539,LAKE
ISS006-E-48958,LAKE
ISS006-E-49498,LAKE
ISS006-E-49499,LAKE
ISS006-E-49500,LAKE
ISS006-E-49501,LAKE
ISS006-E-49502,LAKE
ISS006-E-49562,LAKE
ISS006-E-49563,LAKE
ISS006-E-49564,LAKE
ISS006-E-49565,LAKE
ISS006-E-49566,LAKE
ISS006-E-49567,LAKE
ISS006-E-50577,LAKE
ISS006-E-50578,LAKE
ISS006-E-50584,LAKE
ISS006-E-50585,LAKE
ISS006-E-5301,LAKE
ISS006-E-5302,LAKE
ISS006-E-5303,LAKE
ISS006-E-5304,LAKE
ISS006-E-5305,LAKE
ISS006-E-5306,LAKE
ISS006-E-5543,LAKE
ISS006-E-5544,LAKE
ISS006-E-5545,LAKE
ISS006-E-5547,LAKE
ISS006-E-6421,LAKE
ISS006-E-6609,LAKE
ISS006-E-6611,LAKE
ISS006-E-6612,LAKE
ISS006-E-6613,LAKE
ISS006-E-7340,LAKE
ISS006-E-7341,LAKE
ISS006-E-7342,LAKE
ISS006-E-8964,LAKE
ISS006-E-9231,LAKE
ISS007-E-11468,LAKE
ISS007-E-11469,LAKE
ISS007-E-11470,LAKE
ISS007-E-11471,LAKE
ISS007-E-11473,LAKE
ISS007-E-11477,LAKE
ISS007-E-12088,LAKE
ISS007-E-12093,LAKE
ISS007-E-12094,LAKE
ISS007-E-12095,LAKE
ISS007-E-12096,LAKE
ISS007-E-12807,LAKE
ISS007-E-13455,LAKE
ISS007-E-13456,LAKE
ISS007-E-13457,LAKE
ISS007-E-13459,LAKE
ISS007-E-13885,LAKE
ISS007-E-13887,LAKE
ISS007-E-13888,LAKE
ISS007-E-13889,LAKE
ISS007-E-14383,LAKE
ISS007-E-14384,LAKE
ISS007-E-16211,LAKE
ISS007-E-16242,LAKE
ISS007-E-16789,LAKE
ISS007-E-16790,LAKE
ISS007-E-16791,LAKE
ISS007-E-16792,LAKE
ISS007-E-16957,LAKE
ISS007-E-16960,LAKE
ISS007-E-17049,LAKE
ISS007-E-17050,LAKE
ISS007-E-17051,LAKE
ISS007-E-17052,LAKE
ISS007-E-17285,LAKE
ISS007-E-17305,LAKE
ISS007-E-17955,LAKE
ISS007-E-17956,LAKE
ISS007-E-5033,LAKE
ISS007-E-5144,LAKE
ISS007-E-6155,LAKE
ISS007-E-6602,LAKE
ISS007-E-6603,LAKE
ISS007-E-6604,LAKE
ISS007-E-8594,LAKE
ISS007-E-8595,LAKE
ISS007-E-8596,LAKE
ISS007-E-9343,LAKE
ISS007-E-9344,LAKE
ISS007-E-9688,LAKE
ISS007-E-9805,LAKE
ISS007-E-9806,LAKE
ISS007-E-9807,LAKE
ISS007-E-9808,LAKE
ISS007-E-9809,LAKE
ISS008-E-11859,LAKE
ISS008-E-11860,LAKE
ISS008-E-12756,LAKE
ISS008-E-12764,LAKE
ISS008-E-12768,LAKE
ISS008-E-12769,LAKE
ISS008-E-12770,LAKE
ISS008-E-12790,LAKE
ISS008-E-12791,LAKE
ISS008-E-12792,LAKE
ISS008-E-12793,LAKE
ISS008-E-12794,LAKE
ISS008-E-12795,LAKE
ISS008-E-12796,LAKE
ISS008-E-12797,LAKE
ISS008-E-12798,LAKE
ISS008-E-14336,LAKE
ISS008-E-14337,LAKE
ISS008-E-14338,LAKE
ISS008-E-14339,LAKE
ISS008-E-14341,LAKE
ISS008-E-14342,LAKE
ISS008-E-14343,LAKE
ISS008-E-14344,LAKE
ISS008-E-14345,LAKE
ISS008-E-14346,LAKE
ISS008-E-14347,LAKE
ISS008-E-14355,LAKE
ISS008-E-14879,LAKE
ISS008-E-14880,LAKE
ISS008-E-18994,LAKE
ISS008-E-19293,LAKE
ISS008-E-19296,LAKE
ISS008-E-19297,LAKE
ISS008-E-19298,LAKE
ISS008-E-19299,LAKE
ISS008-E-19457,LAKE
ISS008-E-19458,LAKE
ISS008-E-19459,LAKE
ISS008-E-5236,LAKE
ISS008-E-5237,LAKE
ISS008-E-5238,LAKE
ISS008-E-5245,LAKE
ISS008-E-5631,LAKE
ISS008-E-5632,LAKE
ISS008-E-5633,LAKE
ISS008-E-5634,LAKE
ISS008-E-5635,LAKE
ISS008-E-5636,LAKE
ISS008-E-5646,LAKE
ISS008-E-5647,LAKE
ISS008-E-5648,LAKE
ISS008-E-5649,LAKE
ISS008-E-5650,LAKE
ISS008-E-5651,LAKE
ISS008-E-5652,LAKE
ISS008-E-5653,LAKE
ISS008-E-5654,LAKE
ISS008-E-5664,LAKE
ISS008-E-5665,LAKE
ISS008-E-5666,LAKE
ISS008-E-6660,LAKE
ISS008-E-6661,LAKE
ISS008-E-9335,LAKE
ISS008-E-9336,LAKE
ISS008-E-9337,LAKE
ISS008-E-9338,LAKE
ISS008-E-9339,LAKE
ISS009-E-11739,LAKE
ISS009-E-11740,LAKE
ISS009-E-11742,LAKE
ISS009-E-11743,LAKE
ISS009-E-11744,LAKE
ISS009-E-11747,LAKE
ISS009-E-14080,LAKE
ISS009-E-14081,LAKE
ISS009-E-16383,LAKE
ISS009-E-16384,LAKE
ISS009-E-16385,LAKE
ISS009-E-16386,LAKE
ISS009-E-16387,LAKE
ISS009-E-20753,LAKE
ISS009-E-20754,LAKE
ISS009-E-20755,LAKE
ISS009-E-22234,LAKE
ISS009-E-23092,LAKE
ISS009-E-23093,LAKE
ISS009-E-23094,LAKE
ISS009-E-23095,LAKE
ISS009-E-24105,LAKE
ISS009-E-24106,LAKE
ISS009-E-24107,LAKE
ISS009-E-24117,LAKE
ISS009-E-24118,LAKE
ISS009-E-24119,LAKE
ISS009-E-24120,LAKE
ISS009-E-24121,LAKE
ISS009-E-24122,LAKE
ISS009-E-5390,LAKE
ISS009-E-5391,LAKE
ISS009-E-5395,LAKE
ISS009-E-5396,LAKE
ISS009-E-5397,LAKE
ISS009-E-5399,LAKE
ISS009-E-5400,LAKE
ISS009-E-5401,LAKE
ISS009-E-5402,LAKE
ISS009-E-5403,LAKE
ISS009-E-5407,LAKE
ISS009-E-5411,LAKE
ISS009-E-5649,LAKE
ISS009-E-5689,LAKE
ISS009-E-5690,LAKE
ISS009-E-5691,LAKE
ISS009-E-5692,LAKE
ISS009-E-5693,LAKE
ISS009-E-5700,LAKE
ISS009-E-5701,LAKE
ISS009-E-5702,LAKE
ISS009-E-5703,LAKE
ISS009-E-5704,LAKE
ISS009-E-5965,LAKE
ISS009-E-5966,LAKE
ISS009-E-5967,LAKE
ISS009-E-5971,LAKE
ISS009-E-5972,LAKE
ISS009-E-5973,LAKE
ISS010-E-12957,LAKE
ISS010-E-12958,LAKE
ISS010-E-12959,LAKE
ISS010-E-12960,LAKE
ISS010-E-12961,LAKE
ISS010-E-18859,LAKE
ISS010-E-18860,LAKE
ISS010-E-18861,LAKE
ISS010-E-18862,LAKE
ISS010-E-18863,LAKE
ISS010-E-18864,LAKE
ISS010-E-5036,LAKE
ISS010-E-5037,LAKE
ISS010-E-5038,LAKE
ISS010-E-5678,LAKE
ISS010-E-5681,LAKE
ISS010-E-5682,LAKE
ISS011-E-10324,LAKE
ISS011-E-10380,LAKE
ISS011-E-10381,LAKE
ISS011-E-10385,LAKE
ISS011-E-10607,LAKE
ISS011-E-10889,LAKE
ISS011-E-11865,LAKE
ISS011-E-11907,LAKE
ISS011-E-5448,LAKE
ISS011-E-5911,LAKE
ISS011-E-5913,LAKE
ISS011-E-5914,LAKE
ISS011-E-5915,LAKE
ISS011-E-6296,LAKE
ISS011-E-6333,LAKE
ISS011-E-6337,LAKE
ISS011-E-6997,LAKE
ISS011-E-8352,LAKE
ISS011-E-8622,LAKE
ISS012-E-10307,LAKE
ISS012-E-10315,LAKE
ISS012-E-13969,LAKE
ISS012-E-16813,LAKE
ISS012-E-16815,LAKE
ISS012-E-16824,LAKE
ISS012-E-16826,LAKE
ISS012-E-21716,LAKE
ISS012-E-21717,LAKE
ISS012-E-21722,LAKE
ISS012-E-6315,LAKE
ISS012-E-6316,LAKE
ISS012-E-6317,LAKE
ISS012-E-6318,LAKE
ISS012-E-6319,LAKE
ISS012-E-6320,LAKE
ISS012-E-6321,LAKE
ISS012-E-6322,LAKE
ISS012-E-6323,LAKE
ISS012-E-6324,LAKE
ISS012-E-6325,LAKE
ISS012-E-6326,LAKE
ISS012-E-6327,LAKE
ISS012-E-6328,LAKE
ISS012-E-6329,LAKE
ISS012-E-6330,LAKE
ISS012-E-6331,LAKE
ISS012-E-6332,LAKE
ISS012-E-9039,LAKE
ISS013-E-11644,LAKE
ISS013-E-11646,LAKE
ISS013-E-11647,LAKE
ISS013-E-11648,LAKE
ISS013-E-11649,LAKE
ISS013-E-11650,LAKE
ISS013-E-11651,LAKE
ISS013-E-11652,LAKE
ISS013-E-11653,LAKE
ISS013-E-11654,LAKE
ISS013-E-11655,LAKE
ISS013-E-11656,LAKE
ISS013-E-11657,LAKE
ISS013-E-11658,LAKE
ISS013-E-12430,LAKE
ISS013-E-12431,LAKE
ISS013-E-12432,LAKE
ISS013-E-12433,LAKE
ISS013-E-12439,LAKE
ISS013-E-12450,LAKE
ISS013-E-12451,LAKE
ISS013-E-12680,LAKE
ISS013-E-12681,LAKE
ISS013-E-13803,LAKE
ISS013-E-13849,LAKE
ISS013-E-14703,LAKE
ISS013-E-14704,LAKE
ISS013-E-14705,LAKE
ISS013-E-14708,LAKE
ISS013-E-14709,LAKE
ISS013-E-14710,LAKE
ISS013-E-14711,LAKE
ISS013-E-14712,LAKE
ISS013-E-14713,LAKE
ISS013-E-16117,LAKE
ISS013-E-16118,LAKE
ISS013-E-16281,LAKE
ISS013-E-17415,LAKE
ISS013-E-18192,LAKE
ISS013-E-21500,LAKE
ISS013-E-21501,LAKE
ISS013-E-21502,LAKE
ISS013-E-21503,LAKE
ISS013-E-21504,LAKE
ISS013-E-21505,LAKE
ISS013-E-21506,LAKE
ISS013-E-21507,LAKE
ISS013-E-21508,LAKE
ISS013-E-21509,LAKE
ISS013-E-21510,LAKE
ISS013-E-21511,LAKE
ISS013-E-21512,LAKE
ISS013-E-21513,LAKE
ISS013-E-21514,LAKE
ISS013-E-21515,LAKE
ISS013-E-21516,LAKE
ISS013-E-21517,LAKE
ISS013-E-21518,LAKE
ISS013-E-21519,LAKE
ISS013-E-21520,LAKE
ISS013-E-21521,LAKE
ISS013-E-21522,LAKE
ISS013-E-21523,LAKE
ISS013-E-21524,LAKE
ISS013-E-22724,LAKE
ISS013-E-22729,LAKE
ISS013-E-22731,LAKE
ISS013-E-23757,LAKE
ISS013-E-23758,LAKE
ISS013-E-23759,LAKE
ISS013-E-28240,LAKE
ISS013-E-28241,LAKE
ISS013-E-28242,LAKE
ISS013-E-31811,LAKE
ISS013-E-31812,LAKE
ISS013-E-31815,LAKE
ISS013-E-31816,LAKE
ISS013-E-38775,LAKE
ISS013-E-5014,LAKE
ISS013-E-5017,LAKE
ISS013-E-5018,LAKE
ISS013-E-5372,LAKE
ISS013-E-5374,LAKE
ISS013-E-5375,LAKE
ISS013-E-5376,LAKE
ISS013-E-5377,LAKE
ISS013-E-5378,LAKE
ISS013-E-5382,LAKE
ISS013-E-5383,LAKE
ISS013-E-5384,LAKE
ISS013-E-5385,LAKE
ISS013-E-5386,LAKE
ISS013-E-5409,LAKE
ISS013-E-5410,LAKE
ISS013-E-5411,LAKE
ISS013-E-5412,LAKE
ISS013-E-5413,LAKE
ISS013-E-5414,LAKE
ISS013-E-5415,LAKE
ISS013-E-5416,LAKE
ISS013-E-5417,LAKE
ISS013-E-5418,LAKE
ISS013-E-5419,LAKE
ISS013-E-5420,LAKE
ISS013-E-5421,LAKE
ISS013-E-5423,LAKE
ISS013-E-5424,LAKE
ISS013-E-5425,LAKE
ISS013-E-5426,LAKE
ISS013-E-5431,LAKE
ISS013-E-5432,LAKE
ISS013-E-5433,LAKE
ISS013-E-5434,LAKE
ISS013-E-5435,LAKE
ISS013-E-5436,LAKE
ISS013-E-5437,LAKE
ISS013-E-75063,LAKE
ISS013-E-78356,LAKE
ISS013-E-78360,LAKE
ISS013-E-80270,LAKE
ISS013-E-80506,LAKE
ISS013-E-80507,LAKE
ISS013-E-80508,LAKE
ISS013-E-80509,LAKE
ISS013-E-81022,LAKE
ISS013-E-81465,LAKE
ISS013-E-81466,LAKE
ISS013-E-81467,LAKE
ISS013-E-81468,LAKE
ISS013-E-81469,LAKE
ISS013-E-81470,LAKE
ISS013-E-81477,LAKE
ISS013-E-81478,LAKE
ISS013-E-81479,LAKE
ISS013-E-82446,LAKE
ISS013-E-82450,LAKE
ISS013-E-82451,LAKE
ISS013-E-82455,LAKE
ISS013-E-82456,LAKE
ISS013-E-83191,LAKE
ISS013-E-83194,LAKE
ISS013-E-83195,LAKE
ISS013-E-83196,LAKE
ISS013-E-8361,LAKE
ISS013-E-8362,LAKE
ISS013-E-8364,LAKE
ISS013-E-8365,LAKE
ISS013-E-8366,LAKE
ISS013-E-8367,LAKE
ISS013-E-8368,LAKE
ISS013-E-86039,LAKE
ISS013-E-86040,LAKE
ISS013-E-86041,LAKE
ISS013-E-86042,LAKE
ISS013-E-86043,LAKE
ISS013-E-86071,LAKE
ISS013-E-86072,LAKE
ISS013-E-86073,LAKE
ISS013-E-86074,LAKE
ISS013-E-86075,LAKE
ISS013-E-86076,LAKE
ISS013-E-86077,LAKE
ISS013-E-86078,LAKE
ISS013-E-86079,LAKE
ISS013-E-86163,LAKE
ISS013-E-86170,LAKE
ISS013-E-9660,LAKE
ISS013-E-9661,LAKE
ISS013-E-9987,LAKE
ISS014-E-14354,LAKE
ISS014-E-14390,LAKE
ISS014-E-14792,LAKE
ISS014-E-16106,LAKE
ISS014-E-16702,LAKE
ISS014-E-17393,LAKE
ISS014-E-19698,LAKE
ISS014-E-20335,LAKE
ISS014-E-20336,LAKE
ISS014-E-5475,LAKE
ISS014-E-5476,LAKE
ISS014-E-5477,LAKE
ISS014-E-5478,LAKE
ISS014-E-5484,LAKE
ISS014-E-6747,LAKE
ISS014-E-6748,LAKE
ISS014-E-6749,LAKE
ISS014-E-6868,LAKE
ISS015-E-13138,LAKE
ISS015-E-13139,LAKE
ISS015-E-17114,LAKE
ISS015-E-17277,LAKE
ISS015-E-24524,LAKE
ISS015-E-24531,LAKE
ISS015-E-26961,LAKE
ISS015-E-27625,LAKE
ISS015-E-35372,LAKE
ISS015-E-35373,LAKE
ISS015-E-5210,LAKE
ISS015-E-5225,LAKE
ISS015-E-5253,LAKE
ISS015-E-5254,LAKE
ISS015-E-6001,LAKE
ISS015-E-6022,LAKE
ISS015-E-6505,LAKE
ISS015-E-6935,LAKE
ISS015-E-7384,LAKE
ISS015-E-8129,LAKE
ISS015-E-8199,LAKE
ISS015-E-8200,LAKE
ISS015-E-8201,LAKE
ISS015-E-8202,LAKE
ISS015-E-8203,LAKE
ISS015-E-8205,LAKE
ISS015-E-8206,LAKE
ISS015-E-9280,LAKE
ISS015-E-9281,LAKE
ISS016-E-10881,LAKE
ISS016-E-10887,LAKE
ISS016-E-11555,LAKE
ISS016-E-11565,LAKE
ISS016-E-11566,LAKE
ISS016-E-29802,LAKE
ISS016-E-34953,LAKE
ISS016-E-34954,LAKE
ISS016-E-34965,LAKE
ISS016-E-34966,LAKE
ISS016-E-35003,LAKE
ISS016-E-35004,LAKE
ISS016-E-35005,LAKE
ISS016-E-35006,LAKE
ISS016-E-35007,LAKE
ISS016-E-35584,LAKE
ISS016-E-35585,LAKE
ISS016-E-6272,LAKE
ISS016-E-6273,LAKE
ISS016-E-6274,LAKE
ISS016-E-6275,LAKE
ISS017-E-10832,LAKE
ISS017-E-10833,LAKE
ISS017-E-10834,LAKE
ISS017-E-10835,LAKE
ISS017-E-10836,LAKE
ISS017-E-10837,LAKE
ISS017-E-10838,LAKE
ISS017-E-10839,LAKE
ISS017-E-10840,LAKE
ISS017-E-10841,LAKE
ISS017-E-10842,LAKE
ISS017-E-10843,LAKE
ISS017-E-10844,LAKE
ISS017-E-10846,LAKE
ISS017-E-10847,LAKE
ISS017-E-10848,LAKE
ISS017-E-10849,LAKE
ISS017-E-10850,LAKE
ISS017-E-10851,LAKE
ISS017-E-10852,LAKE
ISS017-E-10853,LAKE
ISS017-E-10857,LAKE
ISS017-E-10859,LAKE
ISS017-E-10860,LAKE
ISS017-E-10861,LAKE
ISS017-E-10862,LAKE
ISS017-E-10863,LAKE
ISS017-E-10867,LAKE
ISS017-E-10868,LAKE
ISS017-E-10869,LAKE
ISS017-E-10870,LAKE
ISS017-E-10871,LAKE
ISS017-E-10872,LAKE
ISS017-E-10874,LAKE
ISS017-E-10876,LAKE
ISS017-E-12429,LAKE
ISS017-E-15508,LAKE
ISS017-E-15512,LAKE
ISS017-E-15513,LAKE
ISS017-E-16002,LAKE
ISS017-E-16003,LAKE
ISS017-E-16004,LAKE
ISS017-E-16011,LAKE
ISS017-E-16012,LAKE
ISS017-E-16013,LAKE
ISS017-E-16014,LAKE
ISS017-E-16015,LAKE
ISS017-E-16020,LAKE
ISS017-E-16021,LAKE
ISS017-E-16022,LAKE
ISS017-E-16023,LAKE
ISS017-E-16024,LAKE
ISS017-E-16590,LAKE
ISS017-E-16591,LAKE
ISS017-E-16592,LAKE
ISS017-E-16593,LAKE
ISS017-E-16594,LAKE
ISS017-E-16596,LAKE
ISS017-E-16598,LAKE
ISS017-E-16599,LAKE
ISS017-E-16600,LAKE
ISS017-E-16601,LAKE
ISS017-E-16609,LAKE
ISS017-E-16610,LAKE
ISS017-E-16611,LAKE
ISS017-E-16612,LAKE
ISS017-E-16613,LAKE
ISS017-E-5237,LAKE
ISS017-E-5841,LAKE
ISS017-E-6777,LAKE
ISS017-E-7308,LAKE
ISS017-E-7309,LAKE
ISS017-E-7316,LAKE
ISS017-E-7317,LAKE
ISS017-E-7320,LAKE
ISS017-E-7322,LAKE
ISS017-E-7323,LAKE
ISS017-E-7324,LAKE
ISS017-E-7325,LAKE
ISS017-E-7327,LAKE
ISS017-E-7328,LAKE
ISS017-E-7330,LAKE
ISS017-E-7331,LAKE
ISS017-E-7333,LAKE
ISS017-E-7334,LAKE
ISS017-E-7335,LAKE
ISS017-E-7345,LAKE
ISS017-E-7346,LAKE
ISS017-E-7347,LAKE
ISS017-E-7352,LAKE
ISS017-E-9644,LAKE
ISS017-E-9651,LAKE
ISS017-E-9654,LAKE
ISS017-E-9655,LAKE
ISS017-E-9656,LAKE
ISS018-E-10160,LAKE
ISS018-E-10161,LAKE
ISS018-E-10162,LAKE
ISS018-E-10163,LAKE
ISS018-E-10164,LAKE
ISS018-E-11150,LAKE
ISS018-E-11151,LAKE
ISS018-E-11153,LAKE
ISS018-E-19660,LAKE
ISS018-E-19661,LAKE
ISS018-E-19668,LAKE
ISS018-E-19669,LAKE
ISS018-E-21868,LAKE
ISS018-E-21869,LAKE
ISS018-E-21870,LAKE
ISS018-E-24139,LAKE
ISS018-E-24141,LAKE
ISS018-E-24142,LAKE
ISS018-E-24143,LAKE
ISS018-E-26898,LAKE
ISS018-E-26899,LAKE
ISS018-E-26902,LAKE
ISS018-E-45344,LAKE
ISS018-E-45349,LAKE
ISS018-E-45350,LAKE
ISS018-E-5960,LAKE
ISS018-E-5966,LAKE
ISS018-E-5967,LAKE
ISS018-E-5968,LAKE
ISS018-E-5974,LAKE
ISS018-E-5975,LAKE
ISS018-E-6109,LAKE
ISS018-E-6110,LAKE
ISS018-E-8166,LAKE
ISS018-E-8167,LAKE
ISS018-E-8168,LAKE
ISS018-E-8176,LAKE
ISS018-E-8177,LAKE
ISS018-E-8178,LAKE
ISS018-E-8179,LAKE
ISS018-E-8180,LAKE
ISS018-E-8181,LAKE
ISS018-E-8183,LAKE
ISS019-E-14089,LAKE
ISS019-E-14090,LAKE
ISS019-E-16408,LAKE
ISS019-E-16409,LAKE
ISS019-E-16410,LAKE
ISS019-E-16411,LAKE
ISS019-E-16413,LAKE
ISS019-E-16414,LAKE
ISS019-E-16604,LAKE
ISS019-E-16605,LAKE
ISS019-E-18916,LAKE
ISS019-E-5527,LAKE
ISS020-E-11810,LAKE
ISS020-E-11811,LAKE
ISS020-E-15561,LAKE
ISS020-E-15563,LAKE
ISS020-E-33092,LAKE
ISS020-E-33093,LAKE
ISS020-E-33094,LAKE
ISS020-E-33095,LAKE
ISS020-E-33096,LAKE
ISS020-E-33097,LAKE
ISS020-E-33098,LAKE
ISS020-E-33520,LAKE
ISS020-E-33521,LAKE
ISS020-E-33523,LAKE
ISS020-E-40142,LAKE
ISS020-E-40143,LAKE
ISS020-E-40147,LAKE
ISS020-E-40157,LAKE
ISS020-E-40158,LAKE
ISS020-E-40159,LAKE
ISS020-E-42871,LAKE
ISS020-E-42876,LAKE
ISS020-E-42877,LAKE
ISS020-E-42878,LAKE
ISS020-E-42879,LAKE
ISS020-E-52590,LAKE
ISS020-E-52591,LAKE
ISS020-E-52592,LAKE
ISS020-E-9146,LAKE
ISS020-E-9795,LAKE
ISS021-E-6028,LAKE
ISS021-E-6029,LAKE
ISS021-E-6030,LAKE
ISS021-E-6703,LAKE
ISS021-E-6854,LAKE
ISS021-E-8824,LAKE
ISS021-E-8825,LAKE
ISS021-E-8826,LAKE
ISS021-E-8827,LAKE
ISS021-E-8828,LAKE
ISS021-E-8831,LAKE
ISS021-E-8834,LAKE
ISS021-E-8835,LAKE
ISS021-E-8836,LAKE
ISS021-E-8945,LAKE
ISS022-E-101905,LAKE
ISS022-E-101916,LAKE
ISS022-E-101917,LAKE
ISS022-E-101919,LAKE
ISS022-E-101920,LAKE
ISS022-E-10949,LAKE
ISS022-E-10953,LAKE
ISS022-E-10954,LAKE
ISS022-E-10955,LAKE
ISS022-E-10956,LAKE
ISS022-E-10957,LAKE
ISS022-E-10958,LAKE
ISS022-E-10959,LAKE
ISS022-E-10961,LAKE
ISS022-E-10962,LAKE
ISS022-E-10963,LAKE
ISS022-E-10964,LAKE
ISS022-E-13351,LAKE
ISS022-E-13352,LAKE
ISS022-E-25892,LAKE
ISS022-E-26847,LAKE
ISS022-E-26848,LAKE
ISS022-E-26849,LAKE
ISS022-E-26850,LAKE
ISS022-E-26851,LAKE
ISS022-E-26852,LAKE
ISS022-E-26853,LAKE
ISS022-E-26854,LAKE
ISS022-E-26855,LAKE
ISS022-E-26856,LAKE
ISS022-E-26857,LAKE
ISS022-E-26858,LAKE
ISS022-E-26859,LAKE
ISS022-E-26860,LAKE
ISS022-E-26861,LAKE
ISS022-E-26862,LAKE
ISS022-E-26863,LAKE
ISS022-E-26864,LAKE
ISS022-E-26865,LAKE
ISS022-E-26866,LAKE
ISS022-E-26867,LAKE
ISS022-E-26868,LAKE
ISS022-E-26869,LAKE
ISS022-E-26870,LAKE
ISS022-E-26871,LAKE
ISS022-E-26872,LAKE
ISS022-E-26873,LAKE
ISS022-E-26874,LAKE
ISS022-E-26875,LAKE
ISS022-E-26876,LAKE
ISS022-E-26877,LAKE
ISS022-E-26878,LAKE
ISS022-E-26879,LAKE
ISS022-E-26880,LAKE
ISS022-E-26881,LAKE
ISS022-E-26882,LAKE
ISS022-E-26883,LAKE
ISS022-E-26884,LAKE
ISS022-E-26886,LAKE
ISS022-E-26888,LAKE
ISS022-E-26889,LAKE
ISS022-E-26890,LAKE
ISS022-E-31057,LAKE
ISS022-E-31058,LAKE
ISS022-E-31059,LAKE
ISS022-E-31060,LAKE
ISS022-E-31061,LAKE
ISS022-E-31062,LAKE
ISS022-E-31063,LAKE
ISS022-E-31064,LAKE
ISS022-E-31065,LAKE
ISS022-E-31066,LAKE
ISS022-E-31067,LAKE
ISS022-E-33470,LAKE
ISS022-E-33471,LAKE
ISS022-E-33472,LAKE
ISS022-E-33473,LAKE
ISS022-E-33474,LAKE
ISS022-E-33475,LAKE
ISS022-E-33476,LAKE
ISS022-E-33477,LAKE
ISS022-E-40177,LAKE
ISS022-E-5091,LAKE
ISS022-E-6556,LAKE
ISS022-E-6557,LAKE
ISS022-E-6558,LAKE
ISS022-E-6559,LAKE
ISS022-E-6560,LAKE
ISS022-E-6733,LAKE
ISS022-E-6734,LAKE
ISS022-E-6735,LAKE
ISS022-E-6736,LAKE
ISS022-E-6748,LAKE
ISS022-E-6749,LAKE
ISS022-E-6752,LAKE
ISS022-E-6753,LAKE
ISS022-E-6754,LAKE
ISS022-E-6755,LAKE
ISS022-E-6756,LAKE
ISS022-E-6796,LAKE
ISS022-E-6797,LAKE
ISS022-E-6798,LAKE
ISS022-E-6799,LAKE
ISS022-E-6800,LAKE
ISS022-E-6801,LAKE
ISS022-E-6802,LAKE
ISS022-E-6888,LAKE
ISS022-E-87738,LAKE
ISS022-E-87739,LAKE
ISS022-E-88688,LAKE
ISS022-E-88692,LAKE
ISS022-E-88693,LAKE
ISS022-E-89044,LAKE
ISS022-E-89045,LAKE
ISS022-E-89046,LAKE
ISS022-E-89047,LAKE
ISS022-E-89055,LAKE
ISS023-E-26898,LAKE
ISS023-E-27696,LAKE
ISS023-E-27719,LAKE
ISS023-E-27720,LAKE
ISS023-E-27721,LAKE
ISS023-E-27722,LAKE
ISS023-E-27966,LAKE
ISS023-E-27983,LAKE
ISS023-E-27984,LAKE
ISS023-E-27985,LAKE
ISS023-E-27992,LAKE
ISS023-E-27995,LAKE
ISS023-E-40230,LAKE
ISS023-E-40231,LAKE
ISS023-E-40232,LAKE
ISS023-E-40236,LAKE
ISS023-E-40237,LAKE
ISS023-E-40868,LAKE
ISS023-E-40869,LAKE
ISS023-E-40870,LAKE
ISS023-E-40871,LAKE
ISS023-E-42240,LAKE
ISS023-E-43953,LAKE
ISS023-E-43958,LAKE
ISS023-E-43959,LAKE
ISS023-E-47661,LAKE
ISS023-E-47662,LAKE
ISS023-E-47663,LAKE
ISS023-E-47664,LAKE
ISS023-E-47665,LAKE
ISS023-E-47666,LAKE
ISS023-E-47667,LAKE
ISS023-E-48067,LAKE
ISS023-E-48068,LAKE
ISS023-E-48069,LAKE
ISS023-E-50156,LAKE
ISS023-E-50157,LAKE
ISS023-E-50158,LAKE
ISS023-E-50159,LAKE
ISS023-E-52066,LAKE
ISS023-E-6366,LAKE
ISS023-E-9456,LAKE
ISS024-E-10957,LAKE
ISS024-E-10962,LAKE
ISS024-E-10963,LAKE
ISS024-E-10991,LAKE
ISS024-E-10992,LAKE
ISS024-E-10993,LAKE
ISS024-E-10994,LAKE
ISS024-E-10995,LAKE
ISS024-E-10997,LAKE
ISS024-E-10998,LAKE
ISS024-E-11000,LAKE
ISS024-E-11001,LAKE
ISS024-E-11002,LAKE
ISS024-E-11004,LAKE
ISS024-E-11005,LAKE
ISS024-E-11006,LAKE
ISS024-E-11007,LAKE
ISS024-E-5380,LAKE
ISS024-E-6056,LAKE
ISS024-E-8380,LAKE
ISS024-E-8381,LAKE
ISS024-E-8382,LAKE
ISS025-E-12518,LAKE
ISS025-E-12519,LAKE
ISS025-E-13554,LAKE
ISS025-E-14438,LAKE
ISS025-E-14439,LAKE
ISS025-E-14440,LAKE
ISS025-E-14441,LAKE
ISS025-E-14442,LAKE
ISS025-E-14443,LAKE
ISS025-E-14444,LAKE
ISS025-E-14445,LAKE
ISS025-E-14447,LAKE
ISS025-E-14448,LAKE
ISS025-E-14449,LAKE
ISS025-E-14450,LAKE
ISS025-E-14451,LAKE
ISS025-E-5516,LAKE
ISS025-E-5517,LAKE
ISS025-E-5518,LAKE
ISS025-E-5523,LAKE
ISS025-E-5528,LAKE
ISS025-E-5529,LAKE
ISS025-E-5531,LAKE
ISS025-E-5532,LAKE
ISS025-E-5550,LAKE
ISS025-E-5551,LAKE
ISS025-E-5553,LAKE
ISS025-E-5555,LAKE
ISS025-E-5556,LAKE
ISS025-E-5905,LAKE
ISS025-E-6164,LAKE
ISS025-E-6165,LAKE
ISS025-E-7702,LAKE
ISS025-E-7703,LAKE
ISS026-E-24276,LAKE
ISS026-E-24277,LAKE
ISS026-E-24278,LAKE
ISS026-E-24279,LAKE
ISS026-E-24280,LAKE
ISS026-E-24281,LAKE
ISS026-E-5658,LAKE
ISS026-E-5659,LAKE
ISS026-E-5660,LAKE
ISS026-E-5661,LAKE
ISS027-E-19970,LAKE
ISS027-E-19973,LAKE
ISS027-E-19974,LAKE
ISS027-E-19975,LAKE
ISS027-E-19976,LAKE
ISS027-E-19977,LAKE
ISS027-E-19978,LAKE
ISS027-E-23825,LAKE
ISS027-E-23826,LAKE
ISS027-E-23827,LAKE
ISS027-E-23828,LAKE
ISS027-E-23842,LAKE
ISS027-E-28837,LAKE
ISS027-E-28838,LAKE
ISS027-E-28839,LAKE
ISS027-E-8651,LAKE
ISS027-E-9380,LAKE
ISS028-E-14681,LAKE
ISS028-E-21723,LAKE
ISS028-E-21724,LAKE
ISS028-E-21725,LAKE
ISS028-E-7193,LAKE
ISS028-E-7194,LAKE
ISS028-E-7195,LAKE
ISS028-E-9325,LAKE
ISS028-E-9326,LAKE
ISS028-E-9327,LAKE
ISS029-E-17283,LAKE
ISS029-E-17284,LAKE
ISS029-E-17285,LAKE
ISS029-E-17291,LAKE
ISS029-E-17292,LAKE
ISS029-E-17293,LAKE
ISS029-E-18622,LAKE
ISS029-E-18632,LAKE
ISS029-E-18634,LAKE
ISS029-E-18635,LAKE
ISS029-E-18636,LAKE
ISS029-E-18637,LAKE
ISS029-E-18640,LAKE
ISS029-E-18641,LAKE
ISS029-E-18642,LAKE
ISS029-E-18643,LAKE
ISS029-E-18644,LAKE
ISS029-E-18647,LAKE
ISS029-E-20985,LAKE
ISS029-E-36390,LAKE
ISS029-E-36397,LAKE
ISS029-E-36398,LAKE
ISS029-E-36399,LAKE
ISS029-E-36400,LAKE
ISS029-E-36401,LAKE
ISS029-E-7959,LAKE
ISS029-E-7963,LAKE
ISS029-E-7964,LAKE
ISS029-E-7965,LAKE
ISS029-E-7966,LAKE
ISS029-E-7967,LAKE
ISS029-E-7988,LAKE
ISS029-E-7989,LAKE
ISS029-E-7990,LAKE
ISS029-E-7991,LAKE
ISS029-E-7992,LAKE
ISS029-E-7993,LAKE
ISS029-E-7994,LAKE
ISS029-E-9430,LAKE
ISS029-E-9431,LAKE
ISS029-E-9435,LAKE
ISS030-E-111300,LAKE
ISS030-E-111301,LAKE
ISS030-E-111302,LAKE
ISS030-E-111307,LAKE
ISS030-E-111388,LAKE
ISS030-E-111389,LAKE
ISS030-E-111404,LAKE
ISS030-E-111405,LAKE
ISS030-E-117827,LAKE
ISS030-E-156161,LAKE
ISS030-E-156162,LAKE
ISS030-E-16834,LAKE
ISS030-E-16835,LAKE
ISS030-E-192964,LAKE
ISS030-E-192965,LAKE
ISS030-E-192966,LAKE
ISS030-E-275333,LAKE
ISS030-E-275334,LAKE
ISS030-E-35647,LAKE
ISS030-E-5297,LAKE
ISS030-E-79512,LAKE
ISS030-E-79513,LAKE
ISS030-E-79514,LAKE
ISS030-E-79515,LAKE
ISS030-E-9200,LAKE
ISS030-E-9206,LAKE
ISS030-E-9429,LAKE
ISS030-E-9430,LAKE
ISS030-E-98405,LAKE
ISS030-E-98406,LAKE
ISS030-E-98407,LAKE
ISS030-E-98408,LAKE
ISS030-E-98409,LAKE
ISS030-E-98411,LAKE
ISS030-E-98412,LAKE
ISS031-E-5836,LAKE
ISS031-E-6383,LAKE
ISS031-E-6392,LAKE
ISS032-E-10522,LAKE
ISS032-E-10523,LAKE
ISS032-E-10524,LAKE
ISS032-E-23413,LAKE
ISS032-E-23424,LAKE
ISS032-E-23425,LAKE
ISS032-E-23426,LAKE
ISS032-E-23427,LAKE
ISS032-E-23428,LAKE
ISS032-E-23429,LAKE
ISS032-E-23430,LAKE
ISS032-E-23436,LAKE
ISS032-E-23437,LAKE
ISS032-E-23438,LAKE
ISS032-E-8634,LAKE
ISS032-E-8962,LAKE
ISS032-E-8963,LAKE
ISS032-E-8964,LAKE
ISS033-E-12047,LAKE
ISS033-E-12048,LAKE
ISS033-E-12952,LAKE
ISS033-E-16336,LAKE
ISS033-E-9036,LAKE
ISS033-E-9037,LAKE
ISS033-E-9039,LAKE
ISS033-E-9040,LAKE
ISS033-E-9041,LAKE
ISS033-E-9042,LAKE
ISS033-E-9045,LAKE
ISS033-E-9052,LAKE
ISS033-E-9053,LAKE
ISS033-E-9057,LAKE
ISS033-E-9058,LAKE
ISS033-E-9061,LAKE
ISS033-E-9062,LAKE
ISS034-E-28191,LAKE
ISS034-E-28192,LAKE
ISS034-E-28193,LAKE
ISS034-E-28198,LAKE
ISS034-E-28204,LAKE
ISS034-E-30006,LAKE
ISS034-E-30037,LAKE
ISS034-E-30038,LAKE
ISS034-E-30039,LAKE
ISS034-E-30040,LAKE
ISS034-E-30041,LAKE
ISS034-E-30042,LAKE
ISS034-E-30043,LAKE
ISS034-E-30044,LAKE
ISS034-E-30046,LAKE
ISS034-E-30047,LAKE
ISS034-E-30048,LAKE
ISS034-E-30049,LAKE
ISS034-E-30050,LAKE
ISS034-E-30052,LAKE
ISS034-E-30053,LAKE
ISS034-E-30054,LAKE
ISS034-E-30055,LAKE
ISS034-E-30056,LAKE
ISS034-E-30057,LAKE
ISS034-E-30058,LAKE
ISS034-E-30723,LAKE
ISS034-E-30724,LAKE
ISS034-E-31617,LAKE
ISS034-E-32008,LAKE
ISS034-E-32009,LAKE
ISS034-E-32010,LAKE
ISS034-E-32011,LAKE
ISS034-E-49445,LAKE
ISS034-E-49446,LAKE
ISS034-E-49447,LAKE
ISS034-E-49448,LAKE
ISS034-E-49449,LAKE
ISS034-E-49932,LAKE
ISS034-E-49933,LAKE
ISS034-E-49934,LAKE
ISS034-E-49935,LAKE
ISS034-E-49936,LAKE
ISS034-E-5309,LAKE
ISS034-E-5311,LAKE
ISS035-E-5325,LAKE
ISS035-E-5326,LAKE
ISS035-E-5828,LAKE
ISS035-E-5829,LAKE
ISS036-E-14083,LAKE
ISS036-E-14085,LAKE
ISS036-E-14087,LAKE
ISS036-E-14089,LAKE
ISS036-E-14091,LAKE
ISS036-E-21146,LAKE
ISS036-E-21155,LAKE
ISS036-E-2488,LAKE
ISS036-E-2489,LAKE
ISS036-E-37731,LAKE
ISS036-E-6215,LAKE
ISS036-E-6216,LAKE
ISS036-E-7298,LAKE
ISS036-E-7299,LAKE
ISS036-E-7300,LAKE
ISS036-E-7307,LAKE
ISS036-E-7308,LAKE
ISS036-E-7309,LAKE
ISS036-E-7310,LAKE
ISS036-E-7311,LAKE
ISS036-E-7312,LAKE
ISS036-E-7313,LAKE
ISS036-E-7317,LAKE
ISS036-E-7318,LAKE
ISS036-E-7319,LAKE
ISS036-E-7323,LAKE
ISS036-E-7325,LAKE
ISS036-E-7326,LAKE
ISS036-E-7327,LAKE
ISS036-E-7328,LAKE
ISS036-E-7329,LAKE
ISS036-E-7334,LAKE
ISS036-E-7335,LAKE
ISS036-E-7336,LAKE
ISS036-E-7392,LAKE
ISS036-E-7393,LAKE
ISS036-E-7399,LAKE
ISS036-E-7400,LAKE
ISS036-E-7406,LAKE
ISS036-E-930,LAKE
ISS036-E-931,LAKE
ISS037-E-2005,LAKE
ISS037-E-2006,LAKE
ISS037-E-2007,LAKE
ISS037-E-2008,LAKE
ISS037-E-2016,LAKE
ISS037-E-2017,LAKE
ISS037-E-2018,LAKE
ISS037-E-2019,LAKE
ISS037-E-2046,LAKE
ISS037-E-2047,LAKE
ISS037-E-2048,LAKE
ISS037-E-27385,LAKE
ISS037-E-27386,LAKE
ISS037-E-27387,LAKE
ISS037-E-27388,LAKE
ISS038-E-2135,LAKE
ISS038-E-2136,LAKE
ISS038-E-2140,LAKE
ISS038-E-3582,LAKE
ISS038-E-449,LAKE
ISS038-E-450,LAKE
ISS038-E-51653,LAKE
ISS039-E-18682,LAKE
ISS039-E-18683,LAKE
ISS039-E-18684,LAKE
ISS039-E-18685,LAKE
ISS039-E-18686,LAKE
ISS039-E-18687,LAKE
ISS039-E-20441,LAKE
ISS039-E-20442,LAKE
ISS039-E-20443,LAKE
ISS039-E-20444,LAKE
ISS039-E-20445,LAKE
ISS039-E-20446,LAKE
ISS040-E-105032,LAKE
ISS040-E-105033,LAKE
ISS040-E-105034,LAKE
ISS040-E-105035,LAKE
ISS040-E-105580,LAKE
ISS040-E-105581,LAKE
ISS040-E-105588,LAKE
ISS040-E-105589,LAKE
ISS040-E-105590,LAKE
ISS040-E-10650,LAKE
ISS040-E-10651,LAKE
ISS040-E-10652,LAKE
ISS040-E-10653,LAKE
ISS040-E-10654,LAKE
ISS040-E-10655,LAKE
ISS040-E-10656,LAKE
ISS040-E-10657,LAKE
ISS040-E-10658,LAKE
ISS040-E-10659,LAKE
ISS040-E-10660,LAKE
ISS040-E-10661,LAKE
ISS040-E-10662,LAKE
ISS040-E-10663,LAKE
ISS040-E-10664,LAKE
ISS040-E-10665,LAKE
ISS040-E-10666,LAKE
ISS040-E-10667,LAKE
ISS040-E-10668,LAKE
ISS040-E-10669,LAKE
ISS040-E-10670,LAKE
ISS040-E-10671,LAKE
ISS040-E-10672,LAKE
ISS040-E-10673,LAKE
ISS040-E-10674,LAKE
ISS040-E-10675,LAKE
ISS040-E-10676,LAKE
ISS040-E-10677,LAKE
ISS040-E-10678,LAKE
ISS040-E-10679,LAKE
ISS040-E-10680,LAKE
ISS040-E-10681,LAKE
ISS040-E-10682,LAKE
ISS040-E-10683,LAKE
ISS040-E-10684,LAKE
ISS040-E-10685,LAKE
ISS040-E-10686,LAKE
ISS040-E-10687,LAKE
ISS040-E-10688,LAKE
ISS040-E-10714,LAKE
ISS040-E-10715,LAKE
ISS040-E-10716,LAKE
ISS040-E-10717,LAKE
ISS040-E-10718,LAKE
ISS040-E-10719,LAKE
ISS040-E-10720,LAKE
ISS040-E-10721,LAKE
ISS040-E-10722,LAKE
ISS040-E-10723,LAKE
ISS040-E-10724,LAKE
ISS040-E-10725,LAKE
ISS040-E-10726,LAKE
ISS040-E-10727,LAKE
ISS040-E-10728,LAKE
ISS040-E-10729,LAKE
ISS040-E-10730,LAKE
ISS040-E-10731,LAKE
ISS040-E-10732,LAKE
ISS040-E-10733,LAKE
ISS040-E-10734,LAKE
ISS040-E-10735,LAKE
ISS040-E-10736,LAKE
ISS040-E-10737,LAKE
ISS040-E-10738,LAKE
ISS040-E-10739,LAKE
ISS040-E-10740,LAKE
ISS040-E-10741,LAKE
ISS040-E-10742,LAKE
ISS040-E-10743,LAKE
ISS040-E-10744,LAKE
ISS040-E-10745,LAKE
ISS040-E-10746,LAKE
ISS040-E-10747,LAKE
ISS040-E-10748,LAKE
ISS040-E-10749,LAKE
ISS040-E-10750,LAKE
ISS040-E-113833,LAKE
ISS040-E-113834,LAKE
ISS040-E-113835,LAKE
ISS040-E-114370,LAKE
ISS040-E-114371,LAKE
ISS040-E-114372,LAKE
ISS040-E-114373,LAKE
ISS040-E-114374,LAKE
ISS040-E-114375,LAKE
ISS040-E-114376,LAKE
ISS040-E-114377,LAKE
ISS040-E-114378,LAKE
ISS040-E-114379,LAKE
ISS040-E-120744,LAKE
ISS040-E-120745,LAKE
ISS040-E-120746,LAKE
ISS040-E-120747,LAKE
ISS040-E-120748,LAKE
ISS040-E-120749,LAKE
ISS040-E-120764,LAKE
ISS040-E-120765,LAKE
ISS040-E-120766,LAKE
ISS040-E-120767,LAKE
ISS040-E-120768,LAKE
ISS040-E-120769,LAKE
ISS040-E-120770,LAKE
ISS040-E-120771,LAKE
ISS040-E-120772,LAKE
ISS040-E-124822,LAKE
ISS040-E-125254,LAKE
ISS040-E-125255,LAKE
ISS040-E-125256,LAKE
ISS040-E-125257,LAKE
ISS040-E-131374,LAKE
ISS040-E-131375,LAKE
ISS040-E-131376,LAKE
ISS040-E-131377,LAKE
ISS040-E-131378,LAKE
ISS040-E-5888,LAKE
ISS040-E-5904,LAKE
ISS040-E-5909,LAKE
ISS040-E-5910,LAKE
ISS040-E-5911,LAKE
ISS040-E-71573,LAKE
ISS040-E-71574,LAKE
ISS040-E-71575,LAKE
ISS040-E-71576,LAKE
ISS040-E-71577,LAKE
ISS040-E-71578,LAKE
ISS040-E-71579,LAKE
ISS040-E-71580,LAKE
ISS040-E-71581,LAKE
ISS040-E-71582,LAKE
ISS040-E-71583,LAKE
ISS040-E-71584,LAKE
ISS040-E-75452,LAKE
ISS040-E-75453,LAKE
ISS040-E-75455,LAKE
ISS040-E-8209,LAKE
ISS040-E-8630,LAKE
ISS040-E-8631,LAKE
ISS041-E-111048,LAKE
ISS041-E-111049,LAKE
ISS041-E-111050,LAKE
ISS041-E-111051,LAKE
ISS042-E-135309,LAKE
ISS042-E-135310,LAKE
ISS042-E-135378,LAKE
ISS042-E-37647,LAKE
ISS042-E-46248,LAKE
ISS042-E-46249,LAKE
ISS042-E-46250,LAKE
ISS042-E-46251,LAKE
ISS042-E-46456,LAKE
ISS042-E-46457,LAKE
ISS042-E-46458,LAKE
ISS042-E-53732,LAKE
ISS042-E-53733,LAKE
ISS042-E-53740,LAKE
ISS042-E-71181,LAKE
ISS042-E-80199,LAKE
ISS043-E-101878,LAKE
ISS043-E-101879,LAKE
ISS043-E-101880,LAKE
ISS043-E-101881,LAKE
ISS043-E-101882,LAKE
ISS043-E-101883,LAKE
ISS043-E-101884,LAKE
ISS043-E-101885,LAKE
ISS043-E-122601,LAKE
ISS043-E-122602,LAKE
ISS043-E-122603,LAKE
ISS043-E-122604,LAKE
ISS043-E-122605,LAKE
ISS043-E-122606,LAKE
ISS043-E-186766,LAKE
ISS043-E-186767,LAKE
ISS043-E-186768,LAKE
ISS043-E-186784,LAKE
ISS043-E-186785,LAKE
ISS043-E-186786,LAKE
ISS043-E-186787,LAKE
ISS043-E-186788,LAKE
ISS043-E-186789,LAKE
ISS043-E-186790,LAKE
ISS043-E-186791,LAKE
ISS043-E-186792,LAKE
ISS043-E-186793,LAKE
ISS043-E-186794,LAKE
ISS043-E-186795,LAKE
ISS043-E-186796,LAKE
ISS043-E-186797,LAKE
ISS043-E-186798,LAKE
ISS043-E-186799,LAKE
ISS043-E-186800,LAKE
ISS043-E-186801,LAKE
ISS043-E-186802,LAKE
ISS043-E-186803,LAKE
ISS043-E-186804,LAKE
ISS043-E-186805,LAKE
ISS043-E-186806,LAKE
ISS043-E-186807,LAKE
ISS043-E-186808,LAKE
ISS043-E-186809,LAKE
ISS043-E-186810,LAKE
ISS043-E-186811,LAKE
ISS043-E-186812,LAKE
ISS043-E-186813,LAKE
ISS043-E-189215,LAKE
ISS043-E-189216,LAKE
ISS043-E-189217,LAKE
ISS043-E-189218,LAKE
ISS043-E-189219,LAKE
ISS043-E-189220,LAKE
ISS043-E-189221,LAKE
ISS043-E-189222,LAKE
ISS043-E-189223,LAKE
ISS044-E-77235,LAKE
ISS045-E-53144,LAKE
ISS045-E-53145,LAKE
ISS048-E-26332,LAKE
ISS048-E-43325,LAKE
ISS048-E-493,LAKE
ISS048-E-494,LAKE
ISS048-E-495,LAKE
ISS048-E-496,LAKE
ISS048-E-497,LAKE
ISS048-E-589,LAKE
ISS048-E-6553,LAKE
ISS048-E-68354,LAKE
ISS048-E-68355,LAKE
ISS048-E-73463,LAKE
ISS048-E-73464,LAKE
ISS048-E-73465,LAKE
ISS048-E-73466,LAKE
ISS048-E-73467,LAKE
ISS048-E-73468,LAKE
ISS048-E-73469,LAKE
ISS048-E-73470,LAKE
ISS048-E-73471,LAKE
ISS048-E-73472,LAKE
ISS048-E-73473,LAKE
ISS048-E-73474,LAKE
ISS048-E-73475,LAKE
ISS048-E-73476,LAKE
ISS052-E-6391,LAKE
ISS052-E-6394,LAKE
ISS052-E-6395,LAKE
ISS052-E-6401,LAKE
ISS052-E-6404,LAKE
ISS052-E-6406,LAKE
ISS052-E-6410,LAKE
ISS053-E-101394,LAKE
ISS053-E-101395,LAKE
ISS053-E-101396,LAKE
SL3-122-2569,LAKE
SL3-25-59,LAKE
SL3-26-59,LAKE
SL3-27-59,LAKE
SL3-29-59,LAKE
SL3-30-59,LAKE
STS034-72-50,LAKE
STS034-72-51,LAKE
STS048-106-63,LAKE
STS056-91-67,LAKE
STS056-91-68,LAKE
STS056-97-87,LAKE
STS058-73-85,LAKE
STS058-74-R,LAKE
STS058-83-32,LAKE
STS058-83-33,LAKE
STS059-72-14,LAKE
STS059-81-80,LAKE
STS059-86-57,LAKE
STS062-85-164,LAKE
STS062-85-165,LAKE
STS064-101-S,LAKE
STS064-208-66,LAKE
STS064-208-67,LAKE
STS064-208-68,LAKE
STS064-80-77,LAKE
STS064-80-78,LAKE
STS066-94-67,LAKE
STS066-94-68,LAKE
STS068-214-27,LAKE
STS068-218-20,LAKE
STS068-218-21,LAKE
STS068-228-35,LAKE
STS068-228-37,LAKE
STS068-256-85,LAKE
STS073-703-28,LAKE
STS073-706-23,LAKE
STS073-706-24,LAKE
STS073-706-25,LAKE
STS098-333-21,LAKE
STS098-333-22,LAKE
STS098-333-28,LAKE
STS098-333-30,LAKE
STS098-333-31,LAKE
STS098-333-32,LAKE
STS098-714A-40,LAKE
STS098-714A-41,LAKE
STS098-714A-42,LAKE
STS098-718-77,LAKE
STS098-718-78,LAKE
STS098-718-79,LAKE
STS100-350-16,LAKE
STS100-710-118,LAKE
STS100-710-119,LAKE
STS100-710-120,LAKE
STS101-724-17,LAKE
STS101-724-18,LAKE
STS105-703-88,LAKE
STS105-703-89,LAKE
STS105-703-90,LAKE
STS105-703-91,LAKE
STS111-703-86,LAKE
STS111-719-42,LAKE
STS117-E-9561,LAKE
STS117-E-9567,LAKE
STS120-E-10953,LAKE
STS120-E-10954,LAKE
STS120-E-10955,LAKE
STS51F-31-15,LAKE
STS51F-31-16,LAKE
STS51F-31-17,LAKE
STS51F-43-80,LAKE
STS61A-201-74,LAKE
STS61A-48-88,LAKE
