AS07-5-1627,ISLAND
ISS002-318-32,ISLAND
ISS002-703-131,ISLAND
ISS002-703-134,ISLAND
ISS002-703-169,ISLAND
ISS002-703-170,ISLAND
ISS002-E-5673,ISLAND
ISS002-E-6889,ISLAND
ISS002-E-6929,ISLAND
ISS002-E-6984,ISLAND
ISS002-E-6985,ISLAND
ISS002-E-7102,ISLAND
ISS002-E-7103,ISLAND
ISS002-E-7105,ISLAND
ISS002-E-7140,ISLAND
ISS002-E-7383,ISLAND
ISS002-E-7426,ISLAND
ISS002-E-7430,ISLAND
ISS002-E-8947,ISLAND
ISS002-E-9191,ISLAND
ISS002-E-9192,ISLAND
ISS002-E-9193,ISLAND
ISS002-E-9194,ISLAND
ISS002-E-9213,ISLAND
ISS002-E-9365,ISLAND
ISS002-E-9522,ISLAND
ISS004-704-69,ISLAND
ISS004-704-70,ISLAND
ISS004-704-71,ISLAND
ISS004-704-72,ISLAND
ISS004-704-73,ISLAND
ISS004-704-74,ISLAND
ISS004-725-55,ISLAND
ISS004-725-56,ISLAND
ISS004-725-57,ISLAND
ISS004-725-58,ISLAND
ISS004-725-59,ISLAND
ISS004-E-11180,ISLAND
ISS004-E-11182,ISLAND
ISS004-E-11183,ISLAND
ISS004-E-12985,ISLAND
ISS004-E-13331,ISLAND
ISS004-E-5778,ISLAND
ISS004-E-6774,ISLAND
ISS004-E-7009,ISLAND
ISS004-E-7671,ISLAND
ISS004-E-7971,ISLAND
ISS004-E-7972,ISLAND
ISS004-E-7973,ISLAND
ISS004-E-7974,ISLAND
ISS004-E-7976,ISLAND
ISS005-E-16120,ISLAND
ISS005-E-16121,ISLAND
ISS005-E-16122,ISLAND
ISS005-E-16124,ISLAND
ISS005-E-17579,ISLAND
ISS005-E-17581,ISLAND
ISS006-E-13579,ISLAND
ISS006-E-13580,ISLAND
ISS006-E-13581,ISLAND
ISS006-E-13582,ISLAND
ISS006-E-13583,ISLAND
ISS006-E-13584,ISLAND
ISS006-E-15425,ISLAND
ISS006-E-33289,ISLAND
ISS006-E-33290,ISLAND
ISS006-E-33291,ISLAND
ISS006-E-33292,ISLAND
ISS006-E-33298,ISLAND
ISS006-E-33305,ISLAND
ISS006-E-33309,ISLAND
ISS006-E-33310,ISLAND
ISS006-E-33312,ISLAND
ISS006-E-33317,ISLAND
ISS006-E-33322,ISLAND
ISS006-E-33323,ISLAND
ISS006-E-33331,ISLAND
ISS006-E-33371,ISLAND
ISS006-E-33372,ISLAND
ISS006-E-33373,ISLAND
ISS006-E-33374,ISLAND
ISS006-E-33375,ISLAND
ISS006-E-33764,ISLAND
ISS006-E-33765,ISLAND
ISS006-E-33766,ISLAND
ISS006-E-33767,ISLAND
ISS006-E-33773,ISLAND
ISS006-E-33778,ISLAND
ISS006-E-33781,ISLAND
ISS006-E-39911,ISLAND
ISS006-E-40314,ISLAND
ISS006-E-40317,ISLAND
ISS006-E-40885,ISLAND
ISS006-E-40886,ISLAND
ISS006-E-40887,ISLAND
ISS006-E-40894,ISLAND
ISS006-E-40895,ISLAND
ISS006-E-44082,ISLAND
ISS006-E-44083,ISLAND
ISS006-E-7799,ISLAND
ISS006-E-7800,ISLAND
ISS006-E-9329,ISLAND
ISS006-E-9330,ISLAND
ISS008-E-19262,ISLAND
ISS008-E-19263,ISLAND
ISS008-E-19264,ISLAND
ISS008-E-19265,ISLAND
ISS008-E-19266,ISLAND
ISS008-E-19267,ISLAND
ISS009-E-11238,ISLAND
ISS009-E-11239,ISLAND
ISS009-E-11244,ISLAND
ISS009-E-11245,ISLAND
ISS009-E-21754,ISLAND
ISS009-E-25024,ISLAND
ISS009-E-7320,ISLAND
ISS009-E-7321,ISLAND
ISS009-E-7473,ISLAND
ISS009-E-7474,ISLAND
ISS009-E-7505,ISLAND
ISS009-E-7506,ISLAND
ISS009-E-7507,ISLAND
ISS010-E-14338,ISLAND
ISS010-E-17442,ISLAND
ISS010-E-17443,ISLAND
ISS010-E-6778,ISLAND
ISS010-E-6779,ISLAND
ISS010-E-6780,ISLAND
ISS010-E-7389,ISLAND
ISS010-E-7391,ISLAND
ISS011-E-5426,ISLAND
ISS012-E-21565,ISLAND
ISS013-E-11035,ISLAND
ISS013-E-11115,ISLAND
ISS013-E-11116,ISLAND
ISS013-E-11117,ISLAND
ISS013-E-11118,ISLAND
ISS013-E-11119,ISLAND
ISS013-E-11120,ISLAND
ISS013-E-11121,ISLAND
ISS013-E-11122,ISLAND
ISS013-E-11123,ISLAND
ISS013-E-11124,ISLAND
ISS013-E-11125,ISLAND
ISS013-E-11126,ISLAND
ISS013-E-12279,ISLAND
ISS013-E-12280,ISLAND
ISS013-E-12281,ISLAND
ISS013-E-12282,ISLAND
ISS013-E-12283,ISLAND
ISS013-E-12284,ISLAND
ISS013-E-12285,ISLAND
ISS013-E-12791,ISLAND
ISS013-E-12792,ISLAND
ISS013-E-12793,ISLAND
ISS013-E-12794,ISLAND
ISS013-E-12795,ISLAND
ISS013-E-12796,ISLAND
ISS013-E-14154,ISLAND
ISS013-E-14167,ISLAND
ISS013-E-14168,ISLAND
ISS013-E-14203,ISLAND
ISS013-E-14204,ISLAND
ISS013-E-14205,ISLAND
ISS013-E-14206,ISLAND
ISS013-E-14207,ISLAND
ISS013-E-14208,ISLAND
ISS013-E-14212,ISLAND
ISS013-E-14213,ISLAND
ISS013-E-14214,ISLAND
ISS013-E-14227,ISLAND
ISS013-E-14228,ISLAND
ISS013-E-14229,ISLAND
ISS013-E-14230,ISLAND
ISS013-E-14231,ISLAND
ISS013-E-14232,ISLAND
ISS013-E-14233,ISLAND
ISS013-E-14234,ISLAND
ISS013-E-14235,ISLAND
ISS013-E-14236,ISLAND
ISS013-E-14237,ISLAND
ISS013-E-14238,ISLAND
ISS013-E-14239,ISLAND
ISS013-E-14240,ISLAND
ISS013-E-14241,ISLAND
ISS013-E-14242,ISLAND
ISS013-E-14243,ISLAND
ISS013-E-14244,ISLAND
ISS013-E-14402,ISLAND
ISS013-E-14403,ISLAND
ISS013-E-14404,ISLAND
ISS013-E-14405,ISLAND
ISS013-E-15329,ISLAND
ISS013-E-15330,ISLAND
ISS013-E-15331,ISLAND
ISS013-E-15332,ISLAND
ISS013-E-18904,ISLAND
ISS013-E-18905,ISLAND
ISS013-E-18908,ISLAND
ISS013-E-18909,ISLAND
ISS013-E-18910,ISLAND
ISS013-E-18911,ISLAND
ISS013-E-18912,ISLAND
ISS013-E-22107,ISLAND
ISS013-E-22108,ISLAND
ISS013-E-22109,ISLAND
ISS013-E-22110,ISLAND
ISS013-E-22323,ISLAND
ISS013-E-22324,ISLAND
ISS013-E-22325,ISLAND
ISS013-E-23882,ISLAND
ISS013-E-24146,ISLAND
ISS013-E-24147,ISLAND
ISS013-E-24148,ISLAND
ISS013-E-24149,ISLAND
ISS013-E-24150,ISLAND
ISS013-E-5049,ISLAND
ISS013-E-5915,ISLAND
ISS013-E-6518,ISLAND
ISS013-E-66223,ISLAND
ISS013-E-6845,ISLAND
ISS013-E-6846,ISLAND
ISS013-E-6847,ISLAND
ISS013-E-6848,ISLAND
ISS013-E-6849,ISLAND
ISS013-E-6850,ISLAND
ISS013-E-6851,ISLAND
ISS013-E-6852,ISLAND
ISS013-E-7102,ISLAND
ISS013-E-7103,ISLAND
ISS013-E-7698,ISLAND
ISS013-E-77783,ISLAND
ISS013-E-86164,ISLAND
ISS013-E-9705,ISLAND
ISS014-E-12353,ISLAND
ISS014-E-8001,ISLAND
ISS016-E-35331,ISLAND
ISS016-E-35332,ISLAND
ISS016-E-35333,ISLAND
ISS016-E-35334,ISLAND
ISS017-E-10602,ISLAND
ISS017-E-10603,ISLAND
ISS017-E-10604,ISLAND
ISS017-E-10605,ISLAND
ISS017-E-10610,ISLAND
ISS017-E-10611,ISLAND
ISS017-E-10612,ISLAND
ISS017-E-18771,ISLAND
ISS017-E-18772,ISLAND
ISS017-E-18773,ISLAND
ISS017-E-18774,ISLAND
ISS017-E-18775,ISLAND
ISS017-E-18776,ISLAND
ISS017-E-18780,ISLAND
ISS017-E-18781,ISLAND
ISS017-E-18782,ISLAND
ISS017-E-18783,ISLAND
ISS017-E-18784,ISLAND
ISS017-E-18785,ISLAND
ISS017-E-6249,ISLAND
ISS018-E-8119,ISLAND
ISS018-E-8139,ISLAND
ISS018-E-8140,ISLAND
ISS018-E-8141,ISLAND
ISS018-E-8142,ISLAND
ISS018-E-8143,ISLAND
ISS019-E-19536,ISLAND
ISS019-E-19537,ISLAND
ISS019-E-19538,ISLAND
ISS019-E-19539,ISLAND
ISS019-E-19540,ISLAND
ISS019-E-19730,ISLAND
ISS019-E-19731,ISLAND
ISS020-E-30846,ISLAND
ISS020-E-30847,ISLAND
ISS020-E-5137,ISLAND
ISS020-E-5138,ISLAND
ISS020-E-6555,ISLAND
ISS020-E-6556,ISLAND
ISS020-E-6557,ISLAND
ISS020-E-6578,ISLAND
ISS020-E-6579,ISLAND
ISS020-E-6580,ISLAND
ISS020-E-6581,ISLAND
ISS020-E-6582,ISLAND
ISS020-E-6583,ISLAND
ISS020-E-6584,ISLAND
ISS020-E-6585,ISLAND
ISS020-E-6586,ISLAND
ISS020-E-6587,ISLAND
ISS020-E-6588,ISLAND
ISS020-E-6589,ISLAND
ISS020-E-6590,ISLAND
ISS020-E-6591,ISLAND
ISS021-E-25742,ISLAND
ISS021-E-25743,ISLAND
ISS021-E-25744,ISLAND
ISS021-E-25746,ISLAND
ISS021-E-25748,ISLAND
ISS021-E-25749,ISLAND
ISS021-E-7867,ISLAND
ISS021-E-7868,ISLAND
ISS021-E-7869,ISLAND
ISS021-E-7870,ISLAND
ISS021-E-7871,ISLAND
ISS022-E-11272,ISLAND
ISS022-E-11469,ISLAND
ISS022-E-11470,ISLAND
ISS022-E-11471,ISLAND
ISS022-E-11472,ISLAND
ISS022-E-11474,ISLAND
ISS022-E-11475,ISLAND
ISS022-E-11476,ISLAND
ISS022-E-11477,ISLAND
ISS022-E-11478,ISLAND
ISS022-E-11479,ISLAND
ISS022-E-11480,ISLAND
ISS022-E-11481,ISLAND
ISS022-E-11482,ISLAND
ISS022-E-11483,ISLAND
ISS022-E-11484,ISLAND
ISS022-E-11485,ISLAND
ISS022-E-11486,ISLAND
ISS022-E-11487,ISLAND
ISS022-E-11488,ISLAND
ISS022-E-11491,ISLAND
ISS022-E-11492,ISLAND
ISS022-E-11493,ISLAND
ISS022-E-11494,ISLAND
ISS022-E-11495,ISLAND
ISS022-E-11496,ISLAND
ISS022-E-11497,ISLAND
ISS022-E-11498,ISLAND
ISS022-E-11499,ISLAND
ISS022-E-11500,ISLAND
ISS022-E-12127,ISLAND
ISS022-E-21189,ISLAND
ISS022-E-21778,ISLAND
ISS022-E-21779,ISLAND
ISS022-E-21780,ISLAND
ISS022-E-21781,ISLAND
ISS022-E-23152,ISLAND
ISS022-E-23153,ISLAND
ISS022-E-23154,ISLAND
ISS022-E-23156,ISLAND
ISS022-E-23157,ISLAND
ISS022-E-23158,ISLAND
ISS022-E-23159,ISLAND
ISS022-E-24623,ISLAND
ISS022-E-26723,ISLAND
ISS022-E-6462,ISLAND
ISS022-E-6463,ISLAND
ISS022-E-6464,ISLAND
ISS022-E-6465,ISLAND
ISS022-E-6466,ISLAND
ISS022-E-65862,ISLAND
ISS022-E-65863,ISLAND
ISS022-E-65864,ISLAND
ISS022-E-65865,ISLAND
ISS022-E-65866,ISLAND
ISS022-E-65867,ISLAND
ISS022-E-65868,ISLAND
ISS022-E-65869,ISLAND
ISS022-E-65870,ISLAND
ISS022-E-65871,ISLAND
ISS022-E-65872,ISLAND
ISS022-E-65873,ISLAND
ISS022-E-65874,ISLAND
ISS022-E-65875,ISLAND
ISS022-E-65876,ISLAND
ISS022-E-65877,ISLAND
ISS022-E-65878,ISLAND
ISS022-E-65879,ISLAND
ISS022-E-75047,ISLAND
ISS022-E-75048,ISLAND
ISS022-E-75049,ISLAND
ISS022-E-7955,ISLAND
ISS022-E-7956,ISLAND
ISS022-E-7958,ISLAND
ISS022-E-7959,ISLAND
ISS022-E-7960,ISLAND
ISS022-E-7961,ISLAND
ISS022-E-7962,ISLAND
ISS022-E-7963,ISLAND
ISS022-E-7964,ISLAND
ISS022-E-7965,ISLAND
ISS022-E-7966,ISLAND
ISS022-E-7967,ISLAND
ISS022-E-7968,ISLAND
ISS022-E-7969,ISLAND
ISS022-E-7970,ISLAND
ISS022-E-7971,ISLAND
ISS022-E-7972,ISLAND
ISS022-E-7973,ISLAND
ISS022-E-7974,ISLAND
ISS022-E-7975,ISLAND
ISS022-E-81375,ISLAND
ISS022-E-82598,ISLAND
ISS022-E-8439,ISLAND
ISS022-E-85540,ISLAND
ISS022-E-85541,ISLAND
ISS022-E-85542,ISLAND
ISS022-E-85543,ISLAND
ISS022-E-85544,ISLAND
ISS022-E-85545,ISLAND
ISS022-E-85546,ISLAND
ISS022-E-85547,ISLAND
ISS022-E-85548,ISLAND
ISS022-E-85549,ISLAND
ISS022-E-85550,ISLAND
ISS022-E-85551,ISLAND
ISS022-E-85552,ISLAND
ISS022-E-92072,ISLAND
ISS022-E-92103,ISLAND
ISS022-E-92109,ISLAND
ISS022-E-92110,ISLAND
ISS022-E-92111,ISLAND
ISS022-E-92112,ISLAND
ISS022-E-92113,ISLAND
ISS022-E-92114,ISLAND
ISS022-E-94002,ISLAND
ISS022-E-94003,ISLAND
ISS022-E-94004,ISLAND
ISS022-E-94005,ISLAND
ISS022-E-94006,ISLAND
ISS022-E-94007,ISLAND
ISS022-E-94008,ISLAND
ISS022-E-94010,ISLAND
ISS022-E-94011,ISLAND
ISS022-E-94012,ISLAND
ISS022-E-94013,ISLAND
ISS022-E-94014,ISLAND
ISS022-E-94375,ISLAND
ISS022-E-94376,ISLAND
ISS022-E-94377,ISLAND
ISS022-E-94378,ISLAND
ISS022-E-94379,ISLAND
ISS022-E-94380,ISLAND
ISS022-E-94381,ISLAND
ISS022-E-94382,ISLAND
ISS022-E-94383,ISLAND
ISS022-E-94384,ISLAND
ISS022-E-94385,ISLAND
ISS022-E-94386,ISLAND
ISS022-E-94387,ISLAND
ISS022-E-94388,ISLAND
ISS022-E-94389,ISLAND
ISS022-E-94390,ISLAND
ISS022-E-94391,ISLAND
ISS022-E-94392,ISLAND
ISS022-E-94393,ISLAND
ISS022-E-94394,ISLAND
ISS022-E-94395,ISLAND
ISS022-E-94705,ISLAND
ISS022-E-94706,ISLAND
ISS022-E-94707,ISLAND
ISS022-E-94708,ISLAND
ISS022-E-94709,ISLAND
ISS022-E-97364,ISLAND
ISS026-E-16064,ISLAND
ISS026-E-16065,ISLAND
ISS026-E-16066,ISLAND
ISS026-E-16067,ISLAND
ISS026-E-16068,ISLAND
ISS026-E-16069,ISLAND
ISS026-E-16070,ISLAND
ISS026-E-16071,ISLAND
ISS026-E-16072,ISLAND
ISS026-E-16073,ISLAND
ISS026-E-16074,ISLAND
ISS026-E-16075,ISLAND
ISS026-E-16076,ISLAND
ISS026-E-16077,ISLAND
ISS026-E-16078,ISLAND
ISS026-E-16079,ISLAND
ISS026-E-16308,ISLAND
ISS026-E-16309,ISLAND
ISS026-E-16312,ISLAND
ISS026-E-16912,ISLAND
ISS026-E-16913,ISLAND
ISS026-E-37434,ISLAND
ISS026-E-37435,ISLAND
ISS026-E-37458,ISLAND
ISS026-E-37459,ISLAND
ISS026-E-37460,ISLAND
ISS026-E-37461,ISLAND
ISS026-E-37872,ISLAND
ISS026-E-37873,ISLAND
ISS026-E-37874,ISLAND
ISS026-E-37875,ISLAND
ISS026-E-6482,ISLAND
ISS026-E-6483,ISLAND
ISS026-E-6484,ISLAND
ISS026-E-6485,ISLAND
ISS027-E-15392,ISLAND
ISS027-E-17932,ISLAND
ISS028-E-23358,ISLAND
ISS028-E-23359,ISLAND
ISS028-E-23360,ISLAND
ISS028-E-23363,ISLAND
ISS028-E-23364,ISLAND
ISS028-E-23365,ISLAND
ISS028-E-23366,ISLAND
ISS028-E-23367,ISLAND
ISS028-E-23368,ISLAND
ISS028-E-23369,ISLAND
ISS028-E-23370,ISLAND
ISS028-E-23371,ISLAND
ISS028-E-23372,ISLAND
ISS028-E-23373,ISLAND
ISS028-E-23374,ISLAND
ISS028-E-23375,ISLAND
ISS028-E-23376,ISLAND
ISS028-E-23377,ISLAND
ISS028-E-23378,ISLAND
ISS028-E-23379,ISLAND
ISS028-E-23380,ISLAND
ISS028-E-23381,ISLAND
ISS028-E-23382,ISLAND
ISS028-E-23383,ISLAND
ISS028-E-23384,ISLAND
ISS028-E-23385,ISLAND
ISS028-E-23386,ISLAND
ISS028-E-23387,ISLAND
ISS028-E-23388,ISLAND
ISS028-E-23389,ISLAND
ISS028-E-23390,ISLAND
ISS028-E-23391,ISLAND
ISS028-E-23392,ISLAND
ISS028-E-23394,ISLAND
ISS028-E-23395,ISLAND
ISS028-E-23396,ISLAND
ISS029-E-13674,ISLAND
ISS029-E-13675,ISLAND
ISS029-E-13676,ISLAND
ISS029-E-13677,ISLAND
ISS029-E-13678,ISLAND
ISS029-E-13679,ISLAND
ISS029-E-29647,ISLAND
ISS029-E-29649,ISLAND
ISS029-E-29650,ISLAND
ISS029-E-29651,ISLAND
ISS029-E-29652,ISLAND
ISS029-E-29653,ISLAND
ISS029-E-29654,ISLAND
ISS029-E-29655,ISLAND
ISS029-E-29656,ISLAND
ISS029-E-29670,ISLAND
ISS029-E-29671,ISLAND
ISS029-E-29672,ISLAND
ISS029-E-29673,ISLAND
ISS029-E-29674,ISLAND
ISS029-E-29675,ISLAND
ISS029-E-29676,ISLAND
ISS029-E-29677,ISLAND
ISS029-E-29678,ISLAND
ISS029-E-29679,ISLAND
ISS029-E-29680,ISLAND
ISS029-E-29681,ISLAND
ISS029-E-29682,ISLAND
ISS029-E-5448,ISLAND
ISS029-E-5449,ISLAND
ISS031-E-66453,ISLAND
ISS031-E-66454,ISLAND
ISS031-E-66455,ISLAND
ISS031-E-66456,ISLAND
ISS031-E-7305,ISLAND
ISS031-E-7306,ISLAND
ISS031-E-7307,ISLAND
ISS031-E-7308,ISLAND
ISS031-E-7309,ISLAND
ISS031-E-7310,ISLAND
ISS031-E-7311,ISLAND
ISS031-E-7314,ISLAND
ISS031-E-7317,ISLAND
ISS031-E-7322,ISLAND
ISS031-E-7323,ISLAND
ISS031-E-7324,ISLAND
ISS031-E-7325,ISLAND
ISS031-E-7326,ISLAND
ISS031-E-84907,ISLAND
ISS031-E-84908,ISLAND
ISS031-E-84909,ISLAND
ISS031-E-84910,ISLAND
ISS031-E-84965,ISLAND
ISS033-E-14234,ISLAND
ISS033-E-14235,ISLAND
ISS033-E-14236,ISLAND
ISS033-E-14237,ISLAND
ISS033-E-14238,ISLAND
ISS033-E-14239,ISLAND
ISS033-E-14240,ISLAND
ISS033-E-14241,ISLAND
ISS033-E-14242,ISLAND
ISS033-E-14243,ISLAND
ISS033-E-14244,ISLAND
ISS033-E-14245,ISLAND
ISS033-E-14246,ISLAND
ISS033-E-14247,ISLAND
ISS033-E-14248,ISLAND
ISS033-E-14249,ISLAND
ISS033-E-14250,ISLAND
ISS033-E-15905,ISLAND
ISS033-E-15906,ISLAND
ISS033-E-15907,ISLAND
ISS033-E-15909,ISLAND
ISS033-E-15910,ISLAND
ISS033-E-15911,ISLAND
ISS034-E-57194,ISLAND
ISS034-E-57195,ISLAND
ISS035-E-5378,ISLAND
ISS035-E-5379,ISLAND
ISS038-E-1000,ISLAND
ISS038-E-1001,ISLAND
ISS038-E-1002,ISLAND
ISS038-E-1003,ISLAND
ISS038-E-1004,ISLAND
ISS038-E-1005,ISLAND
ISS038-E-1006,ISLAND
ISS038-E-1007,ISLAND
ISS038-E-1008,ISLAND
ISS038-E-1009,ISLAND
ISS038-E-1010,ISLAND
ISS038-E-1011,ISLAND
ISS038-E-1012,ISLAND
ISS038-E-1013,ISLAND
ISS038-E-1014,ISLAND
ISS038-E-1015,ISLAND
ISS038-E-1016,ISLAND
ISS038-E-1017,ISLAND
ISS038-E-1018,ISLAND
ISS038-E-1019,ISLAND
ISS038-E-1020,ISLAND
ISS038-E-1021,ISLAND
ISS038-E-1022,ISLAND
ISS038-E-1023,ISLAND
ISS038-E-1024,ISLAND
ISS038-E-1025,ISLAND
ISS038-E-1026,ISLAND
ISS038-E-1027,ISLAND
ISS038-E-1028,ISLAND
ISS038-E-1029,ISLAND
ISS038-E-1030,ISLAND
ISS038-E-1031,ISLAND
ISS038-E-1032,ISLAND
ISS038-E-1033,ISLAND
ISS038-E-1034,ISLAND
ISS038-E-1035,ISLAND
ISS038-E-1036,ISLAND
ISS038-E-1037,ISLAND
ISS038-E-1038,ISLAND
ISS038-E-1039,ISLAND
ISS038-E-1040,ISLAND
ISS038-E-1041,ISLAND
ISS038-E-1042,ISLAND
ISS038-E-1043,ISLAND
ISS038-E-1044,ISLAND
ISS038-E-1490,ISLAND
ISS038-E-1491,ISLAND
ISS038-E-1493,ISLAND
ISS038-E-1495,ISLAND
ISS038-E-1497,ISLAND
ISS038-E-1499,ISLAND
ISS038-E-1501,ISLAND
ISS038-E-1503,ISLAND
ISS038-E-1505,ISLAND
ISS038-E-1577,ISLAND
ISS038-E-1579,ISLAND
ISS038-E-1581,ISLAND
ISS038-E-1583,ISLAND
ISS038-E-1585,ISLAND
ISS038-E-1587,ISLAND
ISS038-E-1589,ISLAND
ISS038-E-1591,ISLAND
ISS038-E-1593,ISLAND
ISS038-E-1595,ISLAND
ISS038-E-1597,ISLAND
ISS038-E-1599,ISLAND
ISS038-E-1601,ISLAND
ISS038-E-1603,ISLAND
ISS038-E-1605,ISLAND
ISS038-E-1607,ISLAND
ISS038-E-1609,ISLAND
ISS038-E-1611,ISLAND
ISS038-E-1613,ISLAND
ISS038-E-799,ISLAND
ISS038-E-800,ISLAND
ISS038-E-801,ISLAND
ISS038-E-802,ISLAND
ISS038-E-803,ISLAND
ISS038-E-804,ISLAND
ISS038-E-805,ISLAND
ISS038-E-843,ISLAND
ISS038-E-844,ISLAND
ISS038-E-845,ISLAND
ISS038-E-846,ISLAND
ISS038-E-847,ISLAND
ISS038-E-848,ISLAND
ISS038-E-849,ISLAND
ISS038-E-850,ISLAND
ISS038-E-851,ISLAND
ISS038-E-852,ISLAND
ISS038-E-853,ISLAND
ISS038-E-854,ISLAND
ISS038-E-855,ISLAND
ISS038-E-856,ISLAND
ISS038-E-857,ISLAND
ISS038-E-858,ISLAND
ISS038-E-859,ISLAND
ISS038-E-860,ISLAND
ISS038-E-861,ISLAND
ISS038-E-862,ISLAND
ISS038-E-863,ISLAND
ISS038-E-864,ISLAND
ISS038-E-865,ISLAND
ISS038-E-866,ISLAND
ISS038-E-868,ISLAND
ISS038-E-869,ISLAND
ISS038-E-870,ISLAND
ISS038-E-872,ISLAND
ISS038-E-873,ISLAND
ISS038-E-874,ISLAND
ISS038-E-875,ISLAND
ISS038-E-876,ISLAND
ISS038-E-877,ISLAND
ISS038-E-878,ISLAND
ISS038-E-899,ISLAND
ISS038-E-900,ISLAND
ISS038-E-901,ISLAND
ISS038-E-902,ISLAND
ISS038-E-903,ISLAND
ISS038-E-905,ISLAND
ISS038-E-906,ISLAND
ISS038-E-907,ISLAND
ISS038-E-908,ISLAND
ISS038-E-938,ISLAND
ISS038-E-939,ISLAND
ISS038-E-940,ISLAND
ISS038-E-941,ISLAND
ISS038-E-976,ISLAND
ISS038-E-977,ISLAND
ISS038-E-978,ISLAND
ISS038-E-979,ISLAND
ISS038-E-980,ISLAND
ISS038-E-981,ISLAND
ISS038-E-982,ISLAND
ISS038-E-983,ISLAND
ISS038-E-984,ISLAND
ISS038-E-985,ISLAND
ISS038-E-986,ISLAND
ISS038-E-987,ISLAND
ISS038-E-988,ISLAND
ISS038-E-989,ISLAND
ISS038-E-990,ISLAND
ISS038-E-991,ISLAND
ISS038-E-992,ISLAND
ISS038-E-993,ISLAND
ISS038-E-994,ISLAND
ISS038-E-995,ISLAND
ISS038-E-996,ISLAND
ISS038-E-997,ISLAND
ISS038-E-998,ISLAND
ISS038-E-999,ISLAND
ISS039-E-18542,ISLAND
ISS039-E-18543,ISLAND
ISS039-E-18544,ISLAND
ISS039-E-18545,ISLAND
ISS039-E-18576,ISLAND
ISS039-E-18577,ISLAND
ISS039-E-18578,ISLAND
ISS039-E-18837,ISLAND
ISS039-E-19631,ISLAND
ISS039-E-19632,ISLAND
ISS039-E-20404,ISLAND
ISS039-E-20405,ISLAND
ISS039-E-20406,ISLAND
ISS039-E-21794,ISLAND
ISS039-E-21795,ISLAND
ISS039-E-21853,ISLAND
ISS039-E-742,ISLAND
ISS039-E-743,ISLAND
ISS039-E-744,ISLAND
ISS039-E-745,ISLAND
ISS039-E-746,ISLAND
ISS039-E-747,ISLAND
ISS039-E-748,ISLAND
ISS039-E-749,ISLAND
ISS039-E-750,ISLAND
ISS039-E-751,ISLAND
ISS039-E-752,ISLAND
ISS039-E-753,ISLAND
ISS039-E-754,ISLAND
ISS039-E-755,ISLAND
ISS039-E-756,ISLAND
ISS039-E-760,ISLAND
ISS039-E-761,ISLAND
ISS039-E-762,ISLAND
ISS039-E-763,ISLAND
ISS040-E-123840,ISLAND
ISS040-E-123841,ISLAND
ISS040-E-123842,ISLAND
ISS040-E-124139,ISLAND
ISS040-E-124140,ISLAND
ISS040-E-124141,ISLAND
ISS040-E-124142,ISLAND
ISS040-E-124143,ISLAND
ISS040-E-124144,ISLAND
ISS040-E-124783,ISLAND
ISS040-E-124784,ISLAND
ISS040-E-124785,ISLAND
ISS040-E-124789,ISLAND
ISS040-E-124790,ISLAND
ISS040-E-124791,ISLAND
ISS040-E-124792,ISLAND
ISS040-E-124793,ISLAND
ISS040-E-237,ISLAND
ISS040-E-477,ISLAND
ISS040-E-480,ISLAND
ISS040-E-481,ISLAND
ISS040-E-488,ISLAND
ISS040-E-489,ISLAND
ISS040-E-490,ISLAND
ISS040-E-494,ISLAND
ISS040-E-496,ISLAND
ISS040-E-497,ISLAND
ISS040-E-501,ISLAND
ISS040-E-502,ISLAND
ISS040-E-81086,ISLAND
ISS040-E-81087,ISLAND
ISS040-E-81089,ISLAND
ISS040-E-81090,ISLAND
ISS040-E-81091,ISLAND
ISS040-E-81092,ISLAND
ISS040-E-81093,ISLAND
ISS040-E-81094,ISLAND
ISS040-E-81095,ISLAND
ISS040-E-8159,ISLAND
ISS040-E-8160,ISLAND
ISS040-E-8540,ISLAND
ISS040-E-8541,ISLAND
ISS040-E-8544,ISLAND
ISS040-E-8546,ISLAND
ISS040-E-8549,ISLAND
ISS040-E-8550,ISLAND
ISS040-E-8551,ISLAND
ISS040-E-8552,ISLAND
ISS040-E-8553,ISLAND
ISS040-E-8555,ISLAND
ISS040-E-92415,ISLAND
ISS040-E-92416,ISLAND
ISS040-E-92417,ISLAND
ISS040-E-92418,ISLAND
ISS040-E-98801,ISLAND
ISS040-E-98802,ISLAND
ISS040-E-98803,ISLAND
ISS040-E-98804,ISLAND
ISS040-E-98805,ISLAND
ISS040-E-98806,ISLAND
ISS040-E-98807,ISLAND
ISS040-E-98808,ISLAND
ISS040-E-98809,ISLAND
ISS040-E-98810,ISLAND
ISS040-E-98811,ISLAND
ISS040-E-98812,ISLAND
ISS041-E-113735,ISLAND
ISS041-E-113736,ISLAND
ISS041-E-113737,ISLAND
ISS041-E-113738,ISLAND
ISS042-E-17852,ISLAND
ISS042-E-17853,ISLAND
ISS042-E-17854,ISLAND
ISS042-E-25102,ISLAND
ISS042-E-25103,ISLAND
ISS042-E-25104,ISLAND
ISS042-E-25105,ISLAND
ISS042-E-31447,ISLAND
ISS042-E-31448,ISLAND
ISS042-E-31450,ISLAND
ISS042-E-47484,ISLAND
ISS042-E-47494,ISLAND
ISS042-E-47504,ISLAND
ISS042-E-49351,ISLAND
ISS042-E-49352,ISLAND
ISS042-E-49353,ISLAND
ISS042-E-53434,ISLAND
ISS042-E-53793,ISLAND
ISS042-E-53794,ISLAND
ISS043-E-186736,ISLAND
ISS043-E-186737,ISLAND
ISS043-E-186738,ISLAND
ISS043-E-186739,ISLAND
ISS043-E-186740,ISLAND
ISS043-E-186741,ISLAND
ISS043-E-3087,ISLAND
ISS043-E-3088,ISLAND
ISS049-E-1161,ISLAND
ISS049-E-1162,ISLAND
ISS049-E-1163,ISLAND
ISS049-E-1164,ISLAND
ISS049-E-1165,ISLAND
ISS049-E-1166,ISLAND
ISS049-E-1167,ISLAND
ISS049-E-1168,ISLAND
ISS049-E-1169,ISLAND
ISS049-E-1170,ISLAND
ISS050-E-1156,ISLAND
ISS050-E-1157,ISLAND
ISS050-E-1158,ISLAND
ISS050-E-1159,ISLAND
NASA7-712-64,ISLAND
NASA7-712-65,ISLAND
NASA7-712-66,ISLAND
STS007-22-1182,ISLAND
STS007-22-1183,ISLAND
STS033-79-100,ISLAND
STS033-79-101,ISLAND
STS033-79-102,ISLAND
STS033-79-94,ISLAND
STS033-79-95,ISLAND
STS033-79-96,ISLAND
STS033-79-97,ISLAND
STS033-79-98,ISLAND
STS033-79-99,ISLAND
STS033-90-18,ISLAND
STS036-83-48,ISLAND
STS037-151-111,ISLAND
STS037-152-215,ISLAND
STS037-152-219,ISLAND
STS037-152-225,ISLAND
STS037-152-226,ISLAND
STS037-152-227,ISLAND
STS037-152-228,ISLAND
STS037-152-229,ISLAND
STS037-152-231,ISLAND
STS038-75-27,ISLAND
STS038-75-41,ISLAND
STS038-75-44,ISLAND
STS038-75-47,ISLAND
STS038-75-48,ISLAND
STS038-75-49,ISLAND
STS038-75-52,ISLAND
STS038-75-53,ISLAND
STS038-75-54,ISLAND
STS038-75-95,ISLAND
STS038-75-97,ISLAND
STS038-76-53,ISLAND
STS038-84-17,ISLAND
STS038-84-39,ISLAND
STS038-84-43,ISLAND
STS038-84-63,ISLAND
STS038-87-100,ISLAND
STS038-87-101,ISLAND
STS038-87-102,ISLAND
STS038-87-103,ISLAND
STS038-87-104,ISLAND
STS038-87-36,ISLAND
STS038-87-37,ISLAND
STS038-87-74,ISLAND
STS038-87-75,ISLAND
STS038-87-84,ISLAND
STS038-87-85,ISLAND
STS038-87-97,ISLAND
STS038-87-98,ISLAND
STS038-87-99,ISLAND
STS038-92-32,ISLAND
STS038-92-33,ISLAND
STS038-92-34,ISLAND
STS038-92-35,ISLAND
STS038-92-71,ISLAND
STS039-74-18,ISLAND
STS039-74-19,ISLAND
STS039-74-20,ISLAND
STS039-80-A,ISLAND
STS042-92-114,ISLAND
STS042-92-115,ISLAND
STS043-102-85,ISLAND
STS043-102-86,ISLAND
STS043-102-87,ISLAND
STS043-151-238,ISLAND
STS043-151-239,ISLAND
STS043-151-242,ISLAND
STS043-151-243,ISLAND
STS043-151-244,ISLAND
STS043-151-246,ISLAND
STS043-151-247,ISLAND
STS043-151-248,ISLAND
STS043-151-249,ISLAND
STS043-151-250,ISLAND
STS043-607-31,ISLAND
STS043-607-33,ISLAND
STS043-607-34,ISLAND
STS043-607-36,ISLAND
STS043-607-37,ISLAND
STS043-607-38,ISLAND
STS043-607-48,ISLAND
STS043-607-59,ISLAND
STS043-607-61,ISLAND
STS043-607-62,ISLAND
STS043-607-63,ISLAND
STS043-607-65,ISLAND
STS044-72-88,ISLAND
STS044-72-89,ISLAND
STS044-72-90,ISLAND
STS044-77-91,ISLAND
STS044-84-46,ISLAND
STS044-84-47,ISLAND
STS044-84-48,ISLAND
STS044-93-71,ISLAND
STS045-101-74,ISLAND
STS045-101-76,ISLAND
STS045-152-276,ISLAND
STS045-152-278,ISLAND
STS045-608-34,ISLAND
STS045-608-35,ISLAND
STS045-608-36,ISLAND
STS045-608-37,ISLAND
STS045-608-38,ISLAND
STS045-608-42,ISLAND
STS045-614-51,ISLAND
STS045-623-26,ISLAND
STS045-85-51,ISLAND
STS045-85-52,ISLAND
STS045-88-22,ISLAND
STS046-101-18,ISLAND
STS046-101-19,ISLAND
STS046-104-4,ISLAND
STS046-74-50,ISLAND
STS046-74-51,ISLAND
STS046-74-58,ISLAND
STS046-74-59,ISLAND
STS046-74-67,ISLAND
STS046-74-68,ISLAND
STS046-74-69,ISLAND
STS046-82-14,ISLAND
STS046-82-15,ISLAND
STS046-82-16,ISLAND
STS046-82-17,ISLAND
STS046-82-18,ISLAND
STS046-82-61,ISLAND
STS046-82-62,ISLAND
STS046-82-68,ISLAND
STS046-82-69,ISLAND
STS046-87-20,ISLAND
STS046-87-21,ISLAND
STS046-87-22,ISLAND
STS046-87-23,ISLAND
STS046-87-24,ISLAND
STS046-90-24,ISLAND
STS046-90-25,ISLAND
STS047-104-73,ISLAND
STS048-103-100,ISLAND
STS048-103-43,ISLAND
STS048-103-45,ISLAND
STS048-103-46,ISLAND
STS048-103-98,ISLAND
STS048-103-99,ISLAND
STS048-104-39,ISLAND
STS048-105-111,ISLAND
STS048-105-112,ISLAND
STS048-105-113,ISLAND
STS048-151-66,ISLAND
STS048-83-98,ISLAND
STS048-83-99,ISLAND
STS049-74-14,ISLAND
STS049-74-15,ISLAND
STS049-74-16,ISLAND
STS049-74-17,ISLAND
STS049-75-75,ISLAND
STS049-75-81,ISLAND
STS049-76-87,ISLAND
STS049-76-88,ISLAND
STS049-76-89,ISLAND
STS049-82-19,ISLAND
STS049-82-20,ISLAND
STS049-85-33,ISLAND
STS049-85-34,ISLAND
STS049-85-35,ISLAND
STS049-92-43,ISLAND
STS049-92-44,ISLAND
STS049-92-47,ISLAND
STS049-92-48,ISLAND
STS049-92-49,ISLAND
STS049-92-50,ISLAND
STS049-94-77,ISLAND
STS049-94-78,ISLAND
STS049-94-79,ISLAND
STS049-97-61,ISLAND
STS049-97-65,ISLAND
STS049-98-7,ISLAND
STS050-100-12,ISLAND
STS050-100-16,ISLAND
STS050-101-94,ISLAND
STS050-101-95,ISLAND
STS050-101-96,ISLAND
STS050-106-5,ISLAND
STS050-106-9,ISLAND
STS050-110-123,ISLAND
STS050-111-15,ISLAND
STS050-4-27,ISLAND
STS050-4-31,ISLAND
STS050-73-60,ISLAND
STS050-74-43,ISLAND
STS050-74-44,ISLAND
STS050-83-2,ISLAND
STS050-83-3,ISLAND
STS050-83-6,ISLAND
STS050-83-7,ISLAND
STS050-85-32,ISLAND
STS050-85-33,ISLAND
STS050-97-37,ISLAND
STS050-97-43,ISLAND
STS050-97-57,ISLAND
STS050-97-80,ISLAND
STS050-99-94,ISLAND
STS051-101-21,ISLAND
STS051-101-22,ISLAND
STS051-101-23,ISLAND
STS051-109-2,ISLAND
STS051-109-3,ISLAND
STS051-109-4,ISLAND
STS051-109-F,ISLAND
STS051-75-100,ISLAND
STS051-75-101,ISLAND
STS051-75-102,ISLAND
STS051-75-103,ISLAND
STS051-75-104,ISLAND
STS051-75-105,ISLAND
STS051-75-106,ISLAND
STS051-80-6,ISLAND
STS051-80-7,ISLAND
STS051-98-100,ISLAND
STS051-98-101,ISLAND
STS051-98-102,ISLAND
STS051-98-103,ISLAND
STS051-98-104,ISLAND
STS051-98-89,ISLAND
STS051-98-90,ISLAND
STS051-98-91,ISLAND
STS051-98-92,ISLAND
STS051-98-93,ISLAND
STS051-98-94,ISLAND
STS051-98-95,ISLAND
STS051-98-96,ISLAND
STS051-98-97,ISLAND
STS052-102-38,ISLAND
STS052-102-39,ISLAND
STS052-102-40,ISLAND
STS052-102-41,ISLAND
STS052-102-42,ISLAND
STS052-102-43,ISLAND
STS052-102-51,ISLAND
STS052-102-52,ISLAND
STS052-102-57,ISLAND
STS052-102-58,ISLAND
STS052-102-59,ISLAND
STS052-102-60,ISLAND
STS052-102-61,ISLAND
STS052-153-174,ISLAND
STS052-153-175,ISLAND
STS052-153-176,ISLAND
STS052-99-110,ISLAND
STS052-99-112,ISLAND
STS052-99-113,ISLAND
STS052-99-114,ISLAND
STS052-99-115,ISLAND
STS052-99-116,ISLAND
STS052-99-117,ISLAND
STS052-99-118,ISLAND
STS052-99-119,ISLAND
STS052-99-120,ISLAND
STS052-99-121,ISLAND
STS054-77-60,ISLAND
STS054-77-61,ISLAND
STS054-77-62,ISLAND
STS054-77-63,ISLAND
STS054-77-64,ISLAND
STS055-105-10,ISLAND
STS055-105-11,ISLAND
STS055-105-13,ISLAND
STS055-151-100,ISLAND
STS055-151-107,ISLAND
STS055-151-108,ISLAND
STS055-151-113,ISLAND
STS055-151-114,ISLAND
STS055-151-115,ISLAND
STS055-151-117,ISLAND
STS055-151-118,ISLAND
STS055-151A-179,ISLAND
STS055-151A-180,ISLAND
STS055-151A-181,ISLAND
STS055-151A-182,ISLAND
STS055-151A-184,ISLAND
STS055-151A-185,ISLAND
STS055-151A-187,ISLAND
STS055-151A-188,ISLAND
STS055-151A-189,ISLAND
STS055-151A-190,ISLAND
STS055-151A-191,ISLAND
STS055-151A-192,ISLAND
STS055-151A-193,ISLAND
STS055-151A-194,ISLAND
STS055-151A-195,ISLAND
STS055-151A-196,ISLAND
STS055-151A-197,ISLAND
STS055-151A-198,ISLAND
STS055-151A-199,ISLAND
STS055-151A-200,ISLAND
STS055-151A-201,ISLAND
STS055-151A-202,ISLAND
STS055-151A-205,ISLAND
STS055-151A-206,ISLAND
STS055-151A-207,ISLAND
STS055-152A-122,ISLAND
STS055-152A-123,ISLAND
STS055-152A-158,ISLAND
STS055-152A-159,ISLAND
STS055-152A-176,ISLAND
STS055-152A-177,ISLAND
STS055-75-95,ISLAND
STS055-75-96,ISLAND
STS055-85D-89,ISLAND
STS055-86-123,ISLAND
STS055-86D-13,ISLAND
STS055-86D-14,ISLAND
STS055-86D-15,ISLAND
STS055-86D-16,ISLAND
STS055-86D-17,ISLAND
STS055-86D-18,ISLAND
STS055-86D-19,ISLAND
STS055-86D-20,ISLAND
STS055-86D-21,ISLAND
STS055-92-10,ISLAND
STS055-92-5,ISLAND
STS055-92-7,ISLAND
STS055-92-8,ISLAND
STS055-92-9,ISLAND
STS055-96-59,ISLAND
STS056-100-48,ISLAND
STS056-100-52,ISLAND
STS056-100-54,ISLAND
STS056-102-97,ISLAND
STS056-104-70,ISLAND
STS056-104-71,ISLAND
STS056-104-72,ISLAND
STS056-104-73,ISLAND
STS056-107-92,ISLAND
STS056-107-93,ISLAND
STS056-107-94,ISLAND
STS056-107-95,ISLAND
STS056-107-96,ISLAND
STS056-107-97,ISLAND
STS056-107-98,ISLAND
STS056-152-74,ISLAND
STS056-155-31,ISLAND
STS056-155-32,ISLAND
STS056-155-33,ISLAND
STS056-155-34,ISLAND
STS056-155-35,ISLAND
STS056-71-47,ISLAND
STS056-71-58,ISLAND
STS056-71-59,ISLAND
STS056-83-2,ISLAND
STS056-83-3,ISLAND
STS056-83-4,ISLAND
STS056-83-5,ISLAND
STS056-85-24,ISLAND
STS056-93-17,ISLAND
STS056-95-38,ISLAND
STS056-95-39,ISLAND
STS056-95-40,ISLAND
STS056-98-89,ISLAND
STS059-103-19,ISLAND
STS059-103-20,ISLAND
STS059-103-21,ISLAND
STS059-103-23,ISLAND
STS059-103-24,ISLAND
STS059-157-18,ISLAND
STS059-158-2,ISLAND
STS059-211-28,ISLAND
STS059-212-89,ISLAND
STS059-223-35,ISLAND
STS059-223-36,ISLAND
STS059-228-79,ISLAND
STS059-228-80,ISLAND
STS059-228-81,ISLAND
STS059-83-34,ISLAND
STS059-83-39,ISLAND
STS059-83-41,ISLAND
STS059-83-43,ISLAND
STS059-83-44,ISLAND
STS059-95-85,ISLAND
STS060-73-58,ISLAND
STS060-73-59,ISLAND
STS060-75-21,ISLAND
STS060-75-22,ISLAND
STS060-82-31,ISLAND
STS061-101-31,ISLAND
STS061-76-34,ISLAND
STS061-76-35,ISLAND
STS061-76-36,ISLAND
STS061-76-37,ISLAND
STS061-76-38,ISLAND
STS061-76-41,ISLAND
STS061-76-42,ISLAND
STS061-77-65,ISLAND
STS061-78-34,ISLAND
STS061-78-39,ISLAND
STS061-79-16,ISLAND
STS061-79-7,ISLAND
STS061-80-1,ISLAND
STS061-80-2,ISLAND
STS061-87-10,ISLAND
STS061-87-9,ISLAND
STS061-97-10,ISLAND
STS061-97-11,ISLAND
STS061-97-12,ISLAND
STS061-97-13,ISLAND
STS061-97-14,ISLAND
STS061-97-15,ISLAND
STS061-97-5,ISLAND
STS061-97-6,ISLAND
STS061-97-7,ISLAND
STS061-97-8,ISLAND
STS061-97-9,ISLAND
STS062-151-260,ISLAND
STS062-85-190,ISLAND
STS062-85-191,ISLAND
STS062-85-192,ISLAND
STS062-90-187,ISLAND
STS062-90-188,ISLAND
STS062-90-189,ISLAND
STS062-90-190,ISLAND
STS062-90-191,ISLAND
STS062-96-5,ISLAND
STS062-96-6,ISLAND
STS065-106-58,ISLAND
STS065-107-10,ISLAND
STS065-107-13,ISLAND
STS065-107-14,ISLAND
STS065-107-15,ISLAND
STS065-107-16,ISLAND
STS065-107-65,ISLAND
STS065-107-66,ISLAND
STS065-107-7,ISLAND
STS065-81-6,ISLAND
STS065-93-29,ISLAND
STS065-94-42,ISLAND
STS065-94-43,ISLAND
STS065-94-44,ISLAND
STS065-94-45,ISLAND
STS065-95-4,ISLAND
STS066-87-82,ISLAND
STS066-89-43,ISLAND
STS066-89-45,ISLAND
STS066-89-46,ISLAND
STS066-89-49,ISLAND
STS067-703C-113,ISLAND
STS067-703C-118,ISLAND
STS067-703C-119,ISLAND
STS067-703C-120,ISLAND
STS067-703C-121,ISLAND
STS067-703D-1,ISLAND
STS067-703D-2,ISLAND
STS067-707A-78,ISLAND
STS067-707A-79,ISLAND
STS067-708B-90,ISLAND
STS067-708C-1,ISLAND
STS067-708C-2,ISLAND
STS067-708C-3,ISLAND
STS067-708C-4,ISLAND
STS067-708C-79,ISLAND
STS067-708C-80,ISLAND
STS067-708C-81,ISLAND
STS067-710A-49,ISLAND
STS067-710A-50,ISLAND
STS067-710A-51,ISLAND
STS067-710A-52,ISLAND
STS067-717-47,ISLAND
STS067-718-74,ISLAND
STS067-718-75,ISLAND
STS067-718-76,ISLAND
STS067-718-77,ISLAND
STS067-718-78,ISLAND
STS067-718-79,ISLAND
STS067-718-80,ISLAND
STS067-718-81,ISLAND
STS067-718-85,ISLAND
STS067-718-86,ISLAND
STS067-718-90,ISLAND
STS067-718-91,ISLAND
STS067-718-92,ISLAND
STS067-718-93,ISLAND
STS067-718-94,ISLAND
STS067-718-95,ISLAND
STS067-719-37,ISLAND
STS067-719-38,ISLAND
STS067-721A-45,ISLAND
STS067-721A-46,ISLAND
STS067-725A-79,ISLAND
STS067-725A-85,ISLAND
STS067-726A-65,ISLAND
STS067-726A-72,ISLAND
STS068-156-49,ISLAND
STS068-161-63,ISLAND
STS068-163-108,ISLAND
STS068-171-106,ISLAND
STS068-205-96,ISLAND
STS068-211-56,ISLAND
STS068-211-57,ISLAND
STS068-211-58,ISLAND
STS068-213-28,ISLAND
STS068-220-54,ISLAND
STS068-220-55,ISLAND
STS068-220-56,ISLAND
STS068-220-57,ISLAND
STS068-241-42,ISLAND
STS068-242-70,ISLAND
STS068-260-96,ISLAND
STS068-263-12,ISLAND
STS068-263-13,ISLAND
STS068-263-18,ISLAND
STS068-263-5,ISLAND
STS068-269-38,ISLAND
STS068-272-96,ISLAND
STS069-703-10,ISLAND
STS069-703-11,ISLAND
STS069-703-15,ISLAND
STS069-703-16,ISLAND
STS069-703-17,ISLAND
STS069-703-8,ISLAND
STS069-703-9,ISLAND
STS069-707-28,ISLAND
STS069-707-29,ISLAND
STS069-707-32,ISLAND
STS069-707-33,ISLAND
STS069-707-34,ISLAND
STS069-707-36,ISLAND
STS069-713-77,ISLAND
STS069-714-20,ISLAND
STS069-716-17,ISLAND
STS069-716-18,ISLAND
STS069-725-83,ISLAND
STS069-726-31,ISLAND
STS069-726-32,ISLAND
STS069-729-39,ISLAND
STS073-701-61,ISLAND
STS073-701-62,ISLAND
STS073-701-63,ISLAND
STS073-711-87,ISLAND
STS073-735-75,ISLAND
STS073-748-30,ISLAND
STS073-754-57,ISLAND
STS073-754-58,ISLAND
STS073-759-92,ISLAND
STS074-710-85,ISLAND
STS075-733-81,ISLAND
STS075-733-82,ISLAND
STS075-733-83,ISLAND
STS075-733-84,ISLAND
STS075-735-16,ISLAND
STS075-736-27,ISLAND
STS075-736-28,ISLAND
STS075-751-19,ISLAND
STS075-751-72,ISLAND
STS075-751-76,ISLAND
STS075-751-84,ISLAND
STS075-751-85,ISLAND
STS075-751-87,ISLAND
STS075-751-88,ISLAND
STS077-161-224,ISLAND
STS077-161-225,ISLAND
STS077-167-129,ISLAND
STS077-167-130,ISLAND
STS077-167-144,ISLAND
STS077-167-145,ISLAND
STS077-167-146,ISLAND
STS077-167-147,ISLAND
STS077-167-148,ISLAND
STS077-167-149,ISLAND
STS077-703-97,ISLAND
STS077-706-16,ISLAND
STS077-713-82,ISLAND
STS077-713-83,ISLAND
STS077-716-71,ISLAND
STS077-716-72,ISLAND
STS077-731-73,ISLAND
STS088-723-45,ISLAND
STS088-723-52,ISLAND
STS088-723-53,ISLAND
STS093-701-25,ISLAND
STS093-701-26,ISLAND
STS093-701-36,ISLAND
STS093-701-37,ISLAND
STS093-701-38,ISLAND
STS093-704-60,ISLAND
STS093-704-61,ISLAND
STS093-704-71,ISLAND
STS093-704-72,ISLAND
STS093-709-62,ISLAND
STS093-709-63,ISLAND
STS093-709-64,ISLAND
STS093-710-23,ISLAND
STS093-710-57,ISLAND
STS093-710-58,ISLAND
STS093-710-59,ISLAND
STS093-710-60,ISLAND
STS099-704-49,ISLAND
STS099-704-50,ISLAND
STS099-717-46,ISLAND
STS099-722-36,ISLAND
STS099-722-37,ISLAND
STS099-722-38,ISLAND
STS099-730-12,ISLAND
STS099-748-56,ISLAND
STS099-748-57,ISLAND
STS099-748-58,ISLAND
STS099-748-59,ISLAND
STS099-748-60,ISLAND
STS099-748-61,ISLAND
STS099-748-62,ISLAND
STS099-748-63,ISLAND
STS099-748-64,ISLAND
STS099-748-65,ISLAND
STS099-748-66,ISLAND
STS099-748-67,ISLAND
STS099-748-68,ISLAND
STS099-748-69,ISLAND
STS099-748-73,ISLAND
STS099-748-74,ISLAND
STS101-710-41,ISLAND
STS101-710-42,ISLAND
STS101-710-43,ISLAND
STS101-710-48,ISLAND
STS101-721-37,ISLAND
STS101-721-40,ISLAND
STS101-721-41,ISLAND
STS101-721-44,ISLAND
STS102-711-2,ISLAND
STS102-716-74,ISLAND
STS103-705-86,ISLAND
STS103-705-87,ISLAND
STS103-705-88,ISLAND
STS103-711-61,ISLAND
STS103-711-62,ISLAND
STS103-711-63,ISLAND
STS103-711-64,ISLAND
STS103-711-65,ISLAND
STS103-711-66,ISLAND
STS103-740-24,ISLAND
STS103-740-25,ISLAND
STS103-740-26,ISLAND
STS103-740-AA,ISLAND
STS103-740-AB,ISLAND
STS103-740-AC,ISLAND
STS103-740-AD,ISLAND
STS103-740-AE,ISLAND
STS103-740-AF,ISLAND
STS103-740-AS,ISLAND
STS103-740-AT,ISLAND
STS103-740-AU,ISLAND
STS103-740-U,ISLAND
STS103-740-V,ISLAND
STS103-740-W,ISLAND
STS103-741-47,ISLAND
STS103-741-48,ISLAND
STS103-741-5,ISLAND
STS103-741-58,ISLAND
STS103-741-59,ISLAND
STS103-741-60,ISLAND
STS103-741-61,ISLAND
STS104-705-37,ISLAND
STS104-705-38,ISLAND
STS104-705-39,ISLAND
STS104-705-40,ISLAND
STS104-705-57,ISLAND
STS104-705-60,ISLAND
STS106-708-18,ISLAND
STS106-708-19,ISLAND
STS106-708-20,ISLAND
STS106-716-11,ISLAND
STS109-314-10,ISLAND
STS109-314-11,ISLAND
STS109-314-12,ISLAND
STS109-314-13,ISLAND
STS109-314-15,ISLAND
STS109-314-16,ISLAND
STS109-314-18,ISLAND
STS109-314-19,ISLAND
STS109-314-21,ISLAND
STS109-314-24,ISLAND
STS109-314-25,ISLAND
STS109-314-26,ISLAND
STS109-314-27,ISLAND
STS111-703-38,ISLAND
STS111-703-39,ISLAND
STS111-703-40,ISLAND
STS111-710-10,ISLAND
STS111-710-11,ISLAND
STS111-710-6,ISLAND
STS111-710-7,ISLAND
STS111-710-8,ISLAND
STS111-710-9,ISLAND
STS112-E-6178,ISLAND
STS112-E-6179,ISLAND
STS112-E-6180,ISLAND
STS112-E-6181,ISLAND
STS112-E-6182,ISLAND
STS126-E-14836,ISLAND
STS126-E-14837,ISLAND
STS126-E-14838,ISLAND
STS133-E-10247,ISLAND
STS133-E-10248,ISLAND
STS133-E-11954,ISLAND
STS133-E-11955,ISLAND
STS133-E-11956,ISLAND
STS133-E-11957,ISLAND
STS133-E-11958,ISLAND
STS133-E-11963,ISLAND
STS133-E-11964,ISLAND
STS133-E-11965,ISLAND
STS133-E-11966,ISLAND
STS133-E-11967,ISLAND
STS133-E-11968,ISLAND
STS61A-45-30,ISLAND
STS61A-45-31,ISLAND
STS61A-45-33,ISLAND
STS61A-45-34,ISLAND
STS61A-45-35,ISLAND
STS61A-45-36,ISLAND
STS61A-45-38,ISLAND
STS61A-472-1,ISLAND
STS61A-472-10,ISLAND
STS61A-472-3,ISLAND
STS61A-472-4,ISLAND
STS61A-472-5,ISLAND
STS61A-472-6,ISLAND
STS61A-472-7,ISLAND
STS61A-472-9,ISLAND
STS61A-482-20,ISLAND
STS61A-482-22,ISLAND
STS61A-49-59,ISLAND
STS61A-49-60,ISLAND
STS61A-49-61,ISLAND
STS61A-53-53,ISLAND
