ISS002-322-1,ATOLL
ISS002-431-27,ATOLL
ISS002-711-90,ATOLL
ISS002-E-10050,ATOLL
ISS002-E-10057,ATOLL
ISS002-E-5672,ATOLL
ISS002-E-5677,ATOLL
ISS002-E-5678,ATOLL
ISS002-E-6652,ATOLL
ISS002-E-6653,ATOLL
ISS002-E-6654,ATOLL
ISS002-E-6656,ATOLL
ISS002-E-6822,ATOLL
ISS002-E-6823,ATOLL
ISS002-E-7362,ATOLL
ISS002-E-7363,ATOLL
ISS002-E-9187,ATOLL
ISS002-E-9190,ATOLL
ISS002-E-9195,ATOLL
ISS002-E-9200,ATOLL
ISS003-E-5062,ATOLL
ISS003-E-7728,ATOLL
ISS003-E-7729,ATOLL
ISS003-E-7755,ATOLL
ISS003-E-7756,ATOLL
ISS004-722-26,ATOLL
ISS004-722-27,ATOLL
ISS004-731-40,ATOLL
ISS004-E-11184,ATOLL
ISS004-E-11185,ATOLL
ISS004-E-5779,ATOLL
ISS004-E-5780,ATOLL
ISS004-E-5781,ATOLL
ISS004-E-5920,ATOLL
ISS004-E-5921,ATOLL
ISS004-E-5922,ATOLL
ISS004-E-5923,ATOLL
ISS005-E-16914,ATOLL
ISS005-E-16915,ATOLL
ISS006-E-37438,ATOLL
ISS006-E-37926,ATOLL
ISS006-E-38898,ATOLL
ISS006-E-38899,ATOLL
ISS006-E-38900,ATOLL
ISS006-E-38901,ATOLL
ISS006-E-38902,ATOLL
ISS006-E-39842,ATOLL
ISS006-E-51142,ATOLL
ISS006-E-53053,ATOLL
ISS006-E-53054,ATOLL
ISS006-E-7797,ATOLL
ISS006-E-7798,ATOLL
ISS006-E-9206,ATOLL
ISS007-E-11212,ATOLL
ISS007-E-11213,ATOLL
ISS007-E-11214,ATOLL
ISS007-E-11215,ATOLL
ISS007-E-11216,ATOLL
ISS007-E-11217,ATOLL
ISS007-E-12425,ATOLL
ISS007-E-12426,ATOLL
ISS007-E-14328,ATOLL
ISS007-E-14329,ATOLL
ISS007-E-14334,ATOLL
ISS007-E-14624,ATOLL
ISS007-E-14625,ATOLL
ISS007-E-14782,ATOLL
ISS007-E-14783,ATOLL
ISS007-E-14784,ATOLL
ISS007-E-14786,ATOLL
ISS007-E-14787,ATOLL
ISS007-E-14788,ATOLL
ISS007-E-14789,ATOLL
ISS007-E-14790,ATOLL
ISS007-E-14853,ATOLL
ISS007-E-14854,ATOLL
ISS007-E-14855,ATOLL
ISS007-E-8916,ATOLL
ISS007-E-8917,ATOLL
ISS007-E-8918,ATOLL
ISS007-E-8919,ATOLL
ISS007-E-8920,ATOLL
ISS007-E-8921,ATOLL
ISS007-E-8922,ATOLL
ISS007-E-8923,ATOLL
ISS007-E-8924,ATOLL
ISS007-E-8925,ATOLL
ISS007-E-8926,ATOLL
ISS007-E-8927,ATOLL
ISS008-E-11850,ATOLL
ISS008-E-11851,ATOLL
ISS008-E-11852,ATOLL
ISS008-E-18814,ATOLL
ISS008-E-18815,ATOLL
ISS008-E-18816,ATOLL
ISS008-E-18817,ATOLL
ISS008-E-18818,ATOLL
ISS008-E-18819,ATOLL
ISS008-E-18820,ATOLL
ISS008-E-18821,ATOLL
ISS008-E-18822,ATOLL
ISS008-E-18823,ATOLL
ISS008-E-18824,ATOLL
ISS008-E-18825,ATOLL
ISS008-E-18826,ATOLL
ISS008-E-18827,ATOLL
ISS008-E-18828,ATOLL
ISS008-E-19258,ATOLL
ISS008-E-19259,ATOLL
ISS008-E-19260,ATOLL
ISS008-E-19261,ATOLL
ISS008-E-20084,ATOLL
ISS008-E-20085,ATOLL
ISS008-E-20086,ATOLL
ISS008-E-20087,ATOLL
ISS008-E-20088,ATOLL
ISS008-E-20089,ATOLL
ISS008-E-20090,ATOLL
ISS008-E-20091,ATOLL
ISS008-E-20092,ATOLL
ISS008-E-20093,ATOLL
ISS008-E-20094,ATOLL
ISS008-E-20095,ATOLL
ISS008-E-20096,ATOLL
ISS008-E-20097,ATOLL
ISS008-E-20098,ATOLL
ISS008-E-20099,ATOLL
ISS008-E-20100,ATOLL
ISS008-E-20101,ATOLL
ISS008-E-20102,ATOLL
ISS008-E-20103,ATOLL
ISS008-E-20104,ATOLL
ISS008-E-20105,ATOLL
ISS008-E-20106,ATOLL
ISS008-E-20107,ATOLL
ISS008-E-20108,ATOLL
ISS008-E-20109,ATOLL
ISS008-E-20110,ATOLL
ISS008-E-20111,ATOLL
ISS008-E-20112,ATOLL
ISS008-E-20113,ATOLL
ISS008-E-20114,ATOLL
ISS008-E-20115,ATOLL
ISS008-E-20116,ATOLL
ISS008-E-20117,ATOLL
ISS008-E-20118,ATOLL
ISS008-E-20119,ATOLL
ISS008-E-20125,ATOLL
ISS008-E-20126,ATOLL
ISS008-E-20382,ATOLL
ISS008-E-20383,ATOLL
ISS008-E-20384,ATOLL
ISS008-E-20385,ATOLL
ISS008-E-20386,ATOLL
ISS008-E-20387,ATOLL
ISS008-E-20388,ATOLL
ISS008-E-20389,ATOLL
ISS008-E-20390,ATOLL
ISS008-E-20391,ATOLL
ISS008-E-20392,ATOLL
ISS008-E-20393,ATOLL
ISS008-E-20394,ATOLL
ISS008-E-20396,ATOLL
ISS008-E-20397,ATOLL
ISS008-E-20399,ATOLL
ISS008-E-20400,ATOLL
ISS008-E-8273,ATOLL
ISS008-E-8274,ATOLL
ISS008-E-8275,ATOLL
ISS009-E-13669,ATOLL
ISS009-E-13670,ATOLL
ISS009-E-13671,ATOLL
ISS009-E-13672,ATOLL
ISS009-E-13673,ATOLL
ISS009-E-13674,ATOLL
ISS009-E-13675,ATOLL
ISS009-E-13676,ATOLL
ISS009-E-13677,ATOLL
ISS009-E-13678,ATOLL
ISS009-E-13679,ATOLL
ISS009-E-13680,ATOLL
ISS009-E-13681,ATOLL
ISS009-E-13682,ATOLL
ISS009-E-13683,ATOLL
ISS009-E-13684,ATOLL
ISS009-E-13685,ATOLL
ISS009-E-13686,ATOLL
ISS009-E-13687,ATOLL
ISS009-E-13688,ATOLL
ISS009-E-13689,ATOLL
ISS009-E-13690,ATOLL
ISS009-E-13691,ATOLL
ISS009-E-13692,ATOLL
ISS009-E-13693,ATOLL
ISS009-E-13694,ATOLL
ISS009-E-13695,ATOLL
ISS009-E-13696,ATOLL
ISS009-E-13697,ATOLL
ISS009-E-13698,ATOLL
ISS009-E-13699,ATOLL
ISS009-E-13700,ATOLL
ISS009-E-13701,ATOLL
ISS009-E-13702,ATOLL
ISS009-E-13703,ATOLL
ISS009-E-13704,ATOLL
ISS009-E-13705,ATOLL
ISS009-E-13706,ATOLL
ISS009-E-13707,ATOLL
ISS009-E-13708,ATOLL
ISS009-E-13709,ATOLL
ISS009-E-13710,ATOLL
ISS009-E-13711,ATOLL
ISS009-E-21617,ATOLL
ISS009-E-21618,ATOLL
ISS009-E-21620,ATOLL
ISS009-E-21621,ATOLL
ISS009-E-21622,ATOLL
ISS009-E-21623,ATOLL
ISS009-E-21624,ATOLL
ISS009-E-21625,ATOLL
ISS009-E-25041,ATOLL
ISS009-E-25042,ATOLL
ISS009-E-25046,ATOLL
ISS009-E-25050,ATOLL
ISS009-E-25210,ATOLL
ISS009-E-25211,ATOLL
ISS009-E-25212,ATOLL
ISS009-E-25213,ATOLL
ISS009-E-25214,ATOLL
ISS009-E-25215,ATOLL
ISS009-E-25216,ATOLL
ISS009-E-25217,ATOLL
ISS009-E-25218,ATOLL
ISS009-E-25219,ATOLL
ISS009-E-25220,ATOLL
ISS009-E-25221,ATOLL
ISS009-E-25222,ATOLL
ISS009-E-25223,ATOLL
ISS009-E-25224,ATOLL
ISS009-E-25225,ATOLL
ISS009-E-25226,ATOLL
ISS009-E-25227,ATOLL
ISS009-E-25228,ATOLL
ISS009-E-25229,ATOLL
ISS009-E-25230,ATOLL
ISS009-E-25231,ATOLL
ISS009-E-25232,ATOLL
ISS009-E-25233,ATOLL
ISS009-E-25234,ATOLL
ISS009-E-25554,ATOLL
ISS009-E-25555,ATOLL
ISS009-E-25556,ATOLL
ISS009-E-25557,ATOLL
ISS009-E-25558,ATOLL
ISS009-E-25559,ATOLL
ISS009-E-25578,ATOLL
ISS009-E-25579,ATOLL
ISS009-E-25580,ATOLL
ISS009-E-8366,ATOLL
ISS009-E-8367,ATOLL
ISS009-E-8368,ATOLL
ISS009-E-8369,ATOLL
ISS009-E-8370,ATOLL
ISS009-E-8371,ATOLL
ISS013-E-27590,ATOLL
ISS013-E-6531,ATOLL
ISS013-E-6532,ATOLL
ISS013-E-6533,ATOLL
ISS013-E-6534,ATOLL
ISS013-E-6535,ATOLL
ISS013-E-6536,ATOLL
ISS013-E-6537,ATOLL
ISS013-E-6538,ATOLL
ISS013-E-6539,ATOLL
ISS013-E-6540,ATOLL
ISS013-E-6541,ATOLL
ISS013-E-6542,ATOLL
ISS013-E-6543,ATOLL
ISS013-E-6544,ATOLL
ISS013-E-6545,ATOLL
ISS013-E-6546,ATOLL
ISS013-E-6548,ATOLL
ISS013-E-6549,ATOLL
ISS013-E-6550,ATOLL
ISS013-E-6569,ATOLL
ISS013-E-6570,ATOLL
ISS013-E-6571,ATOLL
ISS013-E-6572,ATOLL
ISS013-E-6573,ATOLL
ISS013-E-6574,ATOLL
ISS013-E-6577,ATOLL
ISS013-E-6578,ATOLL
ISS013-E-6579,ATOLL
ISS013-E-6580,ATOLL
ISS013-E-6581,ATOLL
ISS013-E-6582,ATOLL
ISS013-E-7104,ATOLL
ISS013-E-7105,ATOLL
ISS013-E-7106,ATOLL
ISS013-E-7107,ATOLL
ISS013-E-7108,ATOLL
ISS013-E-7109,ATOLL
ISS013-E-7110,ATOLL
ISS013-E-7111,ATOLL
ISS013-E-7112,ATOLL
ISS013-E-7113,ATOLL
ISS013-E-7114,ATOLL
ISS013-E-7115,ATOLL
ISS013-E-7116,ATOLL
ISS013-E-7117,ATOLL
ISS013-E-7118,ATOLL
ISS013-E-7119,ATOLL
ISS013-E-7120,ATOLL
ISS013-E-7121,ATOLL
ISS013-E-7122,ATOLL
ISS013-E-7123,ATOLL
ISS013-E-7124,ATOLL
ISS013-E-7125,ATOLL
ISS013-E-7126,ATOLL
ISS013-E-7127,ATOLL
ISS013-E-7128,ATOLL
ISS013-E-7129,ATOLL
ISS013-E-7130,ATOLL
ISS013-E-7131,ATOLL
ISS013-E-7132,ATOLL
ISS013-E-7133,ATOLL
ISS013-E-7134,ATOLL
ISS013-E-7301,ATOLL
ISS013-E-7302,ATOLL
ISS013-E-7303,ATOLL
ISS013-E-7306,ATOLL
ISS013-E-7307,ATOLL
ISS013-E-7308,ATOLL
ISS013-E-7309,ATOLL
ISS013-E-7310,ATOLL
ISS013-E-7311,ATOLL
ISS013-E-7312,ATOLL
ISS013-E-7313,ATOLL
ISS013-E-7314,ATOLL
ISS013-E-7315,ATOLL
ISS013-E-7316,ATOLL
ISS013-E-7317,ATOLL
ISS013-E-7326,ATOLL
ISS013-E-7327,ATOLL
ISS013-E-7328,ATOLL
ISS013-E-7329,ATOLL
ISS013-E-7330,ATOLL
ISS013-E-7331,ATOLL
ISS013-E-7332,ATOLL
ISS013-E-7333,ATOLL
ISS013-E-77482,ATOLL
ISS013-E-77484,ATOLL
ISS013-E-77485,ATOLL
ISS013-E-77486,ATOLL
ISS013-E-77487,ATOLL
ISS013-E-77847,ATOLL
ISS013-E-78045,ATOLL
ISS013-E-78046,ATOLL
ISS013-E-78047,ATOLL
ISS013-E-78048,ATOLL
ISS013-E-78049,ATOLL
ISS013-E-78050,ATOLL
ISS013-E-78051,ATOLL
ISS013-E-78052,ATOLL
ISS013-E-9113,ATOLL
ISS013-E-9533,ATOLL
ISS013-E-9534,ATOLL
ISS013-E-9535,ATOLL
ISS014-E-20310,ATOLL
ISS014-E-20311,ATOLL
ISS014-E-20312,ATOLL
ISS015-E-17013,ATOLL
ISS015-E-17014,ATOLL
ISS015-E-17015,ATOLL
ISS018-E-24370,ATOLL
ISS018-E-26790,ATOLL
ISS018-E-26791,ATOLL
ISS018-E-26792,ATOLL
ISS018-E-26794,ATOLL
ISS018-E-26796,ATOLL
ISS019-E-19534,ATOLL
ISS019-E-19535,ATOLL
ISS019-E-19764,ATOLL
ISS019-E-19765,ATOLL
ISS019-E-19766,ATOLL
ISS019-E-19767,ATOLL
ISS019-E-19768,ATOLL
ISS020-E-5137,ATOLL
ISS020-E-5138,ATOLL
ISS020-E-5224,ATOLL
ISS020-E-5225,ATOLL
ISS020-E-5226,ATOLL
ISS021-E-15848,ATOLL
ISS021-E-15849,ATOLL
ISS021-E-15850,ATOLL
ISS021-E-15851,ATOLL
ISS021-E-15852,ATOLL
ISS021-E-15856,ATOLL
ISS021-E-15857,ATOLL
ISS021-E-15858,ATOLL
ISS021-E-15859,ATOLL
ISS021-E-15860,ATOLL
ISS021-E-15861,ATOLL
ISS021-E-15862,ATOLL
ISS021-E-15870,ATOLL
ISS021-E-15871,ATOLL
ISS021-E-15872,ATOLL
ISS021-E-23882,ATOLL
ISS021-E-23883,ATOLL
ISS021-E-27292,ATOLL
ISS021-E-32153,ATOLL
ISS021-E-32154,ATOLL
ISS021-E-32155,ATOLL
ISS021-E-7867,ATOLL
ISS021-E-7868,ATOLL
ISS021-E-7869,ATOLL
ISS021-E-7870,ATOLL
ISS021-E-7871,ATOLL
ISS022-E-101901,ATOLL
ISS022-E-101902,ATOLL
ISS022-E-31785,ATOLL
ISS022-E-31786,ATOLL
ISS022-E-31787,ATOLL
ISS022-E-31788,ATOLL
ISS022-E-31789,ATOLL
ISS022-E-31790,ATOLL
ISS022-E-31791,ATOLL
ISS022-E-64704,ATOLL
ISS022-E-64705,ATOLL
ISS022-E-64706,ATOLL
ISS022-E-64707,ATOLL
ISS022-E-64708,ATOLL
ISS022-E-64709,ATOLL
ISS022-E-64710,ATOLL
ISS022-E-64711,ATOLL
ISS022-E-64757,ATOLL
ISS022-E-64759,ATOLL
ISS022-E-64760,ATOLL
ISS022-E-64761,ATOLL
ISS022-E-64762,ATOLL
ISS022-E-64763,ATOLL
ISS022-E-64764,ATOLL
ISS022-E-64765,ATOLL
ISS022-E-64766,ATOLL
ISS022-E-64767,ATOLL
ISS022-E-66768,ATOLL
ISS022-E-66769,ATOLL
ISS022-E-66770,ATOLL
ISS022-E-66771,ATOLL
ISS022-E-66772,ATOLL
ISS022-E-66773,ATOLL
ISS022-E-66774,ATOLL
ISS022-E-66775,ATOLL
ISS022-E-66776,ATOLL
ISS022-E-66777,ATOLL
ISS022-E-66778,ATOLL
ISS022-E-66779,ATOLL
ISS022-E-66780,ATOLL
ISS022-E-81736,ATOLL
ISS022-E-81737,ATOLL
ISS022-E-81738,ATOLL
ISS022-E-81739,ATOLL
ISS022-E-81740,ATOLL
ISS022-E-81741,ATOLL
ISS022-E-81742,ATOLL
ISS022-E-81745,ATOLL
ISS022-E-81746,ATOLL
ISS022-E-81747,ATOLL
ISS022-E-81748,ATOLL
ISS022-E-81749,ATOLL
ISS022-E-81750,ATOLL
ISS022-E-81751,ATOLL
ISS022-E-81752,ATOLL
ISS022-E-81753,ATOLL
ISS022-E-81754,ATOLL
ISS022-E-81755,ATOLL
ISS022-E-81756,ATOLL
ISS022-E-82209,ATOLL
ISS022-E-82210,ATOLL
ISS022-E-82211,ATOLL
ISS022-E-82219,ATOLL
ISS022-E-82220,ATOLL
ISS022-E-85077,ATOLL
ISS022-E-85079,ATOLL
ISS022-E-85080,ATOLL
ISS022-E-85081,ATOLL
ISS022-E-85082,ATOLL
ISS022-E-85211,ATOLL
ISS022-E-85212,ATOLL
ISS022-E-85213,ATOLL
ISS022-E-85254,ATOLL
ISS022-E-91920,ATOLL
ISS022-E-91921,ATOLL
ISS022-E-91922,ATOLL
ISS022-E-91923,ATOLL
ISS022-E-91924,ATOLL
ISS022-E-91925,ATOLL
ISS022-E-91926,ATOLL
ISS022-E-91927,ATOLL
ISS022-E-91928,ATOLL
ISS022-E-91929,ATOLL
ISS022-E-91930,ATOLL
ISS022-E-94688,ATOLL
ISS022-E-94689,ATOLL
ISS022-E-94690,ATOLL
ISS022-E-94691,ATOLL
ISS022-E-94692,ATOLL
ISS022-E-94693,ATOLL
ISS022-E-94694,ATOLL
ISS022-E-94695,ATOLL
ISS022-E-94696,ATOLL
ISS022-E-94697,ATOLL
ISS022-E-94698,ATOLL
ISS022-E-94699,ATOLL
ISS022-E-94703,ATOLL
ISS022-E-94704,ATOLL
ISS022-E-9982,ATOLL
ISS022-E-9983,ATOLL
ISS022-E-9984,ATOLL
ISS022-E-9985,ATOLL
ISS023-E-8463,ATOLL
ISS024-E-11915,ATOLL
ISS024-E-13498,ATOLL
ISS024-E-13499,ATOLL
ISS024-E-13500,ATOLL
ISS024-E-13501,ATOLL
ISS024-E-14075,ATOLL
ISS024-E-14076,ATOLL
ISS024-E-14077,ATOLL
ISS024-E-14133,ATOLL
ISS024-E-14134,ATOLL
ISS024-E-14136,ATOLL
ISS024-E-14137,ATOLL
ISS024-E-14138,ATOLL
ISS024-E-14277,ATOLL
ISS024-E-14278,ATOLL
ISS024-E-14279,ATOLL
ISS024-E-14280,ATOLL
ISS024-E-14281,ATOLL
ISS024-E-14282,ATOLL
ISS024-E-14283,ATOLL
ISS024-E-14284,ATOLL
ISS024-E-14285,ATOLL
ISS024-E-14287,ATOLL
ISS024-E-6782,ATOLL
ISS024-E-6783,ATOLL
ISS024-E-6784,ATOLL
ISS024-E-8397,ATOLL
ISS024-E-8398,ATOLL
ISS024-E-8399,ATOLL
ISS024-E-8400,ATOLL
ISS024-E-8401,ATOLL
ISS024-E-8402,ATOLL
ISS024-E-8403,ATOLL
ISS024-E-8404,ATOLL
ISS024-E-8405,ATOLL
ISS024-E-8406,ATOLL
ISS024-E-8407,ATOLL
ISS024-E-8408,ATOLL
ISS024-E-8409,ATOLL
ISS024-E-8410,ATOLL
ISS024-E-8411,ATOLL
ISS024-E-8412,ATOLL
ISS024-E-8413,ATOLL
ISS024-E-8414,ATOLL
ISS024-E-8415,ATOLL
ISS024-E-8416,ATOLL
ISS026-E-11115,ATOLL
ISS026-E-11116,ATOLL
ISS026-E-11117,ATOLL
ISS026-E-11118,ATOLL
ISS026-E-11119,ATOLL
ISS026-E-11120,ATOLL
ISS026-E-11121,ATOLL
ISS026-E-11122,ATOLL
ISS026-E-15626,ATOLL
ISS026-E-15627,ATOLL
ISS026-E-15628,ATOLL
ISS026-E-15629,ATOLL
ISS026-E-15630,ATOLL
ISS026-E-15631,ATOLL
ISS026-E-15632,ATOLL
ISS026-E-15633,ATOLL
ISS026-E-15634,ATOLL
ISS026-E-15635,ATOLL
ISS026-E-15636,ATOLL
ISS026-E-16064,ATOLL
ISS026-E-16065,ATOLL
ISS026-E-16066,ATOLL
ISS026-E-16067,ATOLL
ISS026-E-16068,ATOLL
ISS026-E-16069,ATOLL
ISS026-E-16070,ATOLL
ISS026-E-16071,ATOLL
ISS026-E-16072,ATOLL
ISS026-E-16073,ATOLL
ISS026-E-16074,ATOLL
ISS026-E-16075,ATOLL
ISS026-E-16076,ATOLL
ISS026-E-16077,ATOLL
ISS026-E-16078,ATOLL
ISS026-E-16079,ATOLL
ISS026-E-16917,ATOLL
ISS026-E-16919,ATOLL
ISS026-E-16920,ATOLL
ISS026-E-16921,ATOLL
ISS026-E-32436,ATOLL
ISS026-E-32437,ATOLL
ISS026-E-32438,ATOLL
ISS026-E-32439,ATOLL
ISS026-E-32440,ATOLL
ISS026-E-32441,ATOLL
ISS026-E-32442,ATOLL
ISS026-E-37308,ATOLL
ISS026-E-37309,ATOLL
ISS026-E-37310,ATOLL
ISS026-E-37311,ATOLL
ISS026-E-37312,ATOLL
ISS026-E-37313,ATOLL
ISS026-E-37314,ATOLL
ISS026-E-37315,ATOLL
ISS026-E-37316,ATOLL
ISS026-E-37317,ATOLL
ISS026-E-37318,ATOLL
ISS026-E-37319,ATOLL
ISS026-E-37338,ATOLL
ISS026-E-37339,ATOLL
ISS026-E-37340,ATOLL
ISS026-E-37341,ATOLL
ISS026-E-37442,ATOLL
ISS026-E-37443,ATOLL
ISS026-E-37444,ATOLL
ISS026-E-37445,ATOLL
ISS026-E-37446,ATOLL
ISS026-E-37447,ATOLL
ISS026-E-37864,ATOLL
ISS026-E-37865,ATOLL
ISS026-E-37866,ATOLL
ISS026-E-37867,ATOLL
ISS026-E-38169,ATOLL
ISS026-E-38170,ATOLL
ISS026-E-38171,ATOLL
ISS026-E-38172,ATOLL
ISS026-E-39242,ATOLL
ISS026-E-39243,ATOLL
ISS027-E-14260,ATOLL
ISS027-E-14261,ATOLL
ISS027-E-14262,ATOLL
ISS027-E-14263,ATOLL
ISS027-E-14264,ATOLL
ISS027-E-14265,ATOLL
ISS027-E-14269,ATOLL
ISS027-E-14270,ATOLL
ISS027-E-14271,ATOLL
ISS027-E-14272,ATOLL
ISS027-E-14273,ATOLL
ISS027-E-15398,ATOLL
ISS027-E-15399,ATOLL
ISS027-E-16451,ATOLL
ISS027-E-17933,ATOLL
ISS027-E-17934,ATOLL
ISS027-E-17935,ATOLL
ISS027-E-17936,ATOLL
ISS027-E-17937,ATOLL
ISS027-E-17938,ATOLL
ISS027-E-17939,ATOLL
ISS027-E-17940,ATOLL
ISS027-E-18123,ATOLL
ISS027-E-18124,ATOLL
ISS027-E-18125,ATOLL
ISS027-E-22786,ATOLL
ISS027-E-22787,ATOLL
ISS027-E-22788,ATOLL
ISS027-E-22789,ATOLL
ISS027-E-22790,ATOLL
ISS027-E-22791,ATOLL
ISS027-E-22792,ATOLL
ISS027-E-22793,ATOLL
ISS027-E-22794,ATOLL
ISS027-E-22795,ATOLL
ISS027-E-22796,ATOLL
ISS027-E-22797,ATOLL
ISS027-E-22798,ATOLL
ISS027-E-22799,ATOLL
ISS027-E-22800,ATOLL
ISS027-E-22801,ATOLL
ISS027-E-22802,ATOLL
ISS027-E-22803,ATOLL
ISS027-E-22804,ATOLL
ISS027-E-22805,ATOLL
ISS027-E-22806,ATOLL
ISS027-E-22807,ATOLL
ISS027-E-22808,ATOLL
ISS027-E-22809,ATOLL
ISS027-E-22810,ATOLL
ISS027-E-22811,ATOLL
ISS027-E-22812,ATOLL
ISS027-E-22813,ATOLL
ISS027-E-22814,ATOLL
ISS027-E-22815,ATOLL
ISS027-E-22816,ATOLL
ISS027-E-22817,ATOLL
ISS027-E-22818,ATOLL
ISS027-E-22819,ATOLL
ISS027-E-22820,ATOLL
ISS027-E-22821,ATOLL
ISS027-E-22822,ATOLL
ISS027-E-22823,ATOLL
ISS027-E-22824,ATOLL
ISS027-E-22825,ATOLL
ISS027-E-22826,ATOLL
ISS027-E-22827,ATOLL
ISS027-E-22828,ATOLL
ISS027-E-22829,ATOLL
ISS027-E-22830,ATOLL
ISS027-E-22831,ATOLL
ISS031-E-123438,ATOLL
ISS031-E-123439,ATOLL
ISS031-E-123440,ATOLL
ISS031-E-123441,ATOLL
ISS031-E-123442,ATOLL
ISS031-E-123443,ATOLL
ISS031-E-123444,ATOLL
ISS031-E-123445,ATOLL
ISS031-E-123446,ATOLL
ISS031-E-123447,ATOLL
ISS031-E-123448,ATOLL
ISS031-E-123449,ATOLL
ISS031-E-123450,ATOLL
ISS031-E-123451,ATOLL
ISS031-E-123452,ATOLL
ISS031-E-123517,ATOLL
ISS031-E-123518,ATOLL
ISS031-E-123519,ATOLL
ISS031-E-123524,ATOLL
ISS031-E-123525,ATOLL
ISS031-E-123526,ATOLL
ISS031-E-123527,ATOLL
ISS031-E-123528,ATOLL
ISS031-E-123529,ATOLL
ISS031-E-123530,ATOLL
ISS031-E-123531,ATOLL
ISS031-E-123532,ATOLL
ISS031-E-123537,ATOLL
ISS031-E-123538,ATOLL
ISS031-E-123539,ATOLL
ISS031-E-123540,ATOLL
ISS031-E-124231,ATOLL
ISS031-E-124232,ATOLL
ISS031-E-124233,ATOLL
ISS031-E-124234,ATOLL
ISS031-E-124235,ATOLL
ISS031-E-124236,ATOLL
ISS031-E-124237,ATOLL
ISS031-E-124238,ATOLL
ISS031-E-124239,ATOLL
ISS031-E-124240,ATOLL
ISS031-E-124241,ATOLL
ISS031-E-32380,ATOLL
ISS031-E-32381,ATOLL
ISS031-E-32382,ATOLL
ISS031-E-35153,ATOLL
ISS031-E-35154,ATOLL
ISS031-E-35155,ATOLL
ISS031-E-35156,ATOLL
ISS031-E-35157,ATOLL
ISS031-E-35158,ATOLL
ISS031-E-35159,ATOLL
ISS031-E-35160,ATOLL
ISS031-E-35161,ATOLL
ISS031-E-35172,ATOLL
ISS031-E-35173,ATOLL
ISS031-E-85038,ATOLL
ISS031-E-85039,ATOLL
ISS031-E-85040,ATOLL
ISS031-E-85041,ATOLL
ISS031-E-85042,ATOLL
ISS032-E-22293,ATOLL
ISS032-E-22294,ATOLL
ISS032-E-23748,ATOLL
ISS032-E-23749,ATOLL
ISS032-E-7699,ATOLL
ISS032-E-7700,ATOLL
ISS032-E-7701,ATOLL
ISS032-E-7702,ATOLL
ISS032-E-7703,ATOLL
ISS032-E-7709,ATOLL
ISS033-E-7857,ATOLL
ISS033-E-7858,ATOLL
ISS033-E-7859,ATOLL
ISS033-E-7860,ATOLL
ISS033-E-7861,ATOLL
ISS033-E-7862,ATOLL
ISS033-E-7863,ATOLL
ISS033-E-7864,ATOLL
ISS033-E-7865,ATOLL
ISS033-E-7866,ATOLL
ISS033-E-7867,ATOLL
ISS033-E-7868,ATOLL
ISS033-E-7869,ATOLL
ISS033-E-7870,ATOLL
ISS033-E-7871,ATOLL
ISS033-E-7872,ATOLL
ISS033-E-7873,ATOLL
ISS033-E-7874,ATOLL
ISS033-E-7875,ATOLL
ISS033-E-7876,ATOLL
ISS033-E-7877,ATOLL
ISS033-E-7878,ATOLL
ISS033-E-7879,ATOLL
ISS033-E-7880,ATOLL
ISS033-E-7881,ATOLL
ISS033-E-7882,ATOLL
ISS033-E-7883,ATOLL
ISS033-E-7884,ATOLL
ISS033-E-7885,ATOLL
ISS033-E-7886,ATOLL
ISS033-E-7887,ATOLL
ISS033-E-7888,ATOLL
ISS033-E-7889,ATOLL
ISS033-E-7890,ATOLL
ISS033-E-7891,ATOLL
ISS033-E-7892,ATOLL
ISS033-E-7893,ATOLL
ISS035-E-20807,ATOLL
ISS035-E-6455,ATOLL
ISS035-E-6456,ATOLL
ISS035-E-6457,ATOLL
ISS035-E-6458,ATOLL
ISS035-E-6462,ATOLL
ISS035-E-6464,ATOLL
ISS035-E-6465,ATOLL
ISS035-E-7876,ATOLL
ISS039-E-19968,ATOLL
ISS039-E-19969,ATOLL
ISS039-E-19970,ATOLL
ISS039-E-19971,ATOLL
ISS039-E-20396,ATOLL
ISS039-E-20397,ATOLL
ISS039-E-20398,ATOLL
ISS039-E-20399,ATOLL
ISS039-E-20400,ATOLL
ISS039-E-20401,ATOLL
ISS039-E-20402,ATOLL
ISS039-E-20403,ATOLL
ISS040-E-125318,ATOLL
ISS040-E-125319,ATOLL
ISS040-E-125320,ATOLL
ISS040-E-125321,ATOLL
ISS040-E-125322,ATOLL
ISS040-E-125323,ATOLL
ISS040-E-125324,ATOLL
ISS040-E-125325,ATOLL
ISS040-E-125326,ATOLL
ISS040-E-125327,ATOLL
ISS040-E-125328,ATOLL
ISS040-E-125329,ATOLL
ISS040-E-125330,ATOLL
ISS040-E-125331,ATOLL
ISS040-E-140397,ATOLL
ISS040-E-140398,ATOLL
ISS040-E-140399,ATOLL
ISS040-E-140400,ATOLL
ISS040-E-478,ATOLL
ISS040-E-479,ATOLL
ISS040-E-483,ATOLL
ISS040-E-484,ATOLL
ISS040-E-485,ATOLL
ISS040-E-486,ATOLL
ISS040-E-487,ATOLL
ISS040-E-491,ATOLL
ISS040-E-492,ATOLL
ISS040-E-499,ATOLL
ISS040-E-500,ATOLL
ISS040-E-8157,ATOLL
ISS040-E-8158,ATOLL
ISS040-E-89477,ATOLL
ISS040-E-89478,ATOLL
ISS041-E-99587,ATOLL
ISS041-E-99588,ATOLL
ISS042-E-16263,ATOLL
ISS042-E-16264,ATOLL
ISS042-E-16265,ATOLL
ISS042-E-16266,ATOLL
ISS042-E-16267,ATOLL
ISS042-E-16268,ATOLL
ISS042-E-16269,ATOLL
ISS042-E-16284,ATOLL
ISS042-E-16285,ATOLL
ISS042-E-16286,ATOLL
ISS042-E-16287,ATOLL
ISS042-E-16288,ATOLL
ISS042-E-16289,ATOLL
ISS042-E-16290,ATOLL
ISS042-E-16291,ATOLL
ISS042-E-16292,ATOLL
ISS042-E-16293,ATOLL
ISS042-E-16294,ATOLL
ISS042-E-16295,ATOLL
ISS042-E-16296,ATOLL
ISS042-E-16297,ATOLL
ISS042-E-16298,ATOLL
ISS042-E-16299,ATOLL
ISS042-E-16300,ATOLL
ISS042-E-16301,ATOLL
ISS042-E-16302,ATOLL
ISS042-E-16303,ATOLL
ISS042-E-16304,ATOLL
ISS042-E-16305,ATOLL
ISS042-E-16306,ATOLL
ISS042-E-16307,ATOLL
ISS042-E-16308,ATOLL
ISS042-E-16309,ATOLL
ISS042-E-16310,ATOLL
ISS042-E-16311,ATOLL
ISS042-E-16312,ATOLL
ISS042-E-16313,ATOLL
ISS042-E-16314,ATOLL
ISS042-E-16315,ATOLL
ISS042-E-16316,ATOLL
ISS042-E-19203,ATOLL
ISS042-E-19208,ATOLL
ISS042-E-25086,ATOLL
ISS042-E-25087,ATOLL
ISS042-E-25088,ATOLL
ISS042-E-34580,ATOLL
ISS042-E-34581,ATOLL
ISS042-E-34582,ATOLL
ISS042-E-34583,ATOLL
ISS042-E-37618,ATOLL
ISS042-E-37619,ATOLL
ISS042-E-37622,ATOLL
ISS042-E-37623,ATOLL
ISS042-E-53263,ATOLL
ISS042-E-53264,ATOLL
ISS042-E-53265,ATOLL
ISS042-E-53266,ATOLL
ISS042-E-53267,ATOLL
ISS042-E-53268,ATOLL
ISS042-E-71019,ATOLL
ISS042-E-71020,ATOLL
ISS042-E-71022,ATOLL
ISS042-E-71023,ATOLL
ISS042-E-71024,ATOLL
ISS042-E-71025,ATOLL
ISS042-E-71028,ATOLL
ISS042-E-73586,ATOLL
ISS042-E-73587,ATOLL
ISS042-E-73588,ATOLL
ISS042-E-73589,ATOLL
ISS042-E-73590,ATOLL
ISS042-E-73591,ATOLL
ISS042-E-73592,ATOLL
ISS042-E-73593,ATOLL
ISS042-E-73594,ATOLL
ISS043-E-101723,ATOLL
ISS043-E-101724,ATOLL
ISS043-E-101725,ATOLL
ISS043-E-101726,ATOLL
ISS043-E-101727,ATOLL
ISS043-E-101728,ATOLL
ISS043-E-101729,ATOLL
ISS043-E-101730,ATOLL
ISS043-E-101731,ATOLL
ISS043-E-101732,ATOLL
ISS043-E-101733,ATOLL
ISS043-E-101734,ATOLL
ISS043-E-101735,ATOLL
ISS043-E-101736,ATOLL
ISS043-E-101737,ATOLL
ISS043-E-101738,ATOLL
ISS043-E-101739,ATOLL
ISS043-E-101740,ATOLL
ISS043-E-101741,ATOLL
ISS043-E-10400,ATOLL
ISS043-E-10401,ATOLL
ISS043-E-10402,ATOLL
ISS043-E-10403,ATOLL
ISS043-E-10404,ATOLL
ISS043-E-10405,ATOLL
ISS043-E-10406,ATOLL
ISS043-E-187303,ATOLL
ISS043-E-187304,ATOLL
ISS043-E-187305,ATOLL
ISS043-E-187306,ATOLL
ISS043-E-187307,ATOLL
ISS043-E-187308,ATOLL
ISS043-E-187309,ATOLL
ISS043-E-187310,ATOLL
ISS043-E-187311,ATOLL
ISS043-E-187312,ATOLL
ISS043-E-187313,ATOLL
ISS043-E-187314,ATOLL
ISS043-E-187315,ATOLL
ISS043-E-187318,ATOLL
ISS043-E-187319,ATOLL
ISS043-E-187320,ATOLL
ISS043-E-187321,ATOLL
ISS043-E-187322,ATOLL
ISS043-E-187323,ATOLL
ISS043-E-187324,ATOLL
ISS043-E-187325,ATOLL
ISS043-E-187326,ATOLL
ISS043-E-198526,ATOLL
ISS043-E-198527,ATOLL
ISS043-E-198528,ATOLL
ISS043-E-198529,ATOLL
ISS043-E-198530,ATOLL
ISS043-E-198531,ATOLL
ISS043-E-198538,ATOLL
ISS043-E-198539,ATOLL
ISS043-E-198540,ATOLL
ISS043-E-198550,ATOLL
ISS043-E-198551,ATOLL
ISS043-E-198552,ATOLL
ISS043-E-198553,ATOLL
ISS043-E-198554,ATOLL
ISS043-E-198555,ATOLL
ISS043-E-198556,ATOLL
ISS043-E-198557,ATOLL
ISS043-E-198558,ATOLL
ISS043-E-200500,ATOLL
ISS043-E-200501,ATOLL
ISS043-E-200502,ATOLL
ISS045-E-823,ATOLL
ISS045-E-824,ATOLL
ISS045-E-825,ATOLL
ISS045-E-826,ATOLL
ISS045-E-827,ATOLL
ISS045-E-828,ATOLL
ISS045-E-829,ATOLL
ISS045-E-830,ATOLL
ISS045-E-831,ATOLL
ISS045-E-832,ATOLL
ISS045-E-833,ATOLL
ISS045-E-834,ATOLL
ISS045-E-835,ATOLL
ISS045-E-836,ATOLL
ISS045-E-837,ATOLL
ISS045-E-838,ATOLL
ISS045-E-839,ATOLL
ISS045-E-840,ATOLL
ISS045-E-841,ATOLL
ISS045-E-842,ATOLL
ISS045-E-843,ATOLL
ISS045-E-844,ATOLL
ISS045-E-845,ATOLL
ISS045-E-846,ATOLL
ISS045-E-847,ATOLL
ISS045-E-848,ATOLL
ISS045-E-849,ATOLL
ISS045-E-850,ATOLL
ISS045-E-851,ATOLL
ISS045-E-852,ATOLL
ISS045-E-853,ATOLL
ISS045-E-854,ATOLL
ISS047-E-2329,ATOLL
ISS047-E-2330,ATOLL
ISS047-E-2331,ATOLL
ISS047-E-2332,ATOLL
ISS047-E-2333,ATOLL
ISS047-E-2334,ATOLL
ISS047-E-2335,ATOLL
ISS047-E-2336,ATOLL
ISS047-E-2337,ATOLL
ISS047-E-2338,ATOLL
ISS047-E-2339,ATOLL
ISS047-E-2340,ATOLL
ISS047-E-2341,ATOLL
ISS047-E-2342,ATOLL
ISS047-E-2343,ATOLL
ISS047-E-2344,ATOLL
ISS047-E-2345,ATOLL
ISS047-E-2346,ATOLL
ISS047-E-2347,ATOLL
ISS047-E-2348,ATOLL
ISS047-E-2349,ATOLL
ISS047-E-2350,ATOLL
ISS047-E-2351,ATOLL
ISS047-E-2352,ATOLL
ISS047-E-2353,ATOLL
ISS047-E-2354,ATOLL
ISS047-E-2355,ATOLL
ISS047-E-2356,ATOLL
ISS047-E-2357,ATOLL
ISS047-E-2358,ATOLL
ISS048-E-2150,ATOLL
ISS048-E-2151,ATOLL
ISS048-E-2152,ATOLL
ISS048-E-2153,ATOLL
ISS048-E-2154,ATOLL
ISS048-E-2155,ATOLL
ISS048-E-72806,ATOLL
ISS049-E-1171,ATOLL
ISS049-E-1172,ATOLL
ISS049-E-1173,ATOLL
ISS049-E-1174,ATOLL
ISS049-E-1175,ATOLL
ISS049-E-1176,ATOLL
ISS049-E-1177,ATOLL
ISS049-E-1178,ATOLL
ISS049-E-1179,ATOLL
ISS049-E-1180,ATOLL
ISS049-E-1181,ATOLL
ISS049-E-1182,ATOLL
ISS049-E-1183,ATOLL
ISS049-E-1184,ATOLL
ISS049-E-2103,ATOLL
ISS049-E-2104,ATOLL
ISS049-E-2105,ATOLL
ISS049-E-2106,ATOLL
ISS049-E-26556,ATOLL
ISS049-E-26557,ATOLL
ISS049-E-26558,ATOLL
ISS049-E-26559,ATOLL
ISS049-E-26560,ATOLL
ISS049-E-26561,ATOLL
ISS049-E-26562,ATOLL
ISS049-E-26563,ATOLL
ISS049-E-26564,ATOLL
ISS049-E-26565,ATOLL
ISS049-E-26592,ATOLL
ISS049-E-26593,ATOLL
ISS049-E-26594,ATOLL
ISS049-E-26595,ATOLL
ISS049-E-26596,ATOLL
ISS049-E-26597,ATOLL
ISS049-E-26598,ATOLL
ISS049-E-26599,ATOLL
ISS049-E-26600,ATOLL
ISS049-E-26601,ATOLL
ISS049-E-26602,ATOLL
ISS049-E-34809,ATOLL
ISS049-E-34810,ATOLL
ISS049-E-34811,ATOLL
ISS049-E-34812,ATOLL
ISS049-E-34813,ATOLL
ISS049-E-34814,ATOLL
ISS049-E-34815,ATOLL
ISS049-E-5826,ATOLL
ISS049-E-5827,ATOLL
ISS050-E-14725,ATOLL
ISS050-E-14726,ATOLL
ISS050-E-14727,ATOLL
ISS050-E-14728,ATOLL
ISS050-E-14729,ATOLL
ISS050-E-14730,ATOLL
ISS050-E-14731,ATOLL
ISS050-E-14732,ATOLL
ISS050-E-14733,ATOLL
ISS050-E-29469,ATOLL
ISS050-E-29470,ATOLL
ISS050-E-29471,ATOLL
ISS050-E-29472,ATOLL
ISS050-E-29473,ATOLL
ISS050-E-30137,ATOLL
ISS050-E-30138,ATOLL
ISS050-E-30139,ATOLL
ISS050-E-30140,ATOLL
ISS050-E-30141,ATOLL
ISS050-E-30142,ATOLL
ISS050-E-30143,ATOLL
ISS050-E-30144,ATOLL
ISS050-E-30149,ATOLL
ISS050-E-30150,ATOLL
ISS050-E-30449,ATOLL
ISS050-E-30450,ATOLL
ISS050-E-30451,ATOLL
ISS050-E-30452,ATOLL
ISS050-E-30453,ATOLL
ISS050-E-38370,ATOLL
ISS050-E-38371,ATOLL
ISS050-E-859,ATOLL
ISS050-E-860,ATOLL
ISS050-E-861,ATOLL
ISS050-E-862,ATOLL
ISS050-E-863,ATOLL
ISS050-E-864,ATOLL
ISS050-E-865,ATOLL
ISS050-E-866,ATOLL
ISS050-E-867,ATOLL
ISS050-E-868,ATOLL
ISS050-E-869,ATOLL
ISS050-E-870,ATOLL
ISS050-E-871,ATOLL
ISS050-E-872,ATOLL
ISS050-E-873,ATOLL
ISS050-E-874,ATOLL
ISS050-E-875,ATOLL
ISS050-E-876,ATOLL
ISS051-E-31059,ATOLL
ISS051-E-31060,ATOLL
ISS051-E-31061,ATOLL
ISS051-E-31062,ATOLL
ISS051-E-31063,ATOLL
ISS051-E-31064,ATOLL
ISS051-E-31065,ATOLL
ISS051-E-31066,ATOLL
ISS051-E-31067,ATOLL
NASA7-704-14,ATOLL
NASA7-704-15,ATOLL
STS005-37-827,ATOLL
STS009-33-1332,ATOLL
STS009-46-1834,ATOLL
STS009-46-1835,ATOLL
STS033-76-42,ATOLL
STS033-76-43,ATOLL
STS033-76-45,ATOLL
STS038-87-40,ATOLL
STS038-87-41,ATOLL
STS038-87-42,ATOLL
STS038-87-43,ATOLL
STS038-90-77,ATOLL
STS038-90-78,ATOLL
STS039-94-38,ATOLL
STS041-79-69,ATOLL
STS041-79-70,ATOLL
STS041-79-71,ATOLL
STS041-79-72,ATOLL
STS041-79-73,ATOLL
STS041-79-74,ATOLL
STS041-79-75,ATOLL
STS041-79-76,ATOLL
STS044-77-11,ATOLL
STS044-79-60,ATOLL
STS044-79-61,ATOLL
STS044-79-62,ATOLL
STS044-82-56,ATOLL
STS044-82-57,ATOLL
STS044-82-59,ATOLL
STS046-75-1,ATOLL
STS046-75-2,ATOLL
STS046-75-3,ATOLL
STS046-75-4,ATOLL
STS046-75-5,ATOLL
STS046-78-94,ATOLL
STS046-82-19,ATOLL
STS046-87-25,ATOLL
STS046-90-1,ATOLL
STS048-103-51,ATOLL
STS048-110-93,ATOLL
STS048-151-263,ATOLL
STS049-71-10,ATOLL
STS049-71-11,ATOLL
STS049-71-12,ATOLL
STS049-82-24,ATOLL
STS049-86-5,ATOLL
STS049-97-59,ATOLL
STS050-112-86,ATOLL
STS055-73-AG,ATOLL
STS055-73-AH,ATOLL
STS055-77-49,ATOLL
STS055-77-50,ATOLL
STS055-77-51,ATOLL
STS055-80-62,ATOLL
STS055-80-63,ATOLL
STS055-81D-73,ATOLL
STS055-83-84,ATOLL
STS055-89-21,ATOLL
STS055-89-58,ATOLL
STS055-90-11,ATOLL
STS055-90-4,ATOLL
STS055-90-5,ATOLL
STS055-93-42,ATOLL
STS055-93-43,ATOLL
STS055-97-83,ATOLL
STS055-97-84,ATOLL
STS055-97-85,ATOLL
STS055-97-86,ATOLL
STS056-104-4,ATOLL
STS056-104-6,ATOLL
STS056-104-7,ATOLL
STS059-235-86,ATOLL
STS059-83-55,ATOLL
STS059-83-56,ATOLL
STS059-83-58,ATOLL
STS059-83-59,ATOLL
STS061-75-28,ATOLL
STS061-78-42,ATOLL
STS061-92-81,ATOLL
STS061-92-82,ATOLL
STS062-103-5,ATOLL
STS062-103-6,ATOLL
STS064-81-34,ATOLL
STS064-81-35,ATOLL
STS064-81-36,ATOLL
STS064-81-37,ATOLL
STS064-81-38,ATOLL
STS064-83-38,ATOLL
STS064-83-39,ATOLL
STS064-83-40,ATOLL
STS064-83-45,ATOLL
STS064-83-46,ATOLL
STS064-83-47,ATOLL
STS064-83-48,ATOLL
STS064-83-49,ATOLL
STS064-83-50,ATOLL
STS064-83-51,ATOLL
STS064-83-89,ATOLL
STS064-86-89,ATOLL
STS064-86-90,ATOLL
STS064-86-91,ATOLL
STS065-106-59,ATOLL
STS065-106-60,ATOLL
STS065-106-61,ATOLL
STS065-107-32,ATOLL
STS065-107-33,ATOLL
STS065-85-50,ATOLL
STS065-85-51,ATOLL
STS065-85-52,ATOLL
STS067-730-18,ATOLL
STS067-730-19,ATOLL
STS067-730-21,ATOLL
STS067-730-22,ATOLL
STS067-730A-25,ATOLL
STS067-730A-26,ATOLL
STS068-155-109,ATOLL
STS068-155-110,ATOLL
STS068-155-111,ATOLL
STS068-239-99,ATOLL
STS068-246-3,ATOLL
STS068-246-4,ATOLL
STS068-248-44,ATOLL
STS068-250-17,ATOLL
STS068-253-35,ATOLL
STS068-253-36,ATOLL
STS072-736-55,ATOLL
STS072-736-56,ATOLL
STS075-723-89,ATOLL
STS075-723-90,ATOLL
STS075-723-91,ATOLL
STS075-751-10,ATOLL
STS075-751-11,ATOLL
STS075-751-12,ATOLL
STS075-751-13,ATOLL
STS075-751-14,ATOLL
STS075-751-15,ATOLL
STS075-751-16,ATOLL
STS075-751-6,ATOLL
STS075-751-7,ATOLL
STS075-751-8,ATOLL
STS075-751-9,ATOLL
STS075-759-23,ATOLL
STS075-759-24,ATOLL
STS075-759-25,ATOLL
STS075-759-26,ATOLL
STS075-759-27,ATOLL
STS075-759-28,ATOLL
STS077-741-78,ATOLL
STS077-744-42B,ATOLL
STS077-744-42C,ATOLL
STS088-738-85,ATOLL
STS088-739-53,ATOLL
STS088-739-54,ATOLL
STS097-717-47,ATOLL
STS097-717-48,ATOLL
STS097-717-49,ATOLL
STS098-304-7,ATOLL
STS098-304-8,ATOLL
STS098-E-5321,ATOLL
STS098-E-5322,ATOLL
STS099-706-82,ATOLL
STS099-706-83,ATOLL
STS099-706-84,ATOLL
STS099-706-85,ATOLL
STS099-725-39,ATOLL
STS099-725-40,ATOLL
STS099-730-75,ATOLL
STS099-730-76,ATOLL
STS099-730-77,ATOLL
STS099-730-78,ATOLL
STS099-730-79,ATOLL
STS099-730-80,ATOLL
STS099-746-56,ATOLL
STS099-746-57,ATOLL
STS099-746-58,ATOLL
STS099-746-59,ATOLL
STS099-746-60,ATOLL
STS100-706-89,ATOLL
STS100-706-90,ATOLL
STS100-706-91,ATOLL
STS100-706-92,ATOLL
STS101-710-45,ATOLL
STS102-331-1,ATOLL
STS102-331-2,ATOLL
STS103-701-56,ATOLL
STS103-701-57,ATOLL
STS103-701-58,ATOLL
STS103-701-59,ATOLL
STS103-701-60,ATOLL
STS103-701-61,ATOLL
STS103-701-62,ATOLL
STS103-705-16,ATOLL
STS103-705-17,ATOLL
STS103-705-18,ATOLL
STS103-705-67,ATOLL
STS103-705-68,ATOLL
STS103-705-69,ATOLL
STS104-707-78,ATOLL
STS104-707-79,ATOLL
STS104-707-80,ATOLL
STS104-707-81,ATOLL
STS104-707-82,ATOLL
STS104-707-83,ATOLL
STS104-707-84,ATOLL
STS104-707-85,ATOLL
STS104-707-87,ATOLL
STS104-707-88,ATOLL
STS104-707-89,ATOLL
STS104-707-90,ATOLL
STS104-707-91,ATOLL
STS104-707-92,ATOLL
STS104-707-93,ATOLL
STS104-707-94,ATOLL
STS104-707-95,ATOLL
STS104-722-70,ATOLL
STS104-722-71,ATOLL
STS104-722-72,ATOLL
STS107-E-5575,ATOLL
STS107-E-5576,ATOLL
STS107-E-5577,ATOLL
STS107-E-5578,ATOLL
STS107-E-5579,ATOLL
STS107-E-5580,ATOLL
STS108-701-54,ATOLL
STS108-701-55,ATOLL
STS108-701-56,ATOLL
STS108-701-57,ATOLL
STS108-701-58,ATOLL
STS108-701-59,ATOLL
STS108-702-29,ATOLL
STS108-702-30,ATOLL
STS108-702-31,ATOLL
STS108-715-7,ATOLL
STS108-715-8,ATOLL
STS108-715-9,ATOLL
STS109-719-81,ATOLL
STS109-719-82,ATOLL
STS109-719-83,ATOLL
STS109-719-84,ATOLL
STS109-719-85,ATOLL
STS109-719-86,ATOLL
STS109-724-68,ATOLL
STS109-724-69,ATOLL
STS109-724-70,ATOLL
STS110-701-92,ATOLL
STS110-701-93,ATOLL
STS110-701-94,ATOLL
STS110-701-95,ATOLL
STS110-701-96,ATOLL
STS110-701-97,ATOLL
STS111-367-1,ATOLL
STS111-367-10,ATOLL
STS111-367-2,ATOLL
STS111-367-3,ATOLL
STS111-367-7,ATOLL
STS111-367-8,ATOLL
STS111-367-9,ATOLL
STS111-703-44,ATOLL
STS111-703-45,ATOLL
STS111-703-46,ATOLL
STS111-703-47,ATOLL
STS111-703-48,ATOLL
STS111-703-49,ATOLL
STS111-705-34,ATOLL
STS111-705-35,ATOLL
STS111-705-36,ATOLL
STS111-705-37,ATOLL
STS111-705-38,ATOLL
STS111-712-24,ATOLL
STS111-712-25,ATOLL
STS111-715-38,ATOLL
STS111-715-39,ATOLL
STS111-716-55,ATOLL
STS111-716-56,ATOLL
STS111-716-57,ATOLL
STS111-716-58,ATOLL
STS111-716-59,ATOLL
STS111-716-60,ATOLL
STS111-716-61,ATOLL
STS111-719-79,ATOLL
STS111-719-80,ATOLL
STS111-719-81,ATOLL
STS111-E-5412,ATOLL
STS111-E-5413,ATOLL
STS111-E-5414,ATOLL
STS111-E-5415,ATOLL
STS111-E-5416,ATOLL
STS111-E-5417,ATOLL
STS111-E-5418,ATOLL
STS111-E-5436,ATOLL
STS111-E-5437,ATOLL
STS111-E-5438,ATOLL
STS111-E-5439,ATOLL
STS112-376-1,ATOLL
STS112-376-2,ATOLL
STS112-376-3,ATOLL
STS112-376-4,ATOLL
STS112-718-10,ATOLL
STS112-718-5,ATOLL
STS112-718-6,ATOLL
STS112-718-7,ATOLL
STS112-718-8,ATOLL
STS112-718-9,ATOLL
STS113-357-30,ATOLL
STS113-357-31,ATOLL
STS113-357-32,ATOLL
STS113-357-33,ATOLL
STS113-357-34,ATOLL
STS113-357-35,ATOLL
STS113-701-12,ATOLL
STS113-701-13,ATOLL
STS113-701-14,ATOLL
STS113-701-15,ATOLL
STS113-701-16,ATOLL
STS113-701-17,ATOLL
STS113-701-18,ATOLL
STS113-701-19,ATOLL
STS113-701-2,ATOLL
STS113-701-20,ATOLL
STS113-701-3,ATOLL
STS113-701-4,ATOLL
STS113-701-5,ATOLL
STS113-701-6,ATOLL
STS113-701-7,ATOLL
STS113-701-8,ATOLL
STS117-E-9397,ATOLL
STS117-E-9398,ATOLL
STS117-E-9399,ATOLL
STS117-E-9400,ATOLL
STS119-E-10627,ATOLL
STS119-E-10628,ATOLL
STS119-E-10629,ATOLL
STS119-E-10630,ATOLL
STS119-E-10631,ATOLL
STS119-E-10632,ATOLL
STS119-E-10633,ATOLL
STS119-E-10634,ATOLL
STS119-E-10635,ATOLL
STS119-E-10636,ATOLL
STS119-E-10637,ATOLL
STS119-E-10638,ATOLL
STS119-E-10639,ATOLL
STS119-E-10640,ATOLL
STS119-E-10641,ATOLL
STS119-E-10642,ATOLL
STS119-E-10643,ATOLL
STS119-E-10644,ATOLL
STS119-E-10645,ATOLL
STS119-E-10646,ATOLL
STS119-E-10647,ATOLL
STS119-E-10767,ATOLL
STS119-E-10768,ATOLL
STS119-E-10769,ATOLL
STS119-E-10770,ATOLL
STS119-E-10771,ATOLL
STS119-E-10772,ATOLL
STS119-E-11192,ATOLL
STS119-E-11193,ATOLL
STS119-E-11194,ATOLL
STS119-E-11195,ATOLL
STS119-E-11196,ATOLL
STS119-E-11197,ATOLL
STS119-E-11198,ATOLL
STS119-E-11388,ATOLL
STS119-E-11389,ATOLL
STS119-E-11390,ATOLL
STS119-E-11391,ATOLL
STS119-E-11392,ATOLL
STS119-E-11393,ATOLL
STS119-E-11394,ATOLL
STS119-E-11395,ATOLL
STS119-E-11396,ATOLL
STS122-E-12040,ATOLL
STS124-E-10475,ATOLL
STS124-E-10476,ATOLL
STS125-E-13807,ATOLL
STS125-E-13808,ATOLL
STS125-E-13810,ATOLL
STS126-E-13972,ATOLL
STS127-E-13150,ATOLL
STS127-E-13151,ATOLL
STS128-E-10266,ATOLL
STS128-E-10267,ATOLL
STS128-E-10352,ATOLL
STS128-E-10353,ATOLL
STS128-E-10361,ATOLL
STS128-E-10362,ATOLL
STS128-E-10363,ATOLL
STS128-E-10364,ATOLL
STS128-E-10365,ATOLL
STS128-E-10366,ATOLL
STS128-E-10367,ATOLL
STS128-E-10368,ATOLL
STS128-E-10369,ATOLL
STS128-E-10370,ATOLL
STS128-E-10371,ATOLL
STS128-E-10372,ATOLL
STS128-E-10373,ATOLL
STS128-E-10374,ATOLL
STS128-E-10820,ATOLL
STS128-E-10821,ATOLL
STS128-E-10822,ATOLL
STS128-E-10823,ATOLL
STS128-E-10824,ATOLL
STS128-E-10825,ATOLL
STS128-E-10826,ATOLL
STS128-E-10827,ATOLL
STS128-E-10828,ATOLL
STS128-E-10829,ATOLL
STS128-E-10830,ATOLL
STS128-E-10831,ATOLL
STS128-E-10832,ATOLL
STS128-E-10833,ATOLL
STS128-E-10834,ATOLL
STS128-E-10835,ATOLL
STS128-E-10836,ATOLL
STS128-E-10839,ATOLL
STS128-E-11029,ATOLL
STS129-E-10256,ATOLL
STS129-E-10257,ATOLL
STS129-E-10258,ATOLL
STS129-E-10259,ATOLL
STS129-E-10260,ATOLL
STS129-E-10261,ATOLL
STS129-E-10262,ATOLL
STS129-E-10263,ATOLL
STS129-E-10264,ATOLL
STS129-E-10265,ATOLL
STS129-E-10266,ATOLL
STS129-E-10267,ATOLL
STS129-E-10268,ATOLL
STS129-E-10269,ATOLL
STS129-E-10270,ATOLL
STS129-E-10271,ATOLL
STS129-E-10272,ATOLL
STS129-E-10273,ATOLL
STS129-E-10274,ATOLL
STS129-E-10275,ATOLL
STS129-E-10276,ATOLL
STS129-E-10277,ATOLL
STS129-E-10278,ATOLL
STS129-E-10279,ATOLL
STS129-E-10280,ATOLL
STS129-E-10281,ATOLL
STS129-E-10282,ATOLL
STS129-E-10283,ATOLL
STS129-E-10284,ATOLL
STS129-E-10285,ATOLL
STS129-E-10286,ATOLL
STS129-E-10287,ATOLL
STS129-E-10288,ATOLL
STS129-E-10289,ATOLL
STS129-E-10290,ATOLL
STS129-E-10680,ATOLL
STS129-E-10681,ATOLL
STS129-E-10683,ATOLL
STS129-E-10684,ATOLL
STS130-E-13048,ATOLL
STS130-E-9788,ATOLL
STS132-E-12460,ATOLL
STS132-E-12461,ATOLL
STS132-E-12462,ATOLL
STS132-E-12463,ATOLL
STS132-E-12464,ATOLL
STS132-E-12465,ATOLL
STS132-E-12466,ATOLL
STS132-E-12777,ATOLL
STS132-E-12778,ATOLL
STS132-E-8815,ATOLL
STS132-E-8816,ATOLL
STS132-E-8817,ATOLL
STS132-E-8819,ATOLL
STS133-E-10244,ATOLL
STS133-E-10245,ATOLL
STS133-E-10246,ATOLL
STS133-E-11778,ATOLL
STS133-E-11779,ATOLL
STS133-E-11780,ATOLL
STS133-E-11781,ATOLL
STS133-E-11782,ATOLL
STS133-E-11783,ATOLL
STS133-E-11784,ATOLL
STS133-E-11785,ATOLL
STS133-E-11786,ATOLL
STS133-E-11787,ATOLL
STS133-E-11788,ATOLL
STS133-E-11789,ATOLL
STS133-E-11790,ATOLL
STS133-E-11791,ATOLL
STS133-E-11792,ATOLL
STS133-E-11793,ATOLL
STS133-E-11794,ATOLL
STS133-E-11795,ATOLL
STS133-E-11796,ATOLL
STS133-E-11797,ATOLL
STS133-E-11798,ATOLL
STS133-E-11799,ATOLL
STS133-E-11800,ATOLL
STS133-E-11801,ATOLL
STS133-E-12517,ATOLL
STS133-E-12518,ATOLL
STS133-E-12519,ATOLL
STS133-E-12520,ATOLL
STS133-E-12523,ATOLL
STS133-E-12524,ATOLL
STS133-E-12525,ATOLL
STS133-E-12526,ATOLL
STS133-E-12527,ATOLL
STS133-E-12528,ATOLL
STS133-E-12529,ATOLL
STS133-E-12530,ATOLL
STS133-E-12531,ATOLL
STS133-E-12532,ATOLL
STS133-E-12533,ATOLL
STS133-E-12534,ATOLL
STS133-E-12535,ATOLL
STS133-E-12723,ATOLL
STS133-E-12724,ATOLL
STS133-E-12725,ATOLL
STS133-E-12726,ATOLL
STS133-E-12727,ATOLL
STS133-E-12728,ATOLL
STS133-E-12729,ATOLL
STS133-E-12730,ATOLL
STS133-E-12731,ATOLL
STS133-E-12732,ATOLL
STS133-E-12740,ATOLL
STS133-E-12743,ATOLL
STS133-E-13782,ATOLL
STS133-E-13783,ATOLL
STS133-E-13784,ATOLL
STS133-E-13788,ATOLL
STS133-E-13789,ATOLL
STS133-E-13790,ATOLL
STS133-E-13791,ATOLL
STS133-E-13792,ATOLL
STS133-E-13793,ATOLL
STS133-E-13795,ATOLL
STS133-E-13797,ATOLL
STS133-E-13798,ATOLL
STS41B-36-1762,ATOLL
STS41B-36-1763,ATOLL
STS41B-36-1766,ATOLL
STS41B-46-2969,ATOLL
STS41B-46-2970,ATOLL
STS41C-39-1978,ATOLL
STS41D-32-23,ATOLL
STS41D-32-24,ATOLL
STS51B-40-77,ATOLL
STS51B-46-16,ATOLL
STS51B-46-17,ATOLL
STS51F-45-70,ATOLL
STS51F-45-71,ATOLL
STS51F-45-72,ATOLL
STS51G-45-4,ATOLL
STS51I-42-52,ATOLL
STS51I-42-91,ATOLL
STS51I-43-4,ATOLL
STS61B-38-27,ATOLL
