AS07-5-1615,ISLAND
AS09-22-3427,ISLAND
AS09-23-3490,ISLAND
ISS001-E-5958,ISLAND
ISS001-E-5959,ISLAND
ISS001-E-5961,ISLAND
ISS001-E-5962,ISLAND
ISS002-E-10049,ISLAND
ISS002-E-6838,ISLAND
ISS002-E-7101,ISLAND
ISS002-E-8881,ISLAND
ISS002-E-8882,ISLAND
ISS002-E-9022,ISLAND
ISS002-E-9024,ISLAND
ISS002-E-9163,ISLAND
ISS002-E-9880,ISLAND
ISS002-E-9923,ISLAND
ISS002-E-9924,ISLAND
ISS002-E-9928,ISLAND
ISS003-E-7760,ISLAND
ISS004-725-53,ISLAND
ISS004-725-54,ISLAND
ISS004-E-10728,ISLAND
ISS004-E-10729,ISLAND
ISS004-E-11186,ISLAND
ISS004-E-11187,ISLAND
ISS004-E-11188,ISLAND
ISS004-E-5072,ISLAND
ISS004-E-5777,ISLAND
ISS004-E-5798,ISLAND
ISS004-E-5799,ISLAND
ISS004-E-6001,ISLAND
ISS004-E-6002,ISLAND
ISS004-E-6205,ISLAND
ISS004-E-8157,ISLAND
ISS004-E-8487,ISLAND
ISS004-E-8810,ISLAND
ISS004-E-8811,ISLAND
ISS005-E-12149,ISLAND
ISS005-E-12150,ISLAND
ISS005-E-12151,ISLAND
ISS005-E-12449,ISLAND
ISS005-E-12450,ISLAND
ISS005-E-12774,ISLAND
ISS005-E-12775,ISLAND
ISS005-E-12776,ISLAND
ISS005-E-12777,ISLAND
ISS005-E-12778,ISLAND
ISS005-E-12779,ISLAND
ISS005-E-14906,ISLAND
ISS005-E-14907,ISLAND
ISS005-E-16246,ISLAND
ISS005-E-16280,ISLAND
ISS005-E-16283,ISLAND
ISS005-E-17180,ISLAND
ISS005-E-17552,ISLAND
ISS005-E-17553,ISLAND
ISS005-E-17554,ISLAND
ISS005-E-17584,ISLAND
ISS005-E-17585,ISLAND
ISS005-E-17586,ISLAND
ISS005-E-17746,ISLAND
ISS005-E-17747,ISLAND
ISS005-E-17748,ISLAND
ISS005-E-17810,ISLAND
ISS005-E-18669,ISLAND
ISS005-E-18670,ISLAND
ISS005-E-19455,ISLAND
ISS005-E-19521,ISLAND
ISS005-E-19737,ISLAND
ISS005-E-19738,ISLAND
ISS005-E-19859,ISLAND
ISS005-E-20103,ISLAND
ISS005-E-20692,ISLAND
ISS005-E-21737,ISLAND
ISS005-E-21738,ISLAND
ISS005-E-21889,ISLAND
ISS005-E-21910,ISLAND
ISS005-E-21911,ISLAND
ISS005-E-21917,ISLAND
ISS006-E-15426,ISLAND
ISS006-E-20240,ISLAND
ISS006-E-33030,ISLAND
ISS006-E-33378,ISLAND
ISS006-E-33379,ISLAND
ISS006-E-33380,ISLAND
ISS006-E-33381,ISLAND
ISS006-E-36644,ISLAND
ISS006-E-38725,ISLAND
ISS006-E-38726,ISLAND
ISS006-E-38825,ISLAND
ISS006-E-38826,ISLAND
ISS006-E-38827,ISLAND
ISS006-E-38829,ISLAND
ISS006-E-38831,ISLAND
ISS006-E-38832,ISLAND
ISS006-E-38900,ISLAND
ISS006-E-39912,ISLAND
ISS006-E-39913,ISLAND
ISS006-E-39914,ISLAND
ISS006-E-39915,ISLAND
ISS006-E-39916,ISLAND
ISS006-E-40762,ISLAND
ISS006-E-40763,ISLAND
ISS006-E-40764,ISLAND
ISS006-E-40765,ISLAND
ISS006-E-40766,ISLAND
ISS006-E-40767,ISLAND
ISS006-E-40768,ISLAND
ISS006-E-40769,ISLAND
ISS006-E-40770,ISLAND
ISS006-E-40771,ISLAND
ISS006-E-40772,ISLAND
ISS006-E-40890,ISLAND
ISS006-E-40891,ISLAND
ISS006-E-40893,ISLAND
ISS006-E-41784,ISLAND
ISS006-E-41785,ISLAND
ISS006-E-41786,ISLAND
ISS006-E-41787,ISLAND
ISS006-E-41788,ISLAND
ISS006-E-41789,ISLAND
ISS006-E-42418,ISLAND
ISS006-E-42419,ISLAND
ISS006-E-44084,ISLAND
ISS006-E-44085,ISLAND
ISS006-E-45539,ISLAND
ISS006-E-5216,ISLAND
ISS006-E-5217,ISLAND
ISS006-E-6803,ISLAND
ISS006-E-7179,ISLAND
ISS006-E-7366,ISLAND
ISS006-E-7367,ISLAND
ISS006-E-7368,ISLAND
ISS006-E-7369,ISLAND
ISS006-E-7370,ISLAND
ISS006-E-7371,ISLAND
ISS006-E-7481,ISLAND
ISS006-E-9720,ISLAND
ISS006-E-9721,ISLAND
ISS007-E-10768,ISLAND
ISS007-E-10769,ISLAND
ISS007-E-11720,ISLAND
ISS007-E-11721,ISLAND
ISS007-E-17957,ISLAND
ISS007-E-17958,ISLAND
ISS007-E-17959,ISLAND
ISS007-E-17960,ISLAND
ISS007-E-17965,ISLAND
ISS007-E-17966,ISLAND
ISS008-E-22019,ISLAND
ISS008-E-22020,ISLAND
ISS008-E-22021,ISLAND
ISS008-E-22022,ISLAND
ISS008-E-5661,ISLAND
ISS008-E-5662,ISLAND
ISS008-E-5663,ISLAND
ISS008-E-7025,ISLAND
ISS008-E-7026,ISLAND
ISS008-E-7027,ISLAND
ISS009-E-13125,ISLAND
ISS009-E-13126,ISLAND
ISS009-E-15413,ISLAND
ISS009-E-15414,ISLAND
ISS009-E-15717,ISLAND
ISS009-E-15718,ISLAND
ISS009-E-19443,ISLAND
ISS009-E-25023,ISLAND
ISS009-E-28004,ISLAND
ISS009-E-28990,ISLAND
ISS009-E-28991,ISLAND
ISS009-E-5416,ISLAND
ISS009-E-5716,ISLAND
ISS009-E-5823,ISLAND
ISS009-E-5824,ISLAND
ISS009-E-5825,ISLAND
ISS009-E-5832,ISLAND
ISS009-E-6961,ISLAND
ISS009-E-6962,ISLAND
ISS009-E-6963,ISLAND
ISS009-E-6964,ISLAND
ISS009-E-6965,ISLAND
ISS009-E-6966,ISLAND
ISS009-E-6967,ISLAND
ISS009-E-6968,ISLAND
ISS009-E-6969,ISLAND
ISS009-E-6970,ISLAND
ISS009-E-7300,ISLAND
ISS009-E-7301,ISLAND
ISS009-E-7302,ISLAND
ISS009-E-7303,ISLAND
ISS009-E-7304,ISLAND
ISS009-E-7305,ISLAND
ISS009-E-7306,ISLAND
ISS009-E-7307,ISLAND
ISS009-E-7308,ISLAND
ISS009-E-7309,ISLAND
ISS009-E-9922,ISLAND
ISS010-E-10910,ISLAND
ISS010-E-25628,ISLAND
ISS010-E-25629,ISLAND
ISS010-E-33407,ISLAND
ISS010-E-33408,ISLAND
ISS010-E-33409,ISLAND
ISS010-E-33410,ISLAND
ISS010-E-9278,ISLAND
ISS010-E-9279,ISLAND
ISS010-E-9280,ISLAND
ISS010-E-9281,ISLAND
ISS010-E-9282,ISLAND
ISS010-E-9283,ISLAND
ISS010-E-9284,ISLAND
ISS010-E-9285,ISLAND
ISS010-E-9286,ISLAND
ISS011-E-7272,ISLAND
ISS011-E-7375,ISLAND
ISS011-E-7913,ISLAND
ISS012-E-12322,ISLAND
ISS012-E-12989,ISLAND
ISS012-E-12993,ISLAND
ISS012-E-13860,ISLAND
ISS012-E-13861,ISLAND
ISS012-E-17136,ISLAND
ISS012-E-17137,ISLAND
ISS012-E-23616,ISLAND
ISS012-E-23617,ISLAND
ISS012-E-25478,ISLAND
ISS012-E-7807,ISLAND
ISS012-E-7808,ISLAND
ISS012-E-7809,ISLAND
ISS012-E-8050,ISLAND
ISS012-E-8051,ISLAND
ISS012-E-8052,ISLAND
ISS012-E-8143,ISLAND
ISS012-E-8144,ISLAND
ISS012-E-8145,ISLAND
ISS012-E-8737,ISLAND
ISS012-E-8738,ISLAND
ISS012-E-8739,ISLAND
ISS012-E-8745,ISLAND
ISS012-E-8748,ISLAND
ISS013-E-14390,ISLAND
ISS013-E-14397,ISLAND
ISS013-E-14757,ISLAND
ISS013-E-21282,ISLAND
ISS013-E-21283,ISLAND
ISS013-E-21284,ISLAND
ISS013-E-21966,ISLAND
ISS013-E-23269,ISLAND
ISS013-E-25382,ISLAND
ISS013-E-25383,ISLAND
ISS013-E-25424,ISLAND
ISS013-E-25426,ISLAND
ISS013-E-5003,ISLAND
ISS013-E-5051,ISLAND
ISS013-E-6340,ISLAND
ISS013-E-76475,ISLAND
ISS013-E-77450,ISLAND
ISS013-E-77476,ISLAND
ISS013-E-81726,ISLAND
ISS013-E-85983,ISLAND
ISS013-E-9112,ISLAND
ISS014-E-12884,ISLAND
ISS014-E-12885,ISLAND
ISS014-E-18509,ISLAND
ISS014-E-18709,ISLAND
ISS014-E-18710,ISLAND
ISS014-E-18711,ISLAND
ISS015-E-14962,ISLAND
ISS015-E-14963,ISLAND
ISS015-E-17346,ISLAND
ISS015-E-17347,ISLAND
ISS015-E-17352,ISLAND
ISS015-E-18540,ISLAND
ISS015-E-33991,ISLAND
ISS015-E-33992,ISLAND
ISS015-E-33993,ISLAND
ISS015-E-33994,ISLAND
ISS015-E-37118,ISLAND
ISS015-E-37119,ISLAND
ISS015-E-5281,ISLAND
ISS016-E-36109,ISLAND
ISS016-E-36203,ISLAND
ISS016-E-7435,ISLAND
ISS017-E-21122,ISLAND
ISS018-E-8144,ISLAND
ISS019-E-10595,ISLAND
ISS019-E-10596,ISLAND
ISS019-E-10663,ISLAND
ISS019-E-11862,ISLAND
ISS019-E-11863,ISLAND
ISS019-E-11864,ISLAND
ISS019-E-11928,ISLAND
ISS019-E-11929,ISLAND
ISS019-E-11930,ISLAND
ISS019-E-11931,ISLAND
ISS019-E-11932,ISLAND
ISS019-E-12317,ISLAND
ISS019-E-12318,ISLAND
ISS019-E-12319,ISLAND
ISS019-E-19524,ISLAND
ISS019-E-19525,ISLAND
ISS019-E-19526,ISLAND
ISS019-E-20578,ISLAND
ISS019-E-5447,ISLAND
ISS019-E-5448,ISLAND
ISS019-E-5449,ISLAND
ISS019-E-5450,ISLAND
ISS019-E-5479,ISLAND
ISS019-E-5480,ISLAND
ISS019-E-6972,ISLAND
ISS019-E-6974,ISLAND
ISS019-E-6976,ISLAND
ISS019-E-7662,ISLAND
ISS019-E-7663,ISLAND
ISS019-E-7664,ISLAND
ISS019-E-7665,ISLAND
ISS019-E-7666,ISLAND
ISS019-E-7667,ISLAND
ISS019-E-7668,ISLAND
ISS019-E-7669,ISLAND
ISS019-E-7809,ISLAND
ISS019-E-7810,ISLAND
ISS019-E-7811,ISLAND
ISS019-E-7812,ISLAND
ISS019-E-7848,ISLAND
ISS019-E-7849,ISLAND
ISS019-E-7850,ISLAND
ISS019-E-7854,ISLAND
ISS019-E-7855,ISLAND
ISS019-E-7856,ISLAND
ISS019-E-7857,ISLAND
ISS019-E-7858,ISLAND
ISS019-E-7859,ISLAND
ISS019-E-7860,ISLAND
ISS019-E-7861,ISLAND
ISS019-E-7866,ISLAND
ISS019-E-7867,ISLAND
ISS019-E-8033,ISLAND
ISS019-E-8034,ISLAND
ISS019-E-8036,ISLAND
ISS019-E-8040,ISLAND
ISS019-E-9012,ISLAND
ISS019-E-9016,ISLAND
ISS019-E-9058,ISLAND
ISS019-E-9059,ISLAND
ISS019-E-9259,ISLAND
ISS020-E-10665,ISLAND
ISS020-E-10666,ISLAND
ISS020-E-10667,ISLAND
ISS020-E-10668,ISLAND
ISS020-E-10669,ISLAND
ISS020-E-10738,ISLAND
ISS020-E-10739,ISLAND
ISS020-E-10740,ISLAND
ISS020-E-11578,ISLAND
ISS020-E-18231,ISLAND
ISS020-E-18969,ISLAND
ISS020-E-27871,ISLAND
ISS020-E-27872,ISLAND
ISS020-E-27873,ISLAND
ISS020-E-28141,ISLAND
ISS020-E-28178,ISLAND
ISS020-E-28305,ISLAND
ISS020-E-28306,ISLAND
ISS020-E-28307,ISLAND
ISS020-E-28308,ISLAND
ISS020-E-28309,ISLAND
ISS020-E-28310,ISLAND
ISS020-E-28828,ISLAND
ISS020-E-28923,ISLAND
ISS020-E-28924,ISLAND
ISS020-E-28925,ISLAND
ISS020-E-28926,ISLAND
ISS020-E-28927,ISLAND
ISS020-E-28928,ISLAND
ISS020-E-28929,ISLAND
ISS020-E-28930,ISLAND
ISS020-E-30591,ISLAND
ISS020-E-30592,ISLAND
ISS020-E-31110,ISLAND
ISS020-E-32110,ISLAND
ISS020-E-32111,ISLAND
ISS020-E-32112,ISLAND
ISS020-E-32113,ISLAND
ISS020-E-32114,ISLAND
ISS020-E-32115,ISLAND
ISS020-E-32460,ISLAND
ISS020-E-32461,ISLAND
ISS020-E-32753,ISLAND
ISS020-E-32776,ISLAND
ISS020-E-36184,ISLAND
ISS020-E-40077,ISLAND
ISS020-E-40078,ISLAND
ISS020-E-40079,ISLAND
ISS020-E-45245,ISLAND
ISS020-E-49055,ISLAND
ISS020-E-52527,ISLAND
ISS020-E-52528,ISLAND
ISS020-E-52531,ISLAND
ISS020-E-6784,ISLAND
ISS020-E-6785,ISLAND
ISS020-E-7071,ISLAND
ISS020-E-7799,ISLAND
ISS020-E-7800,ISLAND
ISS020-E-7801,ISLAND
ISS020-E-7802,ISLAND
ISS020-E-8190,ISLAND
ISS020-E-8191,ISLAND
ISS020-E-8192,ISLAND
ISS020-E-8430,ISLAND
ISS020-E-8431,ISLAND
ISS020-E-8432,ISLAND
ISS020-E-9189,ISLAND
ISS020-E-9641,ISLAND
ISS020-E-9643,ISLAND
ISS020-E-9645,ISLAND
ISS021-E-17731,ISLAND
ISS021-E-17732,ISLAND
ISS021-E-17733,ISLAND
ISS021-E-17734,ISLAND
ISS021-E-17924,ISLAND
ISS021-E-26243,ISLAND
ISS021-E-27288,ISLAND
ISS021-E-27289,ISLAND
ISS021-E-27432,ISLAND
ISS021-E-27433,ISLAND
ISS021-E-27441,ISLAND
ISS021-E-27442,ISLAND
ISS021-E-28772,ISLAND
ISS021-E-28773,ISLAND
ISS021-E-32147,ISLAND
ISS021-E-36924,ISLAND
ISS021-E-36925,ISLAND
ISS021-E-36926,ISLAND
ISS021-E-5564,ISLAND
ISS021-E-5660,ISLAND
ISS021-E-5792,ISLAND
ISS021-E-5793,ISLAND
ISS022-E-100518,ISLAND
ISS022-E-100547,ISLAND
ISS022-E-101280,ISLAND
ISS022-E-101281,ISLAND
ISS022-E-101282,ISLAND
ISS022-E-101283,ISLAND
ISS022-E-101284,ISLAND
ISS022-E-101355,ISLAND
ISS022-E-101356,ISLAND
ISS022-E-101357,ISLAND
ISS022-E-101359,ISLAND
ISS022-E-101360,ISLAND
ISS022-E-102049,ISLAND
ISS022-E-11269,ISLAND
ISS022-E-24207,ISLAND
ISS022-E-24208,ISLAND
ISS022-E-24209,ISLAND
ISS022-E-24305,ISLAND
ISS022-E-24306,ISLAND
ISS022-E-24307,ISLAND
ISS022-E-25148,ISLAND
ISS022-E-25149,ISLAND
ISS022-E-25899,ISLAND
ISS022-E-27476,ISLAND
ISS022-E-27477,ISLAND
ISS022-E-30557,ISLAND
ISS022-E-32019,ISLAND
ISS022-E-32020,ISLAND
ISS022-E-32313,ISLAND
ISS022-E-36010,ISLAND
ISS022-E-36011,ISLAND
ISS022-E-36012,ISLAND
ISS022-E-36013,ISLAND
ISS022-E-36014,ISLAND
ISS022-E-62658,ISLAND
ISS022-E-62659,ISLAND
ISS022-E-62660,ISLAND
ISS022-E-63146,ISLAND
ISS022-E-63147,ISLAND
ISS022-E-63148,ISLAND
ISS022-E-63149,ISLAND
ISS022-E-63150,ISLAND
ISS022-E-63152,ISLAND
ISS022-E-63506,ISLAND
ISS022-E-63804,ISLAND
ISS022-E-63805,ISLAND
ISS022-E-63806,ISLAND
ISS022-E-63813,ISLAND
ISS022-E-63814,ISLAND
ISS022-E-63815,ISLAND
ISS022-E-63816,ISLAND
ISS022-E-63817,ISLAND
ISS022-E-63941,ISLAND
ISS022-E-63942,ISLAND
ISS022-E-65097,ISLAND
ISS022-E-65565,ISLAND
ISS022-E-65566,ISLAND
ISS022-E-65568,ISLAND
ISS022-E-65569,ISLAND
ISS022-E-65573,ISLAND
ISS022-E-65574,ISLAND
ISS022-E-65575,ISLAND
ISS022-E-65576,ISLAND
ISS022-E-73703,ISLAND
ISS022-E-73704,ISLAND
ISS022-E-73705,ISLAND
ISS022-E-73706,ISLAND
ISS022-E-73707,ISLAND
ISS022-E-73708,ISLAND
ISS022-E-73709,ISLAND
ISS022-E-73710,ISLAND
ISS022-E-73711,ISLAND
ISS022-E-73712,ISLAND
ISS022-E-73713,ISLAND
ISS022-E-73806,ISLAND
ISS022-E-73807,ISLAND
ISS022-E-73808,ISLAND
ISS022-E-73809,ISLAND
ISS022-E-78686,ISLAND
ISS022-E-78687,ISLAND
ISS022-E-78688,ISLAND
ISS022-E-78689,ISLAND
ISS022-E-78733,ISLAND
ISS022-E-78734,ISLAND
ISS022-E-78735,ISLAND
ISS022-E-78736,ISLAND
ISS022-E-78737,ISLAND
ISS022-E-78738,ISLAND
ISS022-E-78739,ISLAND
ISS022-E-78740,ISLAND
ISS022-E-78780,ISLAND
ISS022-E-78901,ISLAND
ISS022-E-78902,ISLAND
ISS022-E-78903,ISLAND
ISS022-E-78909,ISLAND
ISS022-E-78910,ISLAND
ISS022-E-78911,ISLAND
ISS022-E-78912,ISLAND
ISS022-E-78913,ISLAND
ISS022-E-78916,ISLAND
ISS022-E-78917,ISLAND
ISS022-E-78918,ISLAND
ISS022-E-78919,ISLAND
ISS022-E-78920,ISLAND
ISS022-E-78921,ISLAND
ISS022-E-78922,ISLAND
ISS022-E-79942,ISLAND
ISS022-E-79962,ISLAND
ISS022-E-84370,ISLAND
ISS022-E-84371,ISLAND
ISS022-E-84372,ISLAND
ISS022-E-85219,ISLAND
ISS022-E-85445,ISLAND
ISS022-E-85446,ISLAND
ISS022-E-85447,ISLAND
ISS022-E-85448,ISLAND
ISS022-E-86983,ISLAND
ISS022-E-86984,ISLAND
ISS022-E-86992,ISLAND
ISS022-E-86993,ISLAND
ISS022-E-86994,ISLAND
ISS022-E-87850,ISLAND
ISS022-E-88375,ISLAND
ISS022-E-88377,ISLAND
ISS022-E-88378,ISLAND
ISS022-E-90707,ISLAND
ISS022-E-90714,ISLAND
ISS022-E-90715,ISLAND
ISS022-E-90751,ISLAND
ISS022-E-90752,ISLAND
ISS022-E-90753,ISLAND
ISS022-E-90754,ISLAND
ISS022-E-90755,ISLAND
ISS022-E-90756,ISLAND
ISS022-E-90761,ISLAND
ISS022-E-90764,ISLAND
ISS022-E-90765,ISLAND
ISS022-E-90766,ISLAND
ISS022-E-90770,ISLAND
ISS022-E-92069,ISLAND
ISS022-E-94679,ISLAND
ISS022-E-94680,ISLAND
ISS022-E-95252,ISLAND
ISS022-E-95253,ISLAND
ISS022-E-95254,ISLAND
ISS022-E-95311,ISLAND
ISS022-E-95312,ISLAND
ISS022-E-95313,ISLAND
ISS022-E-95314,ISLAND
ISS022-E-95315,ISLAND
ISS022-E-95316,ISLAND
ISS022-E-95317,ISLAND
ISS022-E-95433,ISLAND
ISS022-E-95434,ISLAND
ISS022-E-95849,ISLAND
ISS022-E-95851,ISLAND
ISS022-E-9595,ISLAND
ISS022-E-9596,ISLAND
ISS022-E-96156,ISLAND
ISS022-E-99047,ISLAND
ISS022-E-99048,ISLAND
ISS022-E-99465,ISLAND
ISS022-E-99466,ISLAND
ISS022-E-99467,ISLAND
ISS022-E-99468,ISLAND
ISS022-E-99469,ISLAND
ISS022-E-99470,ISLAND
ISS022-E-99471,ISLAND
ISS022-E-99472,ISLAND
ISS022-E-99473,ISLAND
ISS022-E-99474,ISLAND
ISS022-E-99475,ISLAND
ISS022-E-99476,ISLAND
ISS022-E-99477,ISLAND
ISS022-E-99663,ISLAND
ISS022-E-99670,ISLAND
ISS022-E-99671,ISLAND
ISS022-E-99673,ISLAND
ISS023-E-10519,ISLAND
ISS023-E-10520,ISLAND
ISS023-E-10523,ISLAND
ISS023-E-10524,ISLAND
ISS023-E-10875,ISLAND
ISS023-E-40870,ISLAND
ISS023-E-5924,ISLAND
ISS023-E-5925,ISLAND
ISS023-E-5926,ISLAND
ISS023-E-5927,ISLAND
ISS023-E-5928,ISLAND
ISS023-E-5933,ISLAND
ISS023-E-5934,ISLAND
ISS023-E-5938,ISLAND
ISS023-E-5939,ISLAND
ISS023-E-6327,ISLAND
ISS023-E-6328,ISLAND
ISS023-E-6330,ISLAND
ISS023-E-6332,ISLAND
ISS023-E-6335,ISLAND
ISS023-E-6336,ISLAND
ISS023-E-6338,ISLAND
ISS023-E-6426,ISLAND
ISS023-E-6427,ISLAND
ISS023-E-6428,ISLAND
ISS023-E-6429,ISLAND
ISS023-E-6430,ISLAND
ISS023-E-6431,ISLAND
ISS023-E-6432,ISLAND
ISS023-E-6732,ISLAND
ISS023-E-9219,ISLAND
ISS023-E-9222,ISLAND
ISS023-E-9519,ISLAND
ISS023-E-9520,ISLAND
ISS025-E-14810,ISLAND
ISS025-E-14812,ISLAND
ISS025-E-14813,ISLAND
ISS025-E-16194,ISLAND
ISS025-E-16195,ISLAND
ISS025-E-16196,ISLAND
ISS025-E-16197,ISLAND
ISS025-E-17713,ISLAND
ISS025-E-17714,ISLAND
ISS025-E-19351,ISLAND
ISS025-E-19352,ISLAND
ISS025-E-19353,ISLAND
ISS025-E-19354,ISLAND
ISS025-E-20185,ISLAND
ISS025-E-20186,ISLAND
ISS025-E-20191,ISLAND
ISS025-E-20192,ISLAND
ISS025-E-23818,ISLAND
ISS025-E-23819,ISLAND
ISS026-E-12022,ISLAND
ISS026-E-12023,ISLAND
ISS026-E-12024,ISLAND
ISS026-E-12025,ISLAND
ISS026-E-16914,ISLAND
ISS026-E-16915,ISLAND
ISS026-E-16916,ISLAND
ISS026-E-19074,ISLAND
ISS026-E-32104,ISLAND
ISS026-E-32106,ISLAND
ISS026-E-32107,ISLAND
ISS026-E-32108,ISLAND
ISS026-E-32109,ISLAND
ISS026-E-32110,ISLAND
ISS026-E-32111,ISLAND
ISS026-E-32226,ISLAND
ISS026-E-32227,ISLAND
ISS026-E-32228,ISLAND
ISS026-E-32229,ISLAND
ISS026-E-33551,ISLAND
ISS026-E-33552,ISLAND
ISS026-E-37324,ISLAND
ISS026-E-37325,ISLAND
ISS026-E-37326,ISLAND
ISS026-E-37327,ISLAND
ISS026-E-37328,ISLAND
ISS026-E-37329,ISLAND
ISS026-E-37330,ISLAND
ISS026-E-37331,ISLAND
ISS026-E-37332,ISLAND
ISS026-E-37333,ISLAND
ISS026-E-37334,ISLAND
ISS026-E-37335,ISLAND
ISS026-E-37604,ISLAND
ISS026-E-37605,ISLAND
ISS026-E-37808,ISLAND
ISS026-E-37809,ISLAND
ISS026-E-37810,ISLAND
ISS026-E-37811,ISLAND
ISS026-E-38315,ISLAND
ISS026-E-38316,ISLAND
ISS026-E-38437,ISLAND
ISS026-E-38438,ISLAND
ISS026-E-38439,ISLAND
ISS026-E-38440,ISLAND
ISS026-E-38443,ISLAND
ISS026-E-38444,ISLAND
ISS026-E-38445,ISLAND
ISS026-E-38446,ISLAND
ISS026-E-38471,ISLAND
ISS026-E-38472,ISLAND
ISS026-E-39095,ISLAND
ISS026-E-39096,ISLAND
ISS026-E-39334,ISLAND
ISS026-E-39335,ISLAND
ISS026-E-7356,ISLAND
ISS026-E-7357,ISLAND
ISS026-E-7358,ISLAND
ISS027-E-11136,ISLAND
ISS027-E-11137,ISLAND
ISS027-E-11138,ISLAND
ISS027-E-11139,ISLAND
ISS027-E-11140,ISLAND
ISS027-E-11142,ISLAND
ISS027-E-11143,ISLAND
ISS027-E-11827,ISLAND
ISS027-E-11828,ISLAND
ISS027-E-11829,ISLAND
ISS027-E-11830,ISLAND
ISS027-E-11831,ISLAND
ISS027-E-11832,ISLAND
ISS027-E-11833,ISLAND
ISS027-E-11834,ISLAND
ISS027-E-11835,ISLAND
ISS027-E-11836,ISLAND
ISS027-E-11837,ISLAND
ISS027-E-11838,ISLAND
ISS027-E-11839,ISLAND
ISS027-E-11840,ISLAND
ISS027-E-11841,ISLAND
ISS027-E-11842,ISLAND
ISS027-E-11843,ISLAND
ISS027-E-11844,ISLAND
ISS027-E-11845,ISLAND
ISS027-E-11846,ISLAND
ISS027-E-11847,ISLAND
ISS027-E-20334,ISLAND
ISS027-E-23995,ISLAND
ISS027-E-23996,ISLAND
ISS027-E-23997,ISLAND
ISS027-E-23998,ISLAND
ISS027-E-23999,ISLAND
ISS027-E-24000,ISLAND
ISS027-E-24001,ISLAND
ISS027-E-24002,ISLAND
ISS027-E-24003,ISLAND
ISS027-E-24004,ISLAND
ISS027-E-24005,ISLAND
ISS027-E-24006,ISLAND
ISS027-E-24007,ISLAND
ISS027-E-24008,ISLAND
ISS027-E-24009,ISLAND
ISS027-E-24010,ISLAND
ISS027-E-24011,ISLAND
ISS027-E-24016,ISLAND
ISS027-E-24017,ISLAND
ISS027-E-24018,ISLAND
ISS027-E-24019,ISLAND
ISS027-E-24520,ISLAND
ISS027-E-24521,ISLAND
ISS027-E-24522,ISLAND
ISS027-E-24523,ISLAND
ISS027-E-24524,ISLAND
ISS027-E-24525,ISLAND
ISS027-E-24526,ISLAND
ISS027-E-25610,ISLAND
ISS027-E-25611,ISLAND
ISS027-E-25612,ISLAND
ISS027-E-25613,ISLAND
ISS027-E-25614,ISLAND
ISS027-E-25615,ISLAND
ISS027-E-25616,ISLAND
ISS027-E-25617,ISLAND
ISS027-E-25618,ISLAND
ISS027-E-26313,ISLAND
ISS027-E-26314,ISLAND
ISS027-E-26315,ISLAND
ISS027-E-26316,ISLAND
ISS027-E-26317,ISLAND
ISS027-E-26318,ISLAND
ISS027-E-26319,ISLAND
ISS027-E-26384,ISLAND
ISS027-E-26385,ISLAND
ISS027-E-27975,ISLAND
ISS027-E-28747,ISLAND
ISS027-E-28748,ISLAND
ISS027-E-28749,ISLAND
ISS027-E-5267,ISLAND
ISS027-E-5268,ISLAND
ISS027-E-5269,ISLAND
ISS027-E-5270,ISLAND
ISS027-E-6620,ISLAND
ISS027-E-6621,ISLAND
ISS027-E-7688,ISLAND
ISS027-E-8626,ISLAND
ISS027-E-8627,ISLAND
ISS027-E-8628,ISLAND
ISS027-E-8629,ISLAND
ISS027-E-8630,ISLAND
ISS027-E-8631,ISLAND
ISS027-E-8632,ISLAND
ISS027-E-8633,ISLAND
ISS027-E-8634,ISLAND
ISS027-E-8635,ISLAND
ISS027-E-8636,ISLAND
ISS028-E-12348,ISLAND
ISS028-E-16277,ISLAND
ISS028-E-16278,ISLAND
ISS028-E-16279,ISLAND
ISS028-E-16280,ISLAND
ISS028-E-22306,ISLAND
ISS028-E-22823,ISLAND
ISS028-E-23393,ISLAND
ISS029-E-13917,ISLAND
ISS029-E-13918,ISLAND
ISS029-E-13919,ISLAND
ISS029-E-29648,ISLAND
ISS029-E-43323,ISLAND
ISS029-E-43324,ISLAND
ISS029-E-43325,ISLAND
ISS029-E-6948,ISLAND
ISS029-E-6956,ISLAND
ISS029-E-6957,ISLAND
ISS029-E-6968,ISLAND
ISS030-E-5251,ISLAND
ISS030-E-5252,ISLAND
ISS030-E-5262,ISLAND
ISS030-E-5263,ISLAND
ISS030-E-5264,ISLAND
ISS030-E-5265,ISLAND
ISS030-E-5266,ISLAND
ISS030-E-5267,ISLAND
ISS030-E-5268,ISLAND
ISS030-E-5269,ISLAND
ISS030-E-5270,ISLAND
ISS030-E-5271,ISLAND
ISS030-E-5272,ISLAND
ISS031-E-11979,ISLAND
ISS031-E-123520,ISLAND
ISS031-E-123521,ISLAND
ISS031-E-123522,ISLAND
ISS031-E-123523,ISLAND
ISS031-E-160573,ISLAND
ISS031-E-30688,ISLAND
ISS031-E-30689,ISLAND
ISS031-E-30690,ISLAND
ISS031-E-31549,ISLAND
ISS031-E-31550,ISLAND
ISS031-E-31608,ISLAND
ISS031-E-41958,ISLAND
ISS031-E-41959,ISLAND
ISS031-E-41960,ISLAND
ISS031-E-41961,ISLAND
ISS031-E-41962,ISLAND
ISS031-E-41963,ISLAND
ISS031-E-41964,ISLAND
ISS031-E-41965,ISLAND
ISS031-E-41966,ISLAND
ISS031-E-41967,ISLAND
ISS031-E-41968,ISLAND
ISS031-E-41969,ISLAND
ISS031-E-41970,ISLAND
ISS031-E-41971,ISLAND
ISS031-E-41972,ISLAND
ISS031-E-41973,ISLAND
ISS031-E-7538,ISLAND
ISS031-E-7539,ISLAND
ISS031-E-7540,ISLAND
ISS031-E-85045,ISLAND
ISS031-E-85046,ISLAND
ISS032-E-24924,ISLAND
ISS032-E-28716,ISLAND
ISS032-E-28717,ISLAND
ISS032-E-30283,ISLAND
ISS033-E-14344,ISLAND
ISS033-E-14345,ISLAND
ISS033-E-14346,ISLAND
ISS033-E-14347,ISLAND
ISS033-E-14348,ISLAND
ISS033-E-14349,ISLAND
ISS033-E-14350,ISLAND
ISS033-E-14351,ISLAND
ISS033-E-14352,ISLAND
ISS033-E-14353,ISLAND
ISS033-E-14783,ISLAND
ISS033-E-6202,ISLAND
ISS033-E-6203,ISLAND
ISS033-E-6204,ISLAND
ISS033-E-6843,ISLAND
ISS033-E-6844,ISLAND
ISS033-E-8844,ISLAND
ISS033-E-8845,ISLAND
ISS033-E-8846,ISLAND
ISS033-E-8847,ISLAND
ISS034-E-11810,ISLAND
ISS034-E-11811,ISLAND
ISS034-E-11812,ISLAND
ISS034-E-11813,ISLAND
ISS034-E-11814,ISLAND
ISS034-E-12366,ISLAND
ISS034-E-12367,ISLAND
ISS034-E-12368,ISLAND
ISS034-E-12369,ISLAND
ISS034-E-14794,ISLAND
ISS034-E-24900,ISLAND
ISS034-E-24901,ISLAND
ISS034-E-24902,ISLAND
ISS034-E-24903,ISLAND
ISS034-E-49774,ISLAND
ISS034-E-49775,ISLAND
ISS034-E-49792,ISLAND
ISS034-E-52565,ISLAND
ISS034-E-52566,ISLAND
ISS034-E-52567,ISLAND
ISS034-E-52568,ISLAND
ISS034-E-54773,ISLAND
ISS034-E-5543,ISLAND
ISS034-E-66911,ISLAND
ISS034-E-66953,ISLAND
ISS034-E-66954,ISLAND
ISS034-E-66955,ISLAND
ISS034-E-66956,ISLAND
ISS034-E-66957,ISLAND
ISS034-E-66958,ISLAND
ISS034-E-66959,ISLAND
ISS034-E-70107,ISLAND
ISS034-E-70108,ISLAND
ISS035-E-10477,ISLAND
ISS035-E-10478,ISLAND
ISS035-E-12047,ISLAND
ISS035-E-12048,ISLAND
ISS035-E-12049,ISLAND
ISS035-E-12050,ISLAND
ISS035-E-12051,ISLAND
ISS035-E-12052,ISLAND
ISS035-E-12053,ISLAND
ISS035-E-12054,ISLAND
ISS035-E-12055,ISLAND
ISS035-E-12056,ISLAND
ISS035-E-12060,ISLAND
ISS035-E-12061,ISLAND
ISS035-E-12062,ISLAND
ISS035-E-12063,ISLAND
ISS035-E-13114,ISLAND
ISS035-E-13115,ISLAND
ISS035-E-13116,ISLAND
ISS035-E-13117,ISLAND
ISS035-E-13118,ISLAND
ISS035-E-13119,ISLAND
ISS035-E-13120,ISLAND
ISS035-E-13179,ISLAND
ISS035-E-13180,ISLAND
ISS035-E-13181,ISLAND
ISS035-E-18882,ISLAND
ISS035-E-18884,ISLAND
ISS035-E-18921,ISLAND
ISS035-E-20236,ISLAND
ISS035-E-20237,ISLAND
ISS035-E-23815,ISLAND
ISS035-E-23816,ISLAND
ISS035-E-23817,ISLAND
ISS035-E-23818,ISLAND
ISS035-E-23819,ISLAND
ISS035-E-24450,ISLAND
ISS035-E-24451,ISLAND
ISS035-E-26068,ISLAND
ISS035-E-29070,ISLAND
ISS035-E-29071,ISLAND
ISS035-E-5170,ISLAND
ISS035-E-5171,ISLAND
ISS035-E-5172,ISLAND
ISS035-E-5484,ISLAND
ISS035-E-5485,ISLAND
ISS035-E-5486,ISLAND
ISS035-E-5487,ISLAND
ISS035-E-5488,ISLAND
ISS035-E-5489,ISLAND
ISS035-E-5490,ISLAND
ISS035-E-5491,ISLAND
ISS035-E-5492,ISLAND
ISS035-E-5493,ISLAND
ISS035-E-5494,ISLAND
ISS035-E-5495,ISLAND
ISS035-E-5496,ISLAND
ISS035-E-5497,ISLAND
ISS035-E-5498,ISLAND
ISS035-E-5499,ISLAND
ISS035-E-5500,ISLAND
ISS035-E-5501,ISLAND
ISS035-E-5951,ISLAND
ISS035-E-5952,ISLAND
ISS035-E-5953,ISLAND
ISS035-E-5954,ISLAND
ISS035-E-6652,ISLAND
ISS035-E-6653,ISLAND
ISS035-E-6654,ISLAND
ISS035-E-7365,ISLAND
ISS035-E-7366,ISLAND
ISS037-E-10843,ISLAND
ISS037-E-10844,ISLAND
ISS037-E-10845,ISLAND
ISS037-E-10846,ISLAND
ISS037-E-10847,ISLAND
ISS037-E-10848,ISLAND
ISS037-E-10849,ISLAND
ISS037-E-10850,ISLAND
ISS037-E-10851,ISLAND
ISS037-E-10852,ISLAND
ISS037-E-10853,ISLAND
ISS037-E-10854,ISLAND
ISS037-E-10855,ISLAND
ISS037-E-10856,ISLAND
ISS037-E-11396,ISLAND
ISS037-E-11397,ISLAND
ISS037-E-11398,ISLAND
ISS037-E-11399,ISLAND
ISS037-E-11400,ISLAND
ISS037-E-13063,ISLAND
ISS037-E-13064,ISLAND
ISS037-E-13065,ISLAND
ISS037-E-15973,ISLAND
ISS037-E-15974,ISLAND
ISS037-E-15975,ISLAND
ISS037-E-15976,ISLAND
ISS037-E-15977,ISLAND
ISS037-E-15978,ISLAND
ISS037-E-15979,ISLAND
ISS037-E-15980,ISLAND
ISS037-E-15981,ISLAND
ISS037-E-15982,ISLAND
ISS037-E-15983,ISLAND
ISS037-E-15984,ISLAND
ISS037-E-15985,ISLAND
ISS037-E-15986,ISLAND
ISS037-E-15987,ISLAND
ISS037-E-15988,ISLAND
ISS037-E-15989,ISLAND
ISS037-E-15990,ISLAND
ISS037-E-15991,ISLAND
ISS037-E-15992,ISLAND
ISS037-E-20453,ISLAND
ISS037-E-20454,ISLAND
ISS037-E-20455,ISLAND
ISS037-E-20456,ISLAND
ISS037-E-20457,ISLAND
ISS037-E-22380,ISLAND
ISS037-E-22381,ISLAND
ISS037-E-25554,ISLAND
ISS037-E-25555,ISLAND
ISS037-E-25556,ISLAND
ISS037-E-4095,ISLAND
ISS038-E-909,ISLAND
ISS038-E-910,ISLAND
ISS039-E-1014,ISLAND
ISS039-E-1015,ISLAND
ISS039-E-1016,ISLAND
ISS039-E-1019,ISLAND
ISS039-E-1021,ISLAND
ISS039-E-1022,ISLAND
ISS039-E-1185,ISLAND
ISS039-E-1186,ISLAND
ISS039-E-11967,ISLAND
ISS039-E-12299,ISLAND
ISS039-E-12386,ISLAND
ISS039-E-12387,ISLAND
ISS039-E-14771,ISLAND
ISS039-E-14772,ISLAND
ISS039-E-14773,ISLAND
ISS039-E-14774,ISLAND
ISS039-E-14775,ISLAND
ISS039-E-14776,ISLAND
ISS039-E-14777,ISLAND
ISS039-E-14778,ISLAND
ISS039-E-14779,ISLAND
ISS039-E-14780,ISLAND
ISS039-E-14781,ISLAND
ISS039-E-14782,ISLAND
ISS039-E-14783,ISLAND
ISS039-E-14784,ISLAND
ISS039-E-17889,ISLAND
ISS039-E-17890,ISLAND
ISS039-E-17895,ISLAND
ISS039-E-1978,ISLAND
ISS039-E-2000,ISLAND
ISS039-E-2001,ISLAND
ISS039-E-2366,ISLAND
ISS039-E-2367,ISLAND
ISS039-E-3834,ISLAND
ISS039-E-4375,ISLAND
ISS039-E-4376,ISLAND
ISS039-E-4377,ISLAND
ISS039-E-4378,ISLAND
ISS039-E-4379,ISLAND
ISS039-E-4380,ISLAND
ISS039-E-4381,ISLAND
ISS039-E-4382,ISLAND
ISS039-E-4383,ISLAND
ISS039-E-4384,ISLAND
ISS039-E-4385,ISLAND
ISS039-E-4386,ISLAND
ISS039-E-4387,ISLAND
ISS039-E-4388,ISLAND
ISS039-E-4389,ISLAND
ISS039-E-5764,ISLAND
ISS039-E-5765,ISLAND
ISS039-E-5766,ISLAND
ISS039-E-5767,ISLAND
ISS039-E-5768,ISLAND
ISS039-E-5769,ISLAND
ISS039-E-5770,ISLAND
ISS039-E-5771,ISLAND
ISS039-E-5772,ISLAND
ISS039-E-5773,ISLAND
ISS039-E-5774,ISLAND
ISS039-E-5775,ISLAND
ISS039-E-5776,ISLAND
ISS039-E-764,ISLAND
ISS040-E-124776,ISLAND
ISS040-E-124777,ISLAND
ISS040-E-124778,ISLAND
ISS040-E-124782,ISLAND
ISS040-E-124786,ISLAND
ISS040-E-124787,ISLAND
ISS040-E-124788,ISLAND
ISS040-E-124796,ISLAND
ISS040-E-124797,ISLAND
ISS040-E-140496,ISLAND
ISS040-E-140497,ISLAND
ISS040-E-56999,ISLAND
ISS040-E-57000,ISLAND
ISS040-E-57001,ISLAND
ISS040-E-57002,ISLAND
ISS040-E-57003,ISLAND
ISS040-E-57004,ISLAND
ISS040-E-57005,ISLAND
ISS040-E-57006,ISLAND
ISS040-E-57007,ISLAND
ISS040-E-57008,ISLAND
ISS040-E-57009,ISLAND
ISS040-E-57010,ISLAND
ISS040-E-92419,ISLAND
ISS040-E-92420,ISLAND
ISS040-E-92421,ISLAND
ISS040-E-92422,ISLAND
ISS040-E-92423,ISLAND
ISS040-E-92424,ISLAND
ISS040-E-92425,ISLAND
ISS040-E-92426,ISLAND
ISS041-E-165,ISLAND
ISS041-E-166,ISLAND
ISS041-E-167,ISLAND
ISS041-E-168,ISLAND
ISS042-E-24792,ISLAND
ISS042-E-24794,ISLAND
ISS042-E-24795,ISLAND
ISS042-E-24796,ISLAND
ISS042-E-49303,ISLAND
ISS042-E-49304,ISLAND
ISS042-E-49305,ISLAND
ISS043-E-10375,ISLAND
ISS043-E-10376,ISLAND
ISS043-E-10377,ISLAND
ISS043-E-10382,ISLAND
ISS043-E-106152,ISLAND
ISS043-E-106153,ISLAND
ISS043-E-106154,ISLAND
ISS043-E-174986,ISLAND
ISS043-E-174987,ISLAND
ISS043-E-174988,ISLAND
ISS043-E-174989,ISLAND
ISS043-E-174990,ISLAND
ISS043-E-174991,ISLAND
ISS043-E-174992,ISLAND
ISS043-E-174993,ISLAND
ISS043-E-174994,ISLAND
ISS043-E-174995,ISLAND
ISS043-E-174996,ISLAND
ISS043-E-174997,ISLAND
ISS043-E-174998,ISLAND
ISS043-E-174999,ISLAND
ISS043-E-175000,ISLAND
ISS043-E-175001,ISLAND
ISS043-E-175002,ISLAND
ISS043-E-175003,ISLAND
ISS043-E-184374,ISLAND
ISS043-E-184375,ISLAND
ISS043-E-184376,ISLAND
ISS043-E-256238,ISLAND
ISS043-E-256239,ISLAND
ISS043-E-256240,ISLAND
ISS044-E-102641,ISLAND
ISS044-E-102642,ISLAND
ISS044-E-102643,ISLAND
ISS044-E-77796,ISLAND
ISS044-E-77797,ISLAND
ISS044-E-77798,ISLAND
ISS044-E-93237,ISLAND
ISS044-E-93238,ISLAND
ISS044-E-93239,ISLAND
ISS044-E-93240,ISLAND
ISS044-E-93241,ISLAND
ISS045-E-19753,ISLAND
ISS045-E-19754,ISLAND
ISS045-E-19755,ISLAND
ISS045-E-26390,ISLAND
ISS045-E-26391,ISLAND
ISS045-E-26392,ISLAND
ISS045-E-26393,ISLAND
ISS045-E-32661,ISLAND
ISS045-E-32662,ISLAND
ISS045-E-32663,ISLAND
ISS045-E-32664,ISLAND
ISS045-E-32665,ISLAND
ISS045-E-32666,ISLAND
ISS045-E-860,ISLAND
ISS045-E-861,ISLAND
ISS045-E-862,ISLAND
ISS045-E-863,ISLAND
ISS045-E-864,ISLAND
ISS046-E-43070,ISLAND
ISS047-E-3886,ISLAND
ISS047-E-3887,ISLAND
ISS047-E-3888,ISLAND
ISS047-E-3889,ISLAND
ISS047-E-3890,ISLAND
ISS047-E-3891,ISLAND
ISS048-E-3030,ISLAND
ISS048-E-3031,ISLAND
ISS048-E-3032,ISLAND
ISS048-E-3033,ISLAND
ISS048-E-3034,ISLAND
ISS048-E-3035,ISLAND
ISS048-E-3051,ISLAND
ISS048-E-3052,ISLAND
ISS048-E-3054,ISLAND
ISS048-E-3055,ISLAND
ISS048-E-3356,ISLAND
ISS048-E-3357,ISLAND
ISS048-E-3358,ISLAND
ISS048-E-3359,ISLAND
ISS048-E-3360,ISLAND
ISS048-E-3793,ISLAND
ISS048-E-3794,ISLAND
ISS048-E-3796,ISLAND
ISS048-E-3799,ISLAND
ISS048-E-3800,ISLAND
ISS048-E-3802,ISLAND
ISS048-E-3803,ISLAND
ISS048-E-3805,ISLAND
ISS048-E-3820,ISLAND
ISS048-E-3822,ISLAND
ISS048-E-3829,ISLAND
ISS048-E-3830,ISLAND
ISS048-E-3831,ISLAND
ISS048-E-3844,ISLAND
ISS048-E-72364,ISLAND
ISS048-E-72365,ISLAND
ISS048-E-72366,ISLAND
ISS048-E-72367,ISLAND
ISS048-E-72368,ISLAND
ISS048-E-72369,ISLAND
ISS048-E-72370,ISLAND
ISS048-E-72371,ISLAND
ISS049-E-31540,ISLAND
ISS049-E-31541,ISLAND
ISS049-E-31542,ISLAND
ISS049-E-31543,ISLAND
ISS049-E-31544,ISLAND
ISS049-E-31545,ISLAND
ISS049-E-31546,ISLAND
ISS049-E-31547,ISLAND
ISS049-E-31548,ISLAND
ISS049-E-31549,ISLAND
ISS049-E-32362,ISLAND
ISS049-E-32363,ISLAND
ISS049-E-32364,ISLAND
ISS049-E-32365,ISLAND
ISS049-E-42147,ISLAND
ISS049-E-42148,ISLAND
ISS049-E-42149,ISLAND
ISS049-E-904,ISLAND
ISS049-E-934,ISLAND
ISS049-E-935,ISLAND
ISS049-E-936,ISLAND
ISS049-E-937,ISLAND
ISS049-E-938,ISLAND
ISS049-E-939,ISLAND
ISS050-E-1146,ISLAND
ISS050-E-1147,ISLAND
ISS050-E-1148,ISLAND
ISS050-E-1149,ISLAND
ISS050-E-1150,ISLAND
ISS050-E-1151,ISLAND
ISS050-E-1152,ISLAND
ISS050-E-1153,ISLAND
ISS050-E-1154,ISLAND
ISS050-E-1155,ISLAND
ISS050-E-15828,ISLAND
ISS050-E-15830,ISLAND
ISS050-E-15831,ISLAND
ISS050-E-16367,ISLAND
ISS050-E-16373,ISLAND
ISS050-E-16374,ISLAND
ISS050-E-16375,ISLAND
ISS050-E-16379,ISLAND
ISS050-E-29474,ISLAND
ISS050-E-29475,ISLAND
ISS050-E-29478,ISLAND
ISS050-E-29480,ISLAND
ISS050-E-29481,ISLAND
ISS050-E-38351,ISLAND
ISS050-E-38352,ISLAND
ISS050-E-38353,ISLAND
ISS050-E-52026,ISLAND
ISS051-E-20104,ISLAND
ISS051-E-31722,ISLAND
ISS051-E-31723,ISLAND
ISS051-E-31724,ISLAND
ISS051-E-31725,ISLAND
ISS051-E-42096,ISLAND
ISS051-E-42097,ISLAND
ISS051-E-42098,ISLAND
ISS051-E-42099,ISLAND
ISS051-E-42100,ISLAND
ISS051-E-42101,ISLAND
ISS051-E-43843,ISLAND
ISS051-E-43844,ISLAND
ISS051-E-43845,ISLAND
ISS051-E-43850,ISLAND
ISS051-E-50415,ISLAND
ISS051-E-50416,ISLAND
ISS051-E-50417,ISLAND
ISS051-E-50418,ISLAND
ISS051-E-50809,ISLAND
ISS051-E-50810,ISLAND
ISS051-E-50811,ISLAND
ISS051-E-50813,ISLAND
ISS051-E-50814,ISLAND
ISS051-E-50827,ISLAND
ISS052-E-10240,ISLAND
ISS052-E-10241,ISLAND
ISS052-E-10242,ISLAND
ISS052-E-33140,ISLAND
ISS052-E-33141,ISLAND
ISS052-E-33142,ISLAND
ISS052-E-33143,ISLAND
ISS052-E-33144,ISLAND
ISS052-E-33189,ISLAND
ISS052-E-33190,ISLAND
ISS052-E-33191,ISLAND
ISS052-E-33192,ISLAND
ISS052-E-33193,ISLAND
ISS052-E-43575,ISLAND
ISS052-E-43576,ISLAND
ISS052-E-6407,ISLAND
ISS052-E-6414,ISLAND
ISS052-E-6415,ISLAND
ISS052-E-6416,ISLAND
ISS052-E-6417,ISLAND
ISS052-E-897,ISLAND
ISS052-E-898,ISLAND
ISS052-E-903,ISLAND
ISS052-E-904,ISLAND
ISS052-E-905,ISLAND
ISS052-E-906,ISLAND
ISS052-E-907,ISLAND
ISS052-E-908,ISLAND
ISS054-E-42847,ISLAND
ISS054-E-42848,ISLAND
ISS054-E-42849,ISLAND
ISS054-E-42850,ISLAND
ISS054-E-42851,ISLAND
ISS054-E-42852,ISLAND
ISS054-E-42853,ISLAND
ISS054-E-42854,ISLAND
ISS055-E-10574,ISLAND
ISS055-E-10575,ISLAND
ISS055-E-10576,ISLAND
ISS055-E-10577,ISLAND
ISS055-E-10578,ISLAND
ISS055-E-10579,ISLAND
ISS055-E-10580,ISLAND
ISS055-E-10581,ISLAND
ISS055-E-10582,ISLAND
ISS055-E-10583,ISLAND
ISS055-E-10584,ISLAND
ISS055-E-10585,ISLAND
ISS055-E-10586,ISLAND
ISS055-E-10587,ISLAND
ISS055-E-10588,ISLAND
ISS055-E-10589,ISLAND
ISS055-E-10590,ISLAND
ISS055-E-10591,ISLAND
ISS055-E-10592,ISLAND
ISS055-E-12589,ISLAND
ISS055-E-12590,ISLAND
ISS055-E-12591,ISLAND
ISS055-E-12592,ISLAND
ISS055-E-12593,ISLAND
ISS055-E-12594,ISLAND
ISS055-E-12595,ISLAND
ISS055-E-12596,ISLAND
ISS055-E-12597,ISLAND
ISS055-E-12598,ISLAND
ISS055-E-12599,ISLAND
ISS055-E-12600,ISLAND
ISS055-E-12601,ISLAND
ISS055-E-12602,ISLAND
ISS055-E-12603,ISLAND
ISS055-E-12604,ISLAND
ISS055-E-12605,ISLAND
ISS055-E-12606,ISLAND
ISS055-E-12607,ISLAND
ISS055-E-12608,ISLAND
ISS055-E-12609,ISLAND
ISS055-E-20362,ISLAND
ISS055-E-20363,ISLAND
ISS055-E-20364,ISLAND
ISS055-E-20365,ISLAND
ISS055-E-20366,ISLAND
ISS055-E-20367,ISLAND
ISS055-E-20368,ISLAND
ISS055-E-20369,ISLAND
ISS055-E-20370,ISLAND
ISS055-E-20371,ISLAND
ISS055-E-20372,ISLAND
ISS055-E-20373,ISLAND
ISS055-E-20374,ISLAND
ISS055-E-20375,ISLAND
ISS055-E-20376,ISLAND
ISS055-E-20377,ISLAND
ISS055-E-20378,ISLAND
ISS055-E-20379,ISLAND
ISS055-E-20380,ISLAND
ISS055-E-20386,ISLAND
ISS055-E-23636,ISLAND
ISS055-E-23637,ISLAND
ISS055-E-23638,ISLAND
ISS055-E-23639,ISLAND
ISS055-E-23640,ISLAND
ISS055-E-23641,ISLAND
ISS055-E-23642,ISLAND
ISS055-E-23643,ISLAND
ISS055-E-23652,ISLAND
ISS055-E-32165,ISLAND
ISS055-E-32169,ISLAND
ISS055-E-35583,ISLAND
ISS055-E-35584,ISLAND
ISS055-E-35585,ISLAND
ISS055-E-35586,ISLAND
ISS055-E-35587,ISLAND
ISS055-E-35588,ISLAND
ISS055-E-35589,ISLAND
ISS055-E-35590,ISLAND
ISS055-E-35591,ISLAND
ISS055-E-35592,ISLAND
ISS055-E-35593,ISLAND
ISS055-E-35594,ISLAND
ISS055-E-35596,ISLAND
ISS055-E-35597,ISLAND
ISS055-E-35598,ISLAND
ISS055-E-35601,ISLAND
ISS055-E-35602,ISLAND
ISS055-E-6440,ISLAND
ISS055-E-6442,ISLAND
ISS055-E-6443,ISLAND
ISS055-E-6444,ISLAND
ISS055-E-6891,ISLAND
ISS055-E-6892,ISLAND
ISS055-E-6893,ISLAND
ISS055-E-69549,ISLAND
ISS055-E-69550,ISLAND
ISS055-E-69551,ISLAND
ISS055-E-69552,ISLAND
ISS055-E-69553,ISLAND
ISS055-E-69554,ISLAND
ISS055-E-69555,ISLAND
ISS055-E-69556,ISLAND
ISS055-E-69557,ISLAND
ISS055-E-69558,ISLAND
ISS055-E-69559,ISLAND
ISS055-E-69560,ISLAND
ISS055-E-6964,ISLAND
ISS055-E-6965,ISLAND
ISS055-E-6966,ISLAND
ISS055-E-6967,ISLAND
ISS055-E-6968,ISLAND
ISS055-E-6969,ISLAND
ISS055-E-6972,ISLAND
ISS055-E-6973,ISLAND
ISS055-E-6976,ISLAND
ISS055-E-6978,ISLAND
ISS055-E-6980,ISLAND
ISS055-E-6982,ISLAND
ISS055-E-6984,ISLAND
ISS055-E-6985,ISLAND
ISS055-E-6986,ISLAND
ISS055-E-70162,ISLAND
ISS055-E-7057,ISLAND
ISS055-E-7058,ISLAND
ISS055-E-7059,ISLAND
ISS055-E-7060,ISLAND
ISS055-E-7061,ISLAND
ISS055-E-7062,ISLAND
ISS055-E-7063,ISLAND
ISS055-E-7064,ISLAND
ISS055-E-7065,ISLAND
ISS055-E-7066,ISLAND
ISS055-E-7067,ISLAND
ISS055-E-7068,ISLAND
ISS055-E-7075,ISLAND
ISS055-E-7076,ISLAND
ISS055-E-7077,ISLAND
ISS055-E-7078,ISLAND
ISS055-E-7079,ISLAND
ISS055-E-74453,ISLAND
ISS055-E-74454,ISLAND
ISS055-E-74455,ISLAND
ISS055-E-74456,ISLAND
ISS055-E-74459,ISLAND
ISS055-E-74460,ISLAND
ISS055-E-74461,ISLAND
ISS055-E-74462,ISLAND
ISS055-E-74463,ISLAND
ISS055-E-92060,ISLAND
ISS055-E-92061,ISLAND
ISS055-E-92062,ISLAND
STS007-22-1178,ISLAND
STS007-22-1179,ISLAND
STS007-22-1180,ISLAND
STS007-4-137,ISLAND
STS008-37-1905,ISLAND
STS008-37-1906,ISLAND
STS009-37-1892,ISLAND
STS009-50-1407,ISLAND
STS009-50-1408,ISLAND
STS033-75-28,ISLAND
STS033-75-31,ISLAND
STS033-75-32,ISLAND
STS033-75-81,ISLAND
STS033-79-88,ISLAND
STS033-79-90,ISLAND
STS033-79-92,ISLAND
STS033-82-76,ISLAND
STS035-607-34,ISLAND
STS035-607-35,ISLAND
STS035-607-39,ISLAND
STS037-151-155,ISLAND
STS038-74-91,ISLAND
STS038-74-92,ISLAND
STS038-74-93,ISLAND
STS038-75-40,ISLAND
STS038-75-45,ISLAND
STS038-84-34,ISLAND
STS038-84-35,ISLAND
STS038-84-36,ISLAND
STS038-84-37,ISLAND
STS038-90-1,ISLAND
STS038-90-2,ISLAND
STS038-92-36,ISLAND
STS038-92-37,ISLAND
STS038-92-38,ISLAND
STS038-92-39,ISLAND
STS039-74-15,ISLAND
STS039-80-3,ISLAND
STS043-607-56,ISLAND
STS043-607-57,ISLAND
STS043-607-60,ISLAND
STS045-152-279,ISLAND
STS045-602-50,ISLAND
STS045-602-51,ISLAND
STS048-103-106,ISLAND
STS048-601-27,ISLAND
STS048-601-28,ISLAND
STS050-105-18,ISLAND
STS050-106-16,ISLAND
STS050-97-78,ISLAND
STS051-98-45,ISLAND
STS051-98-46,ISLAND
STS051-98-47,ISLAND
STS052-101-30,ISLAND
STS052-102-53,ISLAND
STS052-102-54,ISLAND
STS052-73-8,ISLAND
STS052-99-111,ISLAND
STS054-77-65,ISLAND
STS054-77-66,ISLAND
STS054-77-68,ISLAND
STS054-77-69,ISLAND
STS054-79-58,ISLAND
STS055-151-105,ISLAND
STS055-151-106,ISLAND
STS055-151A-203,ISLAND
STS055-151A-204,ISLAND
STS055-151A-209,ISLAND
STS055-85D-90,ISLAND
STS055-87-92,ISLAND
STS055-92-6,ISLAND
STS056-155-36,ISLAND
STS061-78-35,ISLAND
STS061-78-36,ISLAND
STS065-106-47,ISLAND
STS065-106-48,ISLAND
STS065-106-49,ISLAND
STS065-106-68,ISLAND
STS065-107-17,ISLAND
STS065-107-8,ISLAND
STS065-107-80,ISLAND
STS065-107-81,ISLAND
STS065-107-9,ISLAND
STS066-80-7,ISLAND
STS066-80-8,ISLAND
STS067-703C-91,ISLAND
STS067-703C-92,ISLAND
STS067-703C-94,ISLAND
STS067-703C-97,ISLAND
STS067-703C-99,ISLAND
STS067-704A-64,ISLAND
STS067-704A-65,ISLAND
STS067-706-39,ISLAND
STS067-706-40,ISLAND
STS067-706-41,ISLAND
STS067-708B-93,ISLAND
STS067-708B-94,ISLAND
STS067-708C-20,ISLAND
STS067-708C-21,ISLAND
STS067-708C-22,ISLAND
STS067-719-32,ISLAND
STS067-719-33,ISLAND
STS067-719-34,ISLAND
STS067-719-35,ISLAND
STS067-719-36,ISLAND
STS067-719-40,ISLAND
STS067-719-41,ISLAND
STS067-719-42,ISLAND
STS067-721A-44,ISLAND
STS068-217-28,ISLAND
STS068-217-29,ISLAND
STS068-239-100,ISLAND
STS068-263-10,ISLAND
STS069-707-37,ISLAND
STS069-707-38,ISLAND
STS069-721-86,ISLAND
STS069-721-87,ISLAND
STS069-721-88,ISLAND
STS069-721-89,ISLAND
STS069-721-90,ISLAND
STS069-721-91,ISLAND
STS073-738-16,ISLAND
STS073-759-90,ISLAND
STS073-759-91,ISLAND
STS075-705-26,ISLAND
STS075-705-27,ISLAND
STS075-761-48,ISLAND
STS077-713-42,ISLAND
STS077-713-46,ISLAND
STS077-713-48,ISLAND
STS077-713-51,ISLAND
STS077-713-52,ISLAND
STS077-724-11,ISLAND
STS077-725-68,ISLAND
STS077-731-66,ISLAND
STS077-731-67,ISLAND
STS077-744-24,ISLAND
STS077-744-25,ISLAND
STS077-744-R,ISLAND
STS088-317-2,ISLAND
STS088-338-4,ISLAND
STS088-338-5,ISLAND
STS088-338-6,ISLAND
STS088-338-7,ISLAND
STS088-723-44,ISLAND
STS088-723-46,ISLAND
STS093-710-45,ISLAND
STS093-710-46,ISLAND
STS093-714-G,ISLAND
STS093-714-X,ISLAND
STS093-714-Y,ISLAND
STS097-370-35,ISLAND
STS098-302-24,ISLAND
STS098-302-25,ISLAND
STS099-703-1,ISLAND
STS099-703-2,ISLAND
STS099-703-3,ISLAND
STS099-703-4,ISLAND
STS099-703-5,ISLAND
STS099-703-6,ISLAND
STS099-703-7,ISLAND
STS099-703-8,ISLAND
STS099-704-41,ISLAND
STS099-704-42,ISLAND
STS099-713-1,ISLAND
STS099-713-2,ISLAND
STS099-713-3,ISLAND
STS100-E-5494,ISLAND
STS100-E-5734,ISLAND
STS101-726-49,ISLAND
STS101-726-50,ISLAND
STS101-726-51,ISLAND
STS102-331-8,ISLAND
STS102-706-10,ISLAND
STS102-706-8,ISLAND
STS102-706-9,ISLAND
STS102-713-77,ISLAND
STS103-501-142,ISLAND
STS103-705-74,ISLAND
STS103-709-55,ISLAND
STS103-709-56,ISLAND
STS103-709-57,ISLAND
STS103-709-58,ISLAND
STS103-709-59,ISLAND
STS103-709-60,ISLAND
STS103-711-89,ISLAND
STS103-711-90,ISLAND
STS103-711-91,ISLAND
STS103-727-14,ISLAND
STS103-727-17,ISLAND
STS103-731-70,ISLAND
STS103-731-71,ISLAND
STS103-731-72,ISLAND
STS103-731-73,ISLAND
STS103-731-74,ISLAND
STS103-731-75,ISLAND
STS103-731-76,ISLAND
STS103-731-77,ISLAND
STS103-731-78,ISLAND
STS103-731-79,ISLAND
STS103-731-80,ISLAND
STS103-731-81,ISLAND
STS103-740-16,ISLAND
STS103-740-17,ISLAND
STS103-740-18,ISLAND
STS104-705-48,ISLAND
STS104-705-49,ISLAND
STS104-705-50,ISLAND
STS104-705-51,ISLAND
STS104-705-52,ISLAND
STS104-705-53,ISLAND
STS104-705-54,ISLAND
STS104-705-55,ISLAND
STS104-705-56,ISLAND
STS106-706-37,ISLAND
STS106-706-38,ISLAND
STS106-706-39,ISLAND
STS107-E-5461,ISLAND
STS107-E-5462,ISLAND
STS107-E-5463,ISLAND
STS107-E-5464,ISLAND
STS107-E-5465,ISLAND
STS107-E-5466,ISLAND
STS107-E-5467,ISLAND
STS107-E-5625,ISLAND
STS107-E-5626,ISLAND
STS108-702-32,ISLAND
STS108-702-33,ISLAND
STS108-702-34,ISLAND
STS108-702-35,ISLAND
STS108-713-46,ISLAND
STS108-713-47,ISLAND
STS108-713-48,ISLAND
STS108-713-52,ISLAND
STS108-713-53,ISLAND
STS108-713-54,ISLAND
STS108-713-55,ISLAND
STS108-713-56,ISLAND
STS108-713-57,ISLAND
STS108-713-58,ISLAND
STS109-720-12,ISLAND
STS109-720-13,ISLAND
STS109-720-14,ISLAND
STS111-361-36,ISLAND
STS111-367-4,ISLAND
STS111-367-5,ISLAND
STS111-367-6,ISLAND
STS111-716-53,ISLAND
STS111-718-38,ISLAND
STS111-725-90,ISLAND
STS111-725-91,ISLAND
STS111-725-92,ISLAND
STS111-725-93,ISLAND
STS111-E-5252,ISLAND
STS111-E-5253,ISLAND
STS111-E-5482,ISLAND
STS111-E-5483,ISLAND
STS112-710-17,ISLAND
STS112-710-18,ISLAND
STS112-710-19,ISLAND
STS112-E-5347,ISLAND
STS112-E-5348,ISLAND
STS112-E-5349,ISLAND
STS112-E-5350,ISLAND
STS112-E-5351,ISLAND
STS112-E-5352,ISLAND
STS112-E-5628,ISLAND
STS112-E-5629,ISLAND
STS112-E-5674,ISLAND
STS112-E-5676,ISLAND
STS112-E-5677,ISLAND
STS112-E-6275,ISLAND
STS112-E-6277,ISLAND
STS116-E-8130,ISLAND
STS116-E-8131,ISLAND
STS116-E-8132,ISLAND
STS116-E-8133,ISLAND
STS121-E-8303,ISLAND
STS121-E-8304,ISLAND
STS121-E-8305,ISLAND
STS121-E-8306,ISLAND
STS122-E-11301,ISLAND
STS122-E-11302,ISLAND
STS122-E-11303,ISLAND
STS122-E-11304,ISLAND
STS122-E-11305,ISLAND
STS122-E-11306,ISLAND
STS122-E-11307,ISLAND
STS122-E-11308,ISLAND
STS122-E-11309,ISLAND
STS122-E-11310,ISLAND
STS122-E-11311,ISLAND
STS122-E-11390,ISLAND
STS122-E-11391,ISLAND
STS122-E-11395,ISLAND
STS122-E-11396,ISLAND
STS122-E-11397,ISLAND
STS122-E-11398,ISLAND
STS122-E-11399,ISLAND
STS122-E-11401,ISLAND
STS124-E-8304,ISLAND
STS126-E-14840,ISLAND
STS128-E-10473,ISLAND
STS133-E-12663,ISLAND
STS133-E-12664,ISLAND
STS133-E-12665,ISLAND
STS133-E-12666,ISLAND
STS133-E-12667,ISLAND
STS133-E-12668,ISLAND
STS133-E-12669,ISLAND
STS133-E-12972,ISLAND
STS133-E-12973,ISLAND
STS133-E-12974,ISLAND
STS133-E-12975,ISLAND
STS133-E-12976,ISLAND
STS133-E-12977,ISLAND
STS133-E-12978,ISLAND
STS133-E-12979,ISLAND
STS133-E-12980,ISLAND
STS133-E-7082,ISLAND
STS133-E-7083,ISLAND
STS133-E-7084,ISLAND
STS133-E-7085,ISLAND
STS133-E-7086,ISLAND
STS133-E-7609,ISLAND
STS133-E-7610,ISLAND
STS133-E-7611,ISLAND
STS133-E-7612,ISLAND
STS133-E-7613,ISLAND
STS133-E-7614,ISLAND
STS133-E-7615,ISLAND
STS133-E-7616,ISLAND
STS133-E-7617,ISLAND
STS133-E-7618,ISLAND
STS133-E-7619,ISLAND
STS133-E-7620,ISLAND
STS133-E-7621,ISLAND
STS133-E-7622,ISLAND
STS133-E-7627,ISLAND
STS133-E-7628,ISLAND
STS133-E-7629,ISLAND
STS133-E-7630,ISLAND
STS61A-472-8,ISLAND
STS61C-34-8,ISLAND
STS61C-34-8_2,ISLAND
