ISS001-E-5689,LAKE
ISS004-E-5471,LAKE
ISS004-E-9150,LAKE
ISS005-E-10824,LAKE
ISS005-E-11930,LAKE
ISS005-E-11931,LAKE
ISS005-E-11932,LAKE
ISS005-E-11933,LAKE
ISS005-E-11934,LAKE
ISS005-E-11935,LAKE
ISS005-E-11936,LAKE
ISS005-E-11937,LAKE
ISS005-E-11938,LAKE
ISS005-E-12480,LAKE
ISS005-E-12481,LAKE
ISS005-E-14737,LAKE
ISS005-E-14884,LAKE
ISS005-E-14885,LAKE
ISS005-E-16101,LAKE
ISS005-E-20247,LAKE
ISS005-E-20248,LAKE
ISS005-E-20251,LAKE
ISS005-E-20252,LAKE
ISS005-E-20351,LAKE
ISS005-E-20352,LAKE
ISS005-E-20353,LAKE
ISS005-E-20355,LAKE
ISS005-E-20357,LAKE
ISS005-E-20376,LAKE
ISS005-E-20390,LAKE
ISS005-E-21127,LAKE
ISS005-E-21128,LAKE
ISS005-E-21609,LAKE
ISS005-E-21842,LAKE
ISS005-E-5615,LAKE
ISS005-E-5616,LAKE
ISS005-E-6129,LAKE
ISS005-E-6250,LAKE
ISS005-E-6251,LAKE
ISS005-E-6252,LAKE
ISS006-E-50571,LAKE
ISS006-E-50572,LAKE
ISS006-E-6460,LAKE
ISS006-E-6463,LAKE
ISS006-E-8306,LAKE
ISS006-E-8307,LAKE
ISS006-E-8309,LAKE
ISS006-E-8310,LAKE
ISS007-E-10542,LAKE
ISS007-E-10543,LAKE
ISS007-E-10547,LAKE
ISS007-E-13458,LAKE
ISS007-E-5011,LAKE
ISS007-E-5012,LAKE
ISS007-E-5013,LAKE
ISS007-E-5014,LAKE
ISS007-E-5015,LAKE
ISS007-E-5016,LAKE
ISS007-E-5017,LAKE
ISS007-E-5018,LAKE
ISS007-E-5019,LAKE
ISS007-E-5020,LAKE
ISS007-E-5021,LAKE
ISS007-E-5022,LAKE
ISS007-E-5023,LAKE
ISS007-E-5024,LAKE
ISS007-E-5025,LAKE
ISS007-E-5026,LAKE
ISS007-E-6156,LAKE
ISS009-E-10949,LAKE
ISS009-E-10950,LAKE
ISS009-E-10953,LAKE
ISS009-E-11612,LAKE
ISS009-E-18353,LAKE
ISS009-E-25079,LAKE
ISS009-E-25080,LAKE
ISS009-E-25753,LAKE
ISS009-E-25754,LAKE
ISS009-E-25886,LAKE
ISS009-E-25887,LAKE
ISS009-E-26381,LAKE
ISS009-E-26382,LAKE
ISS009-E-26883,LAKE
ISS009-E-27245,LAKE
ISS009-E-27396,LAKE
ISS009-E-27397,LAKE
ISS009-E-27398,LAKE
ISS009-E-5728,LAKE
ISS009-E-7621,LAKE
ISS009-E-7622,LAKE
ISS009-E-7623,LAKE
ISS009-E-7624,LAKE
ISS009-E-7625,LAKE
ISS009-E-8019,LAKE
ISS009-E-8020,LAKE
ISS009-E-9446,LAKE
ISS010-E-10225,LAKE
ISS010-E-10226,LAKE
ISS010-E-11023,LAKE
ISS010-E-11198,LAKE
ISS010-E-11199,LAKE
ISS010-E-12658,LAKE
ISS010-E-12661,LAKE
ISS010-E-12662,LAKE
ISS010-E-12667,LAKE
ISS010-E-12668,LAKE
ISS010-E-12669,LAKE
ISS010-E-12670,LAKE
ISS010-E-25341,LAKE
ISS010-E-25647,LAKE
ISS010-E-26825,LAKE
ISS010-E-28610,LAKE
ISS010-E-29885,LAKE
ISS010-E-29886,LAKE
ISS010-E-29887,LAKE
ISS010-E-29888,LAKE
ISS010-E-30008,LAKE
ISS010-E-30009,LAKE
ISS010-E-31973,LAKE
ISS010-E-5429,LAKE
ISS011-E-6999,LAKE
ISS011-E-7250,LAKE
ISS011-E-7320,LAKE
ISS011-E-7321,LAKE
ISS011-E-7322,LAKE
ISS011-E-7473,LAKE
ISS011-E-7887,LAKE
ISS011-E-8314,LAKE
ISS012-E-10028,LAKE
ISS012-E-10030,LAKE
ISS012-E-10031,LAKE
ISS012-E-10032,LAKE
ISS012-E-10038,LAKE
ISS012-E-10039,LAKE
ISS012-E-10044,LAKE
ISS012-E-10045,LAKE
ISS012-E-10046,LAKE
ISS012-E-17176,LAKE
ISS012-E-23286,LAKE
ISS012-E-25499,LAKE
ISS012-E-7439,LAKE
ISS012-E-7440,LAKE
ISS012-E-7441,LAKE
ISS012-E-7442,LAKE
ISS012-E-7443,LAKE
ISS012-E-7444,LAKE
ISS012-E-7978,LAKE
ISS012-E-7979,LAKE
ISS012-E-7980,LAKE
ISS012-E-9035,LAKE
ISS012-E-9036,LAKE
ISS012-E-9040,LAKE
ISS012-E-9150,LAKE
ISS012-E-9151,LAKE
ISS012-E-9152,LAKE
ISS012-E-9153,LAKE
ISS013-E-11645,LAKE
ISS013-E-14951,LAKE
ISS013-E-14952,LAKE
ISS013-E-14953,LAKE
ISS013-E-21483,LAKE
ISS013-E-22289,LAKE
ISS013-E-22327,LAKE
ISS013-E-22529,LAKE
ISS013-E-5392,LAKE
ISS013-E-5402,LAKE
ISS013-E-5403,LAKE
ISS013-E-5404,LAKE
ISS013-E-5405,LAKE
ISS013-E-5406,LAKE
ISS013-E-7531,LAKE
ISS013-E-7532,LAKE
ISS013-E-7533,LAKE
ISS013-E-7534,LAKE
ISS013-E-7535,LAKE
ISS013-E-7536,LAKE
ISS013-E-7537,LAKE
ISS013-E-7538,LAKE
ISS013-E-7539,LAKE
ISS013-E-7544,LAKE
ISS013-E-7549,LAKE
ISS013-E-7550,LAKE
ISS013-E-7551,LAKE
ISS013-E-7552,LAKE
ISS013-E-7553,LAKE
ISS013-E-7554,LAKE
ISS013-E-7555,LAKE
ISS013-E-77281,LAKE
ISS013-E-77497,LAKE
ISS013-E-77729,LAKE
ISS013-E-78450,LAKE
ISS013-E-78455,LAKE
ISS013-E-80174,LAKE
ISS013-E-80175,LAKE
ISS013-E-80176,LAKE
ISS013-E-80177,LAKE
ISS013-E-80481,LAKE
ISS013-E-82052,LAKE
ISS013-E-82054,LAKE
ISS013-E-83097,LAKE
ISS013-E-83098,LAKE
ISS013-E-83105,LAKE
ISS014-E-16021,LAKE
ISS014-E-18729,LAKE
ISS014-E-7241,LAKE
ISS014-E-7242,LAKE
ISS014-E-7243,LAKE
ISS015-E-12426,LAKE
ISS015-E-21252,LAKE
ISS015-E-21276,LAKE
ISS015-E-21277,LAKE
ISS015-E-26986,LAKE
ISS015-E-26987,LAKE
ISS015-E-27173,LAKE
ISS015-E-27174,LAKE
ISS015-E-31237,LAKE
ISS015-E-31238,LAKE
ISS015-E-31239,LAKE
ISS015-E-34059,LAKE
ISS015-E-34060,LAKE
ISS015-E-34061,LAKE
ISS015-E-34062,LAKE
ISS015-E-34063,LAKE
ISS015-E-34064,LAKE
ISS015-E-34249,LAKE
ISS015-E-34253,LAKE
ISS015-E-34254,LAKE
ISS015-E-5826,LAKE
ISS015-E-6329,LAKE
ISS015-E-6984,LAKE
ISS015-E-6992,LAKE
ISS015-E-6995,LAKE
ISS015-E-7142,LAKE
ISS015-E-7143,LAKE
ISS015-E-8130,LAKE
ISS015-E-8131,LAKE
ISS015-E-9256,LAKE
ISS016-E-16811,LAKE
ISS016-E-16812,LAKE
ISS016-E-16813,LAKE
ISS016-E-28562,LAKE
ISS017-E-15995,LAKE
ISS017-E-15996,LAKE
ISS017-E-9635,LAKE
ISS017-E-9636,LAKE
ISS017-E-9637,LAKE
ISS018-E-18626,LAKE
ISS018-E-21170,LAKE
ISS018-E-23712,LAKE
ISS018-E-23713,LAKE
ISS018-E-23714,LAKE
ISS018-E-26904,LAKE
ISS018-E-26906,LAKE
ISS018-E-43494,LAKE
ISS018-E-43500,LAKE
ISS018-E-43501,LAKE
ISS018-E-43502,LAKE
ISS018-E-43503,LAKE
ISS018-E-43756,LAKE
ISS018-E-5950,LAKE
ISS018-E-8028,LAKE
ISS018-E-8029,LAKE
ISS019-E-10874,LAKE
ISS019-E-10875,LAKE
ISS019-E-14036,LAKE
ISS019-E-14037,LAKE
ISS019-E-21770,LAKE
ISS019-E-21771,LAKE
ISS019-E-5528,LAKE
ISS019-E-5529,LAKE
ISS019-E-5990,LAKE
ISS019-E-5991,LAKE
ISS019-E-7454,LAKE
ISS019-E-7455,LAKE
ISS019-E-7456,LAKE
ISS020-E-10665,LAKE
ISS020-E-10666,LAKE
ISS020-E-10667,LAKE
ISS020-E-10668,LAKE
ISS020-E-10669,LAKE
ISS020-E-10738,LAKE
ISS020-E-10739,LAKE
ISS020-E-10740,LAKE
ISS020-E-11534,LAKE
ISS020-E-11535,LAKE
ISS020-E-11578,LAKE
ISS020-E-13624,LAKE
ISS020-E-13625,LAKE
ISS020-E-13626,LAKE
ISS020-E-13628,LAKE
ISS020-E-13629,LAKE
ISS020-E-13630,LAKE
ISS020-E-15560,LAKE
ISS020-E-28885,LAKE
ISS020-E-30321,LAKE
ISS020-E-30322,LAKE
ISS020-E-30323,LAKE
ISS020-E-30324,LAKE
ISS020-E-30325,LAKE
ISS020-E-30511,LAKE
ISS020-E-31066,LAKE
ISS020-E-32266,LAKE
ISS020-E-32267,LAKE
ISS020-E-32268,LAKE
ISS020-E-33416,LAKE
ISS020-E-33417,LAKE
ISS020-E-33419,LAKE
ISS020-E-33677,LAKE
ISS020-E-33681,LAKE
ISS020-E-33684,LAKE
ISS020-E-34227,LAKE
ISS020-E-35885,LAKE
ISS020-E-35992,LAKE
ISS020-E-35996,LAKE
ISS020-E-40151,LAKE
ISS020-E-40152,LAKE
ISS020-E-40153,LAKE
ISS020-E-42904,LAKE
ISS020-E-42905,LAKE
ISS020-E-43413,LAKE
ISS020-E-43418,LAKE
ISS020-E-45826,LAKE
ISS020-E-45827,LAKE
ISS020-E-48736,LAKE
ISS020-E-48737,LAKE
ISS020-E-49247,LAKE
ISS020-E-49248,LAKE
ISS020-E-49531,LAKE
ISS020-E-49532,LAKE
ISS020-E-49533,LAKE
ISS020-E-49580,LAKE
ISS020-E-49581,LAKE
ISS020-E-49582,LAKE
ISS020-E-49583,LAKE
ISS020-E-49643,LAKE
ISS020-E-50523,LAKE
ISS020-E-8309,LAKE
ISS020-E-8310,LAKE
ISS020-E-8311,LAKE
ISS020-E-8312,LAKE
ISS020-E-8313,LAKE
ISS020-E-8419,LAKE
ISS020-E-8420,LAKE
ISS020-E-9374,LAKE
ISS020-E-9643,LAKE
ISS020-E-9645,LAKE
ISS021-E-18041,LAKE
ISS021-E-18059,LAKE
ISS021-E-18070,LAKE
ISS021-E-18071,LAKE
ISS021-E-18072,LAKE
ISS021-E-18073,LAKE
ISS021-E-18075,LAKE
ISS021-E-18077,LAKE
ISS021-E-23475,LAKE
ISS021-E-5141,LAKE
ISS021-E-5142,LAKE
ISS021-E-5143,LAKE
ISS021-E-5144,LAKE
ISS021-E-5145,LAKE
ISS021-E-5965,LAKE
ISS021-E-6704,LAKE
ISS022-E-21243,LAKE
ISS022-E-21244,LAKE
ISS022-E-27440,LAKE
ISS022-E-27441,LAKE
ISS022-E-27442,LAKE
ISS022-E-30036,LAKE
ISS022-E-30037,LAKE
ISS022-E-30038,LAKE
ISS022-E-30039,LAKE
ISS022-E-30040,LAKE
ISS022-E-30041,LAKE
ISS022-E-30042,LAKE
ISS022-E-30043,LAKE
ISS022-E-30044,LAKE
ISS022-E-30759,LAKE
ISS022-E-30761,LAKE
ISS022-E-31807,LAKE
ISS022-E-40405,LAKE
ISS022-E-40406,LAKE
ISS022-E-40409,LAKE
ISS022-E-5934,LAKE
ISS022-E-5935,LAKE
ISS022-E-5936,LAKE
ISS022-E-75437,LAKE
ISS022-E-75438,LAKE
ISS022-E-75441,LAKE
ISS022-E-75442,LAKE
ISS022-E-75443,LAKE
ISS022-E-76192,LAKE
ISS022-E-76206,LAKE
ISS022-E-77300,LAKE
ISS022-E-77301,LAKE
ISS022-E-77302,LAKE
ISS022-E-77629,LAKE
ISS022-E-77630,LAKE
ISS022-E-77631,LAKE
ISS022-E-77632,LAKE
ISS022-E-87772,LAKE
ISS022-E-9858,LAKE
ISS022-E-9859,LAKE
ISS023-E-11632,LAKE
ISS023-E-11633,LAKE
ISS023-E-11634,LAKE
ISS023-E-12068,LAKE
ISS023-E-40867,LAKE
ISS023-E-5839,LAKE
ISS023-E-5840,LAKE
ISS023-E-6186,LAKE
ISS025-E-15322,LAKE
ISS025-E-15323,LAKE
ISS025-E-20609,LAKE
ISS025-E-20610,LAKE
ISS025-E-20658,LAKE
ISS025-E-20659,LAKE
ISS025-E-20762,LAKE
ISS025-E-20763,LAKE
ISS025-E-20764,LAKE
ISS025-E-20765,LAKE
ISS025-E-20770,LAKE
ISS025-E-20771,LAKE
ISS025-E-21565,LAKE
ISS025-E-21566,LAKE
ISS026-E-19398,LAKE
ISS026-E-19401,LAKE
ISS026-E-19402,LAKE
ISS026-E-33974,LAKE
ISS026-E-33975,LAKE
ISS026-E-37905,LAKE
ISS026-E-37906,LAKE
ISS026-E-5064,LAKE
ISS027-E-10284,LAKE
ISS027-E-10286,LAKE
ISS027-E-11045,LAKE
ISS027-E-11055,LAKE
ISS027-E-11056,LAKE
ISS027-E-11171,LAKE
ISS027-E-11172,LAKE
ISS027-E-11174,LAKE
ISS027-E-11175,LAKE
ISS027-E-11625,LAKE
ISS027-E-12548,LAKE
ISS027-E-12549,LAKE
ISS027-E-12553,LAKE
ISS027-E-12575,LAKE
ISS027-E-12576,LAKE
ISS027-E-12577,LAKE
ISS027-E-17781,LAKE
ISS027-E-17782,LAKE
ISS027-E-17786,LAKE
ISS027-E-17787,LAKE
ISS027-E-17788,LAKE
ISS027-E-17790,LAKE
ISS027-E-17791,LAKE
ISS027-E-17792,LAKE
ISS027-E-17793,LAKE
ISS027-E-18505,LAKE
ISS027-E-19107,LAKE
ISS027-E-19108,LAKE
ISS027-E-19109,LAKE
ISS027-E-19110,LAKE
ISS027-E-19651,LAKE
ISS027-E-19655,LAKE
ISS027-E-21077,LAKE
ISS027-E-21078,LAKE
ISS027-E-21079,LAKE
ISS027-E-21080,LAKE
ISS027-E-21081,LAKE
ISS027-E-21082,LAKE
ISS027-E-21083,LAKE
ISS027-E-21310,LAKE
ISS027-E-21311,LAKE
ISS027-E-21312,LAKE
ISS027-E-26271,LAKE
ISS027-E-26272,LAKE
ISS027-E-26755,LAKE
ISS027-E-26756,LAKE
ISS027-E-26757,LAKE
ISS027-E-27957,LAKE
ISS027-E-27958,LAKE
ISS027-E-27959,LAKE
ISS027-E-27976,LAKE
ISS027-E-27977,LAKE
ISS027-E-27978,LAKE
ISS027-E-27979,LAKE
ISS027-E-27980,LAKE
ISS027-E-27981,LAKE
ISS027-E-27982,LAKE
ISS027-E-27983,LAKE
ISS027-E-27984,LAKE
ISS027-E-27985,LAKE
ISS027-E-27986,LAKE
ISS027-E-28338,LAKE
ISS027-E-29417,LAKE
ISS027-E-29418,LAKE
ISS027-E-29419,LAKE
ISS027-E-29420,LAKE
ISS027-E-29421,LAKE
ISS027-E-29422,LAKE
ISS027-E-29423,LAKE
ISS027-E-29424,LAKE
ISS027-E-29425,LAKE
ISS027-E-29444,LAKE
ISS027-E-29445,LAKE
ISS027-E-29446,LAKE
ISS027-E-29447,LAKE
ISS027-E-30847,LAKE
ISS027-E-36972,LAKE
ISS027-E-36973,LAKE
ISS027-E-36974,LAKE
ISS027-E-5142,LAKE
ISS027-E-5283,LAKE
ISS027-E-7250,LAKE
ISS027-E-7869,LAKE
ISS027-E-7870,LAKE
ISS027-E-9200,LAKE
ISS027-E-9201,LAKE
ISS027-E-9384,LAKE
ISS027-E-9385,LAKE
ISS027-E-9386,LAKE
ISS027-E-9531,LAKE
ISS027-E-9532,LAKE
ISS027-E-9533,LAKE
ISS027-E-9534,LAKE
ISS028-E-10943,LAKE
ISS028-E-12171,LAKE
ISS028-E-12176,LAKE
ISS028-E-12181,LAKE
ISS028-E-13597,LAKE
ISS028-E-15976,LAKE
ISS028-E-15977,LAKE
ISS028-E-15978,LAKE
ISS028-E-15984,LAKE
ISS028-E-15985,LAKE
ISS028-E-23667,LAKE
ISS028-E-23668,LAKE
ISS028-E-23673,LAKE
ISS028-E-23674,LAKE
ISS028-E-23676,LAKE
ISS028-E-23677,LAKE
ISS028-E-23678,LAKE
ISS028-E-23679,LAKE
ISS029-E-13339,LAKE
ISS029-E-17338,LAKE
ISS029-E-17339,LAKE
ISS029-E-17340,LAKE
ISS029-E-21407,LAKE
ISS029-E-21408,LAKE
ISS029-E-21409,LAKE
ISS029-E-21410,LAKE
ISS029-E-21411,LAKE
ISS029-E-21412,LAKE
ISS029-E-21413,LAKE
ISS029-E-21414,LAKE
ISS029-E-21415,LAKE
ISS029-E-21440,LAKE
ISS029-E-21441,LAKE
ISS029-E-21442,LAKE
ISS029-E-21443,LAKE
ISS029-E-21444,LAKE
ISS029-E-21543,LAKE
ISS029-E-21544,LAKE
ISS029-E-21545,LAKE
ISS029-E-21546,LAKE
ISS029-E-21547,LAKE
ISS029-E-21548,LAKE
ISS029-E-21549,LAKE
ISS029-E-21550,LAKE
ISS029-E-8065,LAKE
ISS029-E-8068,LAKE
ISS029-E-8293,LAKE
ISS030-E-274819,LAKE
ISS030-E-274820,LAKE
ISS030-E-65966,LAKE
ISS030-E-65967,LAKE
ISS031-E-123166,LAKE
ISS031-E-123168,LAKE
ISS031-E-123169,LAKE
ISS031-E-123170,LAKE
ISS031-E-35278,LAKE
ISS031-E-35279,LAKE
ISS031-E-85377,LAKE
ISS031-E-8923,LAKE
ISS032-E-16417,LAKE
ISS032-E-16418,LAKE
ISS032-E-27374,LAKE
ISS033-E-15915,LAKE
ISS033-E-15916,LAKE
ISS034-E-14865,LAKE
ISS034-E-14866,LAKE
ISS034-E-14867,LAKE
ISS034-E-14868,LAKE
ISS034-E-14869,LAKE
ISS034-E-14870,LAKE
ISS034-E-18569,LAKE
ISS034-E-46890,LAKE
ISS034-E-46891,LAKE
ISS034-E-46892,LAKE
ISS034-E-46893,LAKE
ISS034-E-46895,LAKE
ISS034-E-46896,LAKE
ISS034-E-46902,LAKE
ISS034-E-56346,LAKE
ISS034-E-64441,LAKE
ISS034-E-64444,LAKE
ISS034-E-64446,LAKE
ISS034-E-64447,LAKE
ISS034-E-64450,LAKE
ISS034-E-64451,LAKE
ISS034-E-64452,LAKE
ISS034-E-64453,LAKE
ISS034-E-64454,LAKE
ISS035-E-21353,LAKE
ISS035-E-21354,LAKE
ISS035-E-21355,LAKE
ISS035-E-21356,LAKE
ISS035-E-23554,LAKE
ISS036-E-680,LAKE
ISS036-E-681,LAKE
ISS036-E-687,LAKE
ISS037-E-11581,LAKE
ISS037-E-14951,LAKE
ISS037-E-14952,LAKE
ISS037-E-17289,LAKE
ISS037-E-17290,LAKE
ISS037-E-17516,LAKE
ISS037-E-17517,LAKE
ISS037-E-17518,LAKE
ISS037-E-17519,LAKE
ISS037-E-17520,LAKE
ISS037-E-17521,LAKE
ISS037-E-17522,LAKE
ISS037-E-17523,LAKE
ISS037-E-17524,LAKE
ISS037-E-17525,LAKE
ISS037-E-17526,LAKE
ISS037-E-17527,LAKE
ISS037-E-17528,LAKE
ISS037-E-17529,LAKE
ISS037-E-17530,LAKE
ISS037-E-17531,LAKE
ISS037-E-17532,LAKE
ISS037-E-17533,LAKE
ISS037-E-22274,LAKE
ISS037-E-956,LAKE
ISS037-E-957,LAKE
ISS037-E-958,LAKE
ISS037-E-959,LAKE
ISS038-E-35123,LAKE
ISS039-E-12154,LAKE
ISS039-E-12162,LAKE
ISS039-E-13743,LAKE
ISS039-E-13744,LAKE
ISS039-E-13745,LAKE
ISS039-E-13746,LAKE
ISS039-E-15987,LAKE
ISS039-E-15988,LAKE
ISS039-E-1668,LAKE
ISS039-E-16844,LAKE
ISS039-E-16845,LAKE
ISS039-E-17407,LAKE
ISS039-E-19187,LAKE
ISS039-E-19189,LAKE
ISS039-E-19190,LAKE
ISS039-E-19191,LAKE
ISS039-E-20330,LAKE
ISS039-E-20331,LAKE
ISS039-E-20332,LAKE
ISS039-E-20333,LAKE
ISS039-E-21589,LAKE
ISS039-E-21590,LAKE
ISS039-E-614,LAKE
ISS039-E-615,LAKE
ISS039-E-616,LAKE
ISS039-E-617,LAKE
ISS040-E-10695,LAKE
ISS040-E-108873,LAKE
ISS040-E-108874,LAKE
ISS040-E-5891,LAKE
ISS040-E-5893,LAKE
ISS040-E-5905,LAKE
ISS040-E-81,LAKE
ISS041-E-11631,LAKE
ISS041-E-11632,LAKE
ISS041-E-11633,LAKE
ISS041-E-64193,LAKE
ISS041-E-64194,LAKE
ISS041-E-64195,LAKE
ISS041-E-64196,LAKE
ISS043-E-182568,LAKE
ISS043-E-182569,LAKE
ISS043-E-182570,LAKE
ISS043-E-182571,LAKE
ISS043-E-182572,LAKE
ISS043-E-182573,LAKE
ISS043-E-182574,LAKE
ISS043-E-182575,LAKE
ISS043-E-182576,LAKE
ISS043-E-182577,LAKE
ISS043-E-182578,LAKE
ISS043-E-182579,LAKE
ISS043-E-182580,LAKE
ISS043-E-182581,LAKE
ISS043-E-182582,LAKE
ISS043-E-182583,LAKE
ISS043-E-182584,LAKE
ISS043-E-182585,LAKE
ISS043-E-182586,LAKE
ISS043-E-182587,LAKE
ISS043-E-182588,LAKE
ISS043-E-182589,LAKE
ISS043-E-182590,LAKE
ISS043-E-182591,LAKE
ISS043-E-182592,LAKE
ISS043-E-182593,LAKE
ISS043-E-182594,LAKE
ISS043-E-187907,LAKE
ISS043-E-187908,LAKE
ISS043-E-187909,LAKE
ISS043-E-187910,LAKE
ISS043-E-187915,LAKE
ISS043-E-187916,LAKE
ISS043-E-187917,LAKE
ISS043-E-187918,LAKE
ISS043-E-187919,LAKE
ISS043-E-187920,LAKE
ISS043-E-187921,LAKE
ISS043-E-187922,LAKE
ISS046-E-35571,LAKE
ISS046-E-35572,LAKE
ISS046-E-35573,LAKE
ISS048-E-1285,LAKE
ISS048-E-1286,LAKE
ISS048-E-1760,LAKE
ISS048-E-1761,LAKE
ISS048-E-1762,LAKE
ISS048-E-1763,LAKE
ISS048-E-1764,LAKE
ISS048-E-1765,LAKE
ISS048-E-1766,LAKE
ISS048-E-1767,LAKE
ISS048-E-1768,LAKE
ISS048-E-1769,LAKE
ISS048-E-1770,LAKE
ISS048-E-1771,LAKE
ISS048-E-1773,LAKE
ISS048-E-1774,LAKE
ISS048-E-1775,LAKE
ISS048-E-1776,LAKE
ISS048-E-3287,LAKE
ISS048-E-3288,LAKE
ISS048-E-3293,LAKE
ISS048-E-3294,LAKE
ISS048-E-3295,LAKE
ISS048-E-3296,LAKE
ISS048-E-3297,LAKE
ISS048-E-3298,LAKE
ISS048-E-3475,LAKE
ISS048-E-3476,LAKE
ISS048-E-3557,LAKE
ISS048-E-3558,LAKE
ISS048-E-405,LAKE
ISS048-E-406,LAKE
ISS048-E-407,LAKE
ISS048-E-4317,LAKE
ISS048-E-566,LAKE
ISS048-E-567,LAKE
ISS048-E-60178,LAKE
ISS048-E-60179,LAKE
ISS048-E-60180,LAKE
ISS049-E-46142,LAKE
ISS049-E-46143,LAKE
ISS049-E-46144,LAKE
ISS049-E-46145,LAKE
ISS049-E-46146,LAKE
ISS049-E-46147,LAKE
ISS049-E-46148,LAKE
ISS049-E-46149,LAKE
ISS049-E-46150,LAKE
ISS049-E-46151,LAKE
ISS049-E-958,LAKE
ISS049-E-959,LAKE
ISS049-E-960,LAKE
ISS049-E-961,LAKE
ISS049-E-962,LAKE
ISS049-E-963,LAKE
ISS049-E-964,LAKE
ISS049-E-965,LAKE
ISS049-E-966,LAKE
ISS049-E-967,LAKE
ISS050-E-14763,LAKE
ISS050-E-30042,LAKE
ISS050-E-30043,LAKE
ISS050-E-30044,LAKE
ISS050-E-51269,LAKE
ISS050-E-51975,LAKE
ISS050-E-70949,LAKE
ISS050-E-70950,LAKE
ISS050-E-70951,LAKE
ISS050-E-70952,LAKE
ISS050-E-70953,LAKE
ISS050-E-70954,LAKE
ISS050-E-70955,LAKE
ISS050-E-70956,LAKE
ISS051-E-13333,LAKE
ISS051-E-19717,LAKE
ISS051-E-43868,LAKE
ISS051-E-43869,LAKE
ISS051-E-43870,LAKE
ISS051-E-43871,LAKE
ISS051-E-43872,LAKE
ISS051-E-50649,LAKE
ISS051-E-50722,LAKE
ISS051-E-50723,LAKE
ISS051-E-50724,LAKE
ISS052-E-934,LAKE
ISS052-E-935,LAKE
ISS053-E-101061,LAKE
ISS053-E-101062,LAKE
ISS053-E-101063,LAKE
ISS053-E-101064,LAKE
ISS053-E-101065,LAKE
ISS053-E-101066,LAKE
ISS053-E-101067,LAKE
ISS053-E-101068,LAKE
ISS053-E-101069,LAKE
ISS053-E-101070,LAKE
ISS053-E-101071,LAKE
ISS053-E-101072,LAKE
ISS053-E-101073,LAKE
ISS053-E-101074,LAKE
ISS053-E-101075,LAKE
ISS053-E-101076,LAKE
ISS053-E-101077,LAKE
ISS053-E-101078,LAKE
ISS053-E-101079,LAKE
ISS053-E-101080,LAKE
ISS053-E-101081,LAKE
ISS053-E-101082,LAKE
ISS053-E-101083,LAKE
ISS053-E-101084,LAKE
ISS054-E-29266,LAKE
ISS054-E-29267,LAKE
ISS054-E-29268,LAKE
ISS054-E-29269,LAKE
ISS054-E-29270,LAKE
ISS054-E-29271,LAKE
ISS054-E-29280,LAKE
ISS054-E-29281,LAKE
ISS054-E-52342,LAKE
ISS054-E-52343,LAKE
ISS054-E-52344,LAKE
ISS054-E-52345,LAKE
ISS054-E-52346,LAKE
ISS054-E-52347,LAKE
ISS054-E-53621,LAKE
ISS054-E-53622,LAKE
ISS054-E-53623,LAKE
ISS054-E-53624,LAKE
ISS054-E-53625,LAKE
ISS054-E-53626,LAKE
ISS054-E-53627,LAKE
ISS054-E-53628,LAKE
ISS054-E-53629,LAKE
ISS054-E-53630,LAKE
ISS054-E-53631,LAKE
ISS054-E-53632,LAKE
ISS054-E-53633,LAKE
ISS054-E-53634,LAKE
ISS054-E-53635,LAKE
ISS054-E-53636,LAKE
ISS054-E-53637,LAKE
ISS054-E-53638,LAKE
ISS054-E-53639,LAKE
ISS054-E-53640,LAKE
ISS054-E-53641,LAKE
ISS054-E-53642,LAKE
ISS054-E-53643,LAKE
ISS054-E-53644,LAKE
ISS054-E-53645,LAKE
ISS054-E-53646,LAKE
ISS054-E-53647,LAKE
ISS054-E-53648,LAKE
ISS054-E-53649,LAKE
ISS054-E-53650,LAKE
ISS054-E-53651,LAKE
ISS054-E-53652,LAKE
ISS054-E-53653,LAKE
ISS054-E-53654,LAKE
ISS054-E-53655,LAKE
ISS054-E-53656,LAKE
ISS054-E-53657,LAKE
ISS054-E-53658,LAKE
ISS054-E-53659,LAKE
ISS054-E-53660,LAKE
ISS054-E-53661,LAKE
ISS054-E-53662,LAKE
ISS054-E-53663,LAKE
ISS054-E-53664,LAKE
ISS054-E-53665,LAKE
ISS054-E-53666,LAKE
ISS054-E-53667,LAKE
ISS054-E-53668,LAKE
ISS054-E-53669,LAKE
ISS054-E-53670,LAKE
ISS054-E-53671,LAKE
ISS054-E-53672,LAKE
ISS054-E-53673,LAKE
ISS054-E-53674,LAKE
ISS054-E-53675,LAKE
ISS054-E-53676,LAKE
ISS054-E-53677,LAKE
ISS055-E-31367,LAKE
ISS055-E-31368,LAKE
ISS055-E-31369,LAKE
ISS055-E-32650,LAKE
ISS055-E-32651,LAKE
ISS055-E-32652,LAKE
ISS055-E-32653,LAKE
ISS055-E-32654,LAKE
ISS055-E-6962,LAKE
ISS055-E-6963,LAKE
NASA7-709-65,LAKE
NASA7-709-66,LAKE
NASA7-709-67,LAKE
STS008-36-1387,LAKE
STS046-101-38,LAKE
STS052-7-30,LAKE
STS052-73-39,LAKE
STS052-73-40,LAKE
STS052-73-41,LAKE
STS052-73-42,LAKE
STS068-151-1,LAKE
STS068-151-2,LAKE
STS068-151-3,LAKE
STS075-707-65,LAKE
STS075-707-66,LAKE
STS075-707-67,LAKE
STS075-729-18,LAKE
STS075-729-19,LAKE
STS088-721-84,LAKE
STS088-725-33,LAKE
STS088-739-41,LAKE
STS088-739-43,LAKE
STS097-306-4,LAKE
STS098-703-10,LAKE
STS098-703-11,LAKE
STS098-703-9,LAKE
STS099-719-87,LAKE
STS099-719-88,LAKE
STS099-719-89,LAKE
STS099-746-44,LAKE
STS100-701-26,LAKE
STS100-701-29,LAKE
STS100-703-79,LAKE
STS100-703-80,LAKE
STS100-E-5467,LAKE
STS100-E-5468,LAKE
STS100-E-5469,LAKE
STS100-E-5473,LAKE
STS100-E-5474,LAKE
STS100-E-5475,LAKE
STS101-709-70,LAKE
STS101-709-71,LAKE
STS101-709-72,LAKE
STS101-721-3,LAKE
STS101-721-4,LAKE
STS101-721-5,LAKE
STS102-338-15,LAKE
STS103-729-59,LAKE
STS103-729-60,LAKE
STS104-705-10,LAKE
STS104-705-11,LAKE
STS104-705-12,LAKE
STS104-726-31,LAKE
STS105-715-21,LAKE
STS105-715-22,LAKE
STS105-715-23,LAKE
STS105-715-24,LAKE
STS105-717-73,LAKE
STS105-E-5418,LAKE
STS105-E-5422,LAKE
STS106-708-A,LAKE
STS106-708-B,LAKE
STS106-708-C,LAKE
STS106-708-D,LAKE
STS106-708-E,LAKE
STS106-708-F,LAKE
STS108-703-44,LAKE
STS108-715-43,LAKE
STS108-715-44,LAKE
STS108-715-45,LAKE
STS109-712-19,LAKE
STS109-712-20,LAKE
STS109-712-21,LAKE
STS109-712-22,LAKE
STS109-724-88,LAKE
STS109-724-89,LAKE
STS109-724-90,LAKE
STS109-725-91,LAKE
STS109-725-92,LAKE
STS109-725-93,LAKE
STS111-318-27,LAKE
STS111-318-28,LAKE
STS111-721-62,LAKE
STS117-E-9602,LAKE
STS119-E-10995,LAKE
STS119-E-10996,LAKE
STS119-E-10997,LAKE
STS119-E-11038,LAKE
STS119-E-11039,LAKE
STS121-E-8328,LAKE
STS121-E-8331,LAKE
STS122-E-9631,LAKE
STS123-E-8864,LAKE
STS124-E-11620,LAKE
STS124-E-11621,LAKE
STS124-E-11622,LAKE
STS124-E-11625,LAKE
STS124-E-11626,LAKE
STS124-E-11629,LAKE
STS124-E-11630,LAKE
STS130-E-8670,LAKE
STS133-E-11682,LAKE
STS133-E-11683,LAKE
STS133-E-11688,LAKE
STS133-E-12947,LAKE
STS133-E-12949,LAKE
STS61C-34-77,LAKE
STS61C-34-77_2,LAKE
STS61C-34-78,LAKE
STS61C-34-78_2,LAKE
STS61C-34-79,LAKE
STS61C-34-79_2,LAKE
