ISS003-E-5991,MASSIF
ISS003-E-5992,MASSIF
ISS005-E-12476,MASSIF
ISS005-E-17251,MASSIF
ISS005-E-17252,MASSIF
ISS005-E-17253,MASSIF
ISS005-E-5666,MASSIF
ISS009-E-13800,MASSIF
ISS009-E-13801,MASSIF
ISS009-E-23831,MASSIF
ISS009-E-27716,MASSIF
ISS009-E-27717,MASSIF
ISS009-E-27724,MASSIF
ISS009-E-27921,MASSIF
ISS009-E-28696,MASSIF
ISS009-E-5414,MASSIF
ISS009-E-5415,MASSIF
ISS009-E-5416,MASSIF
ISS009-E-5419,MASSIF
ISS009-E-5422,MASSIF
ISS009-E-5424,MASSIF
ISS009-E-6302,MASSIF
ISS009-E-6303,MASSIF
ISS009-E-6304,MASSIF
ISS009-E-6849,MASSIF
ISS009-E-6850,MASSIF
ISS009-E-6851,MASSIF
ISS009-E-6852,MASSIF
ISS009-E-6855,MASSIF
ISS009-E-6856,MASSIF
ISS009-E-6857,MASSIF
ISS009-E-6858,MASSIF
ISS009-E-7605,MASSIF
ISS009-E-7606,MASSIF
ISS009-E-7663,MASSIF
ISS009-E-7664,MASSIF
ISS009-E-7667,MASSIF
ISS009-E-7668,MASSIF
ISS010-E-26078,MASSIF
ISS010-E-26079,MASSIF
ISS010-E-26080,MASSIF
ISS010-E-26081,MASSIF
ISS010-E-5267,MASSIF
ISS010-E-5268,MASSIF
ISS010-E-5686,MASSIF
ISS010-E-5687,MASSIF
ISS011-E-8892,MASSIF
ISS011-E-8893,MASSIF
ISS011-E-8896,MASSIF
ISS011-E-9505,MASSIF
ISS011-E-9506,MASSIF
ISS012-E-16699,MASSIF
ISS012-E-21487,MASSIF
ISS012-E-21488,MASSIF
ISS012-E-21489,MASSIF
ISS012-E-21490,MASSIF
ISS012-E-21491,MASSIF
ISS012-E-5172,MASSIF
ISS012-E-5173,MASSIF
ISS012-E-5174,MASSIF
ISS013-E-76681,MASSIF
ISS014-E-17605,MASSIF
ISS015-E-14794,MASSIF
ISS015-E-14795,MASSIF
ISS015-E-14796,MASSIF
ISS015-E-14797,MASSIF
ISS015-E-14798,MASSIF
ISS015-E-14799,MASSIF
ISS015-E-14802,MASSIF
ISS015-E-14803,MASSIF
ISS015-E-5914,MASSIF
ISS016-E-16626,MASSIF
ISS016-E-16629,MASSIF
ISS017-E-20570,MASSIF
ISS017-E-22077,MASSIF
ISS017-E-8282,MASSIF
ISS018-E-21053,MASSIF
ISS018-E-21055,MASSIF
ISS019-E-6344,MASSIF
ISS019-E-6348,MASSIF
ISS020-E-35987,MASSIF
ISS020-E-36579,MASSIF
ISS020-E-45623,MASSIF
ISS020-E-45625,MASSIF
ISS020-E-45697,MASSIF
ISS020-E-45751,MASSIF
ISS020-E-45752,MASSIF
ISS020-E-45754,MASSIF
ISS020-E-51273,MASSIF
ISS020-E-51279,MASSIF
ISS021-E-24317,MASSIF
ISS021-E-24318,MASSIF
ISS021-E-24319,MASSIF
ISS021-E-24320,MASSIF
ISS021-E-24321,MASSIF
ISS021-E-24322,MASSIF
ISS022-E-11054,MASSIF
ISS022-E-21021,MASSIF
ISS022-E-21022,MASSIF
ISS022-E-75812,MASSIF
ISS024-E-13638,MASSIF
ISS024-E-13639,MASSIF
ISS024-E-8379,MASSIF
ISS024-E-8380,MASSIF
ISS025-E-12125,MASSIF
ISS025-E-18990,MASSIF
ISS025-E-18991,MASSIF
ISS025-E-19260,MASSIF
ISS025-E-19261,MASSIF
ISS025-E-23642,MASSIF
ISS025-E-23643,MASSIF
ISS025-E-23644,MASSIF
ISS025-E-23645,MASSIF
ISS025-E-23646,MASSIF
ISS025-E-23647,MASSIF
ISS026-E-15618,MASSIF
ISS026-E-15619,MASSIF
ISS026-E-15620,MASSIF
ISS026-E-15621,MASSIF
ISS026-E-15622,MASSIF
ISS026-E-15623,MASSIF
ISS026-E-15624,MASSIF
ISS026-E-38671,MASSIF
ISS026-E-38672,MASSIF
ISS026-E-38830,MASSIF
ISS026-E-38831,MASSIF
ISS026-E-5149,MASSIF
ISS026-E-5150,MASSIF
ISS026-E-5151,MASSIF
ISS026-E-5152,MASSIF
ISS026-E-5153,MASSIF
ISS026-E-5154,MASSIF
ISS026-E-5155,MASSIF
ISS027-E-10774,MASSIF
ISS027-E-10775,MASSIF
ISS027-E-10777,MASSIF
ISS027-E-11155,MASSIF
ISS027-E-11156,MASSIF
ISS027-E-11157,MASSIF
ISS027-E-18340,MASSIF
ISS027-E-18341,MASSIF
ISS027-E-18353,MASSIF
ISS027-E-18354,MASSIF
ISS027-E-18355,MASSIF
ISS027-E-18356,MASSIF
ISS027-E-18357,MASSIF
ISS027-E-18358,MASSIF
ISS027-E-28401,MASSIF
ISS027-E-28402,MASSIF
ISS027-E-28403,MASSIF
ISS027-E-28404,MASSIF
ISS027-E-28796,MASSIF
ISS027-E-28797,MASSIF
ISS027-E-28798,MASSIF
ISS027-E-37504,MASSIF
ISS028-E-12279,MASSIF
ISS028-E-14965,MASSIF
ISS028-E-20479,MASSIF
ISS028-E-20480,MASSIF
ISS028-E-20481,MASSIF
ISS028-E-20482,MASSIF
ISS028-E-20483,MASSIF
ISS028-E-20484,MASSIF
ISS029-E-13971,MASSIF
ISS029-E-17771,MASSIF
ISS029-E-17777,MASSIF
ISS029-E-17778,MASSIF
ISS029-E-17779,MASSIF
ISS029-E-17782,MASSIF
ISS029-E-17783,MASSIF
ISS029-E-32703,MASSIF
ISS029-E-32704,MASSIF
ISS029-E-32705,MASSIF
ISS029-E-32710,MASSIF
ISS029-E-32711,MASSIF
ISS029-E-32712,MASSIF
ISS029-E-32713,MASSIF
ISS029-E-32714,MASSIF
ISS029-E-32715,MASSIF
ISS029-E-32716,MASSIF
ISS029-E-32720,MASSIF
ISS029-E-32721,MASSIF
ISS029-E-33806,MASSIF
ISS029-E-7234,MASSIF
ISS029-E-7235,MASSIF
ISS029-E-8206,MASSIF
ISS029-E-8207,MASSIF
ISS031-E-147188,MASSIF
ISS031-E-147189,MASSIF
ISS031-E-147190,MASSIF
ISS031-E-96700,MASSIF
ISS031-E-96701,MASSIF
ISS031-E-96702,MASSIF
ISS032-E-10482,MASSIF
ISS032-E-10483,MASSIF
ISS032-E-10533,MASSIF
ISS032-E-10534,MASSIF
ISS032-E-16481,MASSIF
ISS032-E-16482,MASSIF
ISS034-E-26974,MASSIF
ISS034-E-26975,MASSIF
ISS034-E-42607,MASSIF
ISS034-E-42608,MASSIF
ISS034-E-44052,MASSIF
ISS034-E-44053,MASSIF
ISS034-E-54718,MASSIF
ISS034-E-54719,MASSIF
ISS034-E-65521,MASSIF
ISS034-E-65522,MASSIF
ISS034-E-65523,MASSIF
ISS035-E-18003,MASSIF
ISS035-E-18004,MASSIF
ISS035-E-18776,MASSIF
ISS035-E-20558,MASSIF
ISS035-E-20559,MASSIF
ISS036-E-3121,MASSIF
ISS036-E-3127,MASSIF
ISS037-E-4598,MASSIF
ISS037-E-4599,MASSIF
ISS037-E-4600,MASSIF
ISS037-E-4601,MASSIF
ISS037-E-4603,MASSIF
ISS037-E-4604,MASSIF
ISS037-E-4605,MASSIF
ISS037-E-6665,MASSIF
ISS037-E-6666,MASSIF
ISS037-E-6667,MASSIF
ISS037-E-6668,MASSIF
ISS037-E-6669,MASSIF
ISS037-E-6670,MASSIF
ISS037-E-6671,MASSIF
ISS037-E-6672,MASSIF
ISS037-E-6673,MASSIF
ISS037-E-6674,MASSIF
ISS037-E-6675,MASSIF
ISS037-E-6676,MASSIF
ISS037-E-6677,MASSIF
ISS037-E-6678,MASSIF
ISS039-E-13591,MASSIF
ISS040-E-238,MASSIF
ISS040-E-239,MASSIF
ISS040-E-240,MASSIF
ISS040-E-241,MASSIF
ISS040-E-243,MASSIF
ISS040-E-5941,MASSIF
ISS040-E-5942,MASSIF
ISS040-E-5943,MASSIF
ISS040-E-5944,MASSIF
ISS040-E-5945,MASSIF
ISS040-E-5946,MASSIF
ISS040-E-5947,MASSIF
ISS041-E-110103,MASSIF
ISS041-E-110104,MASSIF
ISS041-E-110105,MASSIF
ISS041-E-110106,MASSIF
ISS041-E-110107,MASSIF
ISS041-E-110108,MASSIF
ISS043-E-210706,MASSIF
ISS043-E-210707,MASSIF
ISS043-E-210708,MASSIF
ISS046-E-51962,MASSIF
ISS046-E-51963,MASSIF
ISS046-E-51964,MASSIF
ISS046-E-51965,MASSIF
ISS046-E-51966,MASSIF
ISS046-E-51967,MASSIF
ISS046-E-51968,MASSIF
ISS046-E-51969,MASSIF
ISS046-E-51970,MASSIF
ISS046-E-51971,MASSIF
ISS046-E-51972,MASSIF
ISS046-E-51973,MASSIF
ISS046-E-51974,MASSIF
ISS046-E-51975,MASSIF
ISS046-E-51976,MASSIF
ISS046-E-51977,MASSIF
ISS046-E-51978,MASSIF
ISS046-E-51979,MASSIF
ISS046-E-51980,MASSIF
ISS046-E-51981,MASSIF
ISS046-E-51982,MASSIF
ISS046-E-51983,MASSIF
ISS046-E-51984,MASSIF
ISS046-E-51985,MASSIF
ISS046-E-51986,MASSIF
ISS046-E-51987,MASSIF
ISS046-E-51988,MASSIF
ISS048-E-12514,MASSIF
ISS048-E-1361,MASSIF
ISS048-E-1362,MASSIF
ISS048-E-1363,MASSIF
ISS048-E-72705,MASSIF
ISS048-E-72706,MASSIF
ISS048-E-72707,MASSIF
ISS048-E-72708,MASSIF
ISS048-E-72709,MASSIF
ISS048-E-72710,MASSIF
ISS048-E-72711,MASSIF
ISS048-E-72712,MASSIF
ISS048-E-72713,MASSIF
ISS048-E-72714,MASSIF
ISS048-E-72715,MASSIF
ISS048-E-72716,MASSIF
ISS048-E-72717,MASSIF
ISS048-E-72718,MASSIF
ISS048-E-72719,MASSIF
ISS050-E-29796,MASSIF
ISS050-E-35591,MASSIF
ISS050-E-35592,MASSIF
ISS050-E-35596,MASSIF
ISS050-E-40634,MASSIF
ISS050-E-40635,MASSIF
ISS050-E-54662,MASSIF
ISS050-E-54688,MASSIF
ISS052-E-8401,MASSIF
ISS052-E-8402,MASSIF
ISS054-E-2087,MASSIF
ISS054-E-2088,MASSIF
ISS055-E-6962,MASSIF
ISS055-E-6963,MASSIF
ISS055-E-73875,MASSIF
ISS055-E-73876,MASSIF
ISS055-E-73877,MASSIF
ISS055-E-73878,MASSIF
ISS055-E-73879,MASSIF
STS008-35-1327,MASSIF
STS008-35-1328,MASSIF
STS008-35-1329,MASSIF
STS008-35-1330,MASSIF
STS008-35-1331,MASSIF
STS008-35-1332,MASSIF
STS008-37-1937,MASSIF
STS008-44-623,MASSIF
STS008-44-624,MASSIF
STS008-48-2508,MASSIF
STS008-48-2509,MASSIF
STS009-37-1860,MASSIF
STS009-37-1861,MASSIF
STS052-90-71,MASSIF
STS052-90-72,MASSIF
STS055-89-66,MASSIF
STS055-89-67,MASSIF
STS055-89-68,MASSIF
STS055-89-69,MASSIF
STS067-719A-56,MASSIF
STS067-719A-57,MASSIF
STS073-E-5182,MASSIF
STS077-160-97,MASSIF
STS077-160-98,MASSIF
STS096-724-13,MASSIF
STS096-724-14,MASSIF
STS099-742-28,MASSIF
STS099-742-29,MASSIF
STS099-742-30,MASSIF
STS099-755-72,MASSIF
STS099-755-76,MASSIF
STS099-755-77,MASSIF
STS102-717-64,MASSIF
STS104-726-72,MASSIF
STS104-726-73,MASSIF
STS104-726-75,MASSIF
STS106-701-85_2,MASSIF
STS107-E-5888,MASSIF
STS107-E-5889,MASSIF
STS107-E-5890,MASSIF
STS107-E-5891,MASSIF
STS107-E-5892,MASSIF
STS107-E-5893,MASSIF
STS112-701-2,MASSIF
STS112-701-3,MASSIF
STS112-701-4,MASSIF
STS115-E-5652,MASSIF
STS116-E-7565,MASSIF
STS126-E-14154,MASSIF
STS126-E-14155,MASSIF
STS130-E-9534,MASSIF
STS130-E-9535,MASSIF
STS131-E-11431,MASSIF
STS131-E-11432,MASSIF
STS132-E-12544,MASSIF
STS132-E-12545,MASSIF
STS132-E-12546,MASSIF
STS132-E-12547,MASSIF
