AS07-5-1621,MOGOTE-MESA-BUTE
AS09-23-3532,MOGOTE-MESA-BUTE
AS09-23-3533,MOGOTE-MESA-BUTE
ISS005-E-16029,MOGOTE-MESA-BUTE
ISS005-E-16221,MOGOTE-MESA-BUTE
ISS005-E-16222,MOGOTE-MESA-BUTE
ISS005-E-20650,MOGOTE-MESA-BUTE
ISS005-E-20665,MOGOTE-MESA-BUTE
ISS005-E-21378,MOGOTE-MESA-BUTE
ISS005-E-21850,MOGOTE-MESA-BUTE
ISS005-E-5665,MOGOTE-MESA-BUTE
ISS006-E-12910,MOGOTE-MESA-BUTE
ISS006-E-16060,MOGOTE-MESA-BUTE
ISS006-E-16061,MOGOTE-MESA-BUTE
ISS006-E-41870,MOGOTE-MESA-BUTE
ISS006-E-41874,MOGOTE-MESA-BUTE
ISS006-E-41875,MOGOTE-MESA-BUTE
ISS006-E-41876,MOGOTE-MESA-BUTE
ISS006-E-41877,MOGOTE-MESA-BUTE
ISS007-E-15145,MOGOTE-MESA-BUTE
ISS009-E-13344,MOGOTE-MESA-BUTE
ISS009-E-13345,MOGOTE-MESA-BUTE
ISS009-E-13346,MOGOTE-MESA-BUTE
ISS009-E-13347,MOGOTE-MESA-BUTE
ISS009-E-19971,MOGOTE-MESA-BUTE
ISS009-E-19972,MOGOTE-MESA-BUTE
ISS009-E-19973,MOGOTE-MESA-BUTE
ISS009-E-19989,MOGOTE-MESA-BUTE
ISS009-E-19990,MOGOTE-MESA-BUTE
ISS009-E-19991,MOGOTE-MESA-BUTE
ISS009-E-19996,MOGOTE-MESA-BUTE
ISS009-E-19997,MOGOTE-MESA-BUTE
ISS009-E-23294,MOGOTE-MESA-BUTE
ISS009-E-23297,MOGOTE-MESA-BUTE
ISS009-E-23298,MOGOTE-MESA-BUTE
ISS009-E-23299,MOGOTE-MESA-BUTE
ISS009-E-25449,MOGOTE-MESA-BUTE
ISS009-E-25450,MOGOTE-MESA-BUTE
ISS009-E-25451,MOGOTE-MESA-BUTE
ISS009-E-25452,MOGOTE-MESA-BUTE
ISS009-E-25453,MOGOTE-MESA-BUTE
ISS009-E-25454,MOGOTE-MESA-BUTE
ISS009-E-25455,MOGOTE-MESA-BUTE
ISS009-E-25870,MOGOTE-MESA-BUTE
ISS009-E-27922,MOGOTE-MESA-BUTE
ISS009-E-27923,MOGOTE-MESA-BUTE
ISS009-E-27924,MOGOTE-MESA-BUTE
ISS009-E-27925,MOGOTE-MESA-BUTE
ISS009-E-28904,MOGOTE-MESA-BUTE
ISS009-E-8418,MOGOTE-MESA-BUTE
ISS009-E-8419,MOGOTE-MESA-BUTE
ISS010-E-10989,MOGOTE-MESA-BUTE
ISS010-E-10990,MOGOTE-MESA-BUTE
ISS010-E-10991,MOGOTE-MESA-BUTE
ISS010-E-10992,MOGOTE-MESA-BUTE
ISS010-E-10994,MOGOTE-MESA-BUTE
ISS010-E-10995,MOGOTE-MESA-BUTE
ISS010-E-25503,MOGOTE-MESA-BUTE
ISS010-E-25504,MOGOTE-MESA-BUTE
ISS010-E-25505,MOGOTE-MESA-BUTE
ISS010-E-25506,MOGOTE-MESA-BUTE
ISS010-E-25507,MOGOTE-MESA-BUTE
ISS010-E-25508,MOGOTE-MESA-BUTE
ISS010-E-26112,MOGOTE-MESA-BUTE
ISS010-E-26124,MOGOTE-MESA-BUTE
ISS010-E-26125,MOGOTE-MESA-BUTE
ISS011-E-13050,MOGOTE-MESA-BUTE
ISS011-E-13051,MOGOTE-MESA-BUTE
ISS011-E-8332,MOGOTE-MESA-BUTE
ISS012-E-10877,MOGOTE-MESA-BUTE
ISS012-E-10878,MOGOTE-MESA-BUTE
ISS012-E-11803,MOGOTE-MESA-BUTE
ISS012-E-16552,MOGOTE-MESA-BUTE
ISS012-E-16553,MOGOTE-MESA-BUTE
ISS012-E-16554,MOGOTE-MESA-BUTE
ISS012-E-16556,MOGOTE-MESA-BUTE
ISS012-E-18728,MOGOTE-MESA-BUTE
ISS012-E-21087,MOGOTE-MESA-BUTE
ISS012-E-21144,MOGOTE-MESA-BUTE
ISS012-E-21145,MOGOTE-MESA-BUTE
ISS012-E-21146,MOGOTE-MESA-BUTE
ISS012-E-21147,MOGOTE-MESA-BUTE
ISS012-E-21148,MOGOTE-MESA-BUTE
ISS012-E-21149,MOGOTE-MESA-BUTE
ISS012-E-21150,MOGOTE-MESA-BUTE
ISS012-E-21151,MOGOTE-MESA-BUTE
ISS012-E-21152,MOGOTE-MESA-BUTE
ISS012-E-21153,MOGOTE-MESA-BUTE
ISS012-E-21154,MOGOTE-MESA-BUTE
ISS012-E-6987,MOGOTE-MESA-BUTE
ISS012-E-6988,MOGOTE-MESA-BUTE
ISS012-E-6989,MOGOTE-MESA-BUTE
ISS012-E-6990,MOGOTE-MESA-BUTE
ISS012-E-6991,MOGOTE-MESA-BUTE
ISS012-E-6996,MOGOTE-MESA-BUTE
ISS012-E-6997,MOGOTE-MESA-BUTE
ISS012-E-6998,MOGOTE-MESA-BUTE
ISS012-E-6999,MOGOTE-MESA-BUTE
ISS012-E-7000,MOGOTE-MESA-BUTE
ISS012-E-7001,MOGOTE-MESA-BUTE
ISS012-E-7002,MOGOTE-MESA-BUTE
ISS012-E-7003,MOGOTE-MESA-BUTE
ISS012-E-7004,MOGOTE-MESA-BUTE
ISS012-E-7205,MOGOTE-MESA-BUTE
ISS012-E-7206,MOGOTE-MESA-BUTE
ISS012-E-7207,MOGOTE-MESA-BUTE
ISS012-E-7208,MOGOTE-MESA-BUTE
ISS012-E-7209,MOGOTE-MESA-BUTE
ISS012-E-7210,MOGOTE-MESA-BUTE
ISS012-E-7211,MOGOTE-MESA-BUTE
ISS013-E-14456,MOGOTE-MESA-BUTE
ISS013-E-14457,MOGOTE-MESA-BUTE
ISS013-E-21136,MOGOTE-MESA-BUTE
ISS013-E-21137,MOGOTE-MESA-BUTE
ISS013-E-21138,MOGOTE-MESA-BUTE
ISS013-E-21242,MOGOTE-MESA-BUTE
ISS013-E-21243,MOGOTE-MESA-BUTE
ISS013-E-21244,MOGOTE-MESA-BUTE
ISS013-E-21245,MOGOTE-MESA-BUTE
ISS013-E-22290,MOGOTE-MESA-BUTE
ISS013-E-22291,MOGOTE-MESA-BUTE
ISS013-E-22292,MOGOTE-MESA-BUTE
ISS013-E-22293,MOGOTE-MESA-BUTE
ISS013-E-22515,MOGOTE-MESA-BUTE
ISS013-E-22516,MOGOTE-MESA-BUTE
ISS013-E-22517,MOGOTE-MESA-BUTE
ISS013-E-22541,MOGOTE-MESA-BUTE
ISS013-E-22542,MOGOTE-MESA-BUTE
ISS013-E-22543,MOGOTE-MESA-BUTE
ISS013-E-22544,MOGOTE-MESA-BUTE
ISS013-E-78125,MOGOTE-MESA-BUTE
ISS013-E-82420,MOGOTE-MESA-BUTE
ISS013-E-83189,MOGOTE-MESA-BUTE
ISS014-E-11242,MOGOTE-MESA-BUTE
ISS014-E-11243,MOGOTE-MESA-BUTE
ISS014-E-12074,MOGOTE-MESA-BUTE
ISS014-E-14379,MOGOTE-MESA-BUTE
ISS014-E-14380,MOGOTE-MESA-BUTE
ISS014-E-14381,MOGOTE-MESA-BUTE
ISS014-E-16641,MOGOTE-MESA-BUTE
ISS014-E-7474,MOGOTE-MESA-BUTE
ISS014-E-7475,MOGOTE-MESA-BUTE
ISS014-E-7476,MOGOTE-MESA-BUTE
ISS014-E-7477,MOGOTE-MESA-BUTE
ISS014-E-7478,MOGOTE-MESA-BUTE
ISS014-E-7479,MOGOTE-MESA-BUTE
ISS015-E-17359,MOGOTE-MESA-BUTE
ISS015-E-33820,MOGOTE-MESA-BUTE
ISS015-E-33821,MOGOTE-MESA-BUTE
ISS015-E-33822,MOGOTE-MESA-BUTE
ISS015-E-33823,MOGOTE-MESA-BUTE
ISS015-E-33824,MOGOTE-MESA-BUTE
ISS015-E-33825,MOGOTE-MESA-BUTE
ISS015-E-33826,MOGOTE-MESA-BUTE
ISS015-E-33827,MOGOTE-MESA-BUTE
ISS015-E-33828,MOGOTE-MESA-BUTE
ISS015-E-33829,MOGOTE-MESA-BUTE
ISS015-E-33830,MOGOTE-MESA-BUTE
ISS015-E-33831,MOGOTE-MESA-BUTE
ISS015-E-33832,MOGOTE-MESA-BUTE
ISS015-E-33833,MOGOTE-MESA-BUTE
ISS015-E-33834,MOGOTE-MESA-BUTE
ISS015-E-33835,MOGOTE-MESA-BUTE
ISS015-E-33836,MOGOTE-MESA-BUTE
ISS015-E-5365,MOGOTE-MESA-BUTE
ISS016-E-16627,MOGOTE-MESA-BUTE
ISS016-E-16628,MOGOTE-MESA-BUTE
ISS016-E-16997,MOGOTE-MESA-BUTE
ISS016-E-35087,MOGOTE-MESA-BUTE
ISS016-E-35109,MOGOTE-MESA-BUTE
ISS016-E-36178,MOGOTE-MESA-BUTE
ISS016-E-7443,MOGOTE-MESA-BUTE
ISS017-E-21406,MOGOTE-MESA-BUTE
ISS017-E-21407,MOGOTE-MESA-BUTE
ISS017-E-21408,MOGOTE-MESA-BUTE
ISS018-E-21060,MOGOTE-MESA-BUTE
ISS018-E-27093,MOGOTE-MESA-BUTE
ISS018-E-27094,MOGOTE-MESA-BUTE
ISS018-E-27095,MOGOTE-MESA-BUTE
ISS018-E-27096,MOGOTE-MESA-BUTE
ISS018-E-28546,MOGOTE-MESA-BUTE
ISS018-E-28547,MOGOTE-MESA-BUTE
ISS018-E-43491,MOGOTE-MESA-BUTE
ISS018-E-43492,MOGOTE-MESA-BUTE
ISS018-E-43493,MOGOTE-MESA-BUTE
ISS018-E-43813,MOGOTE-MESA-BUTE
ISS018-E-43818,MOGOTE-MESA-BUTE
ISS018-E-43819,MOGOTE-MESA-BUTE
ISS018-E-44907,MOGOTE-MESA-BUTE
ISS018-E-5607,MOGOTE-MESA-BUTE
ISS018-E-5608,MOGOTE-MESA-BUTE
ISS018-E-5609,MOGOTE-MESA-BUTE
ISS018-E-5610,MOGOTE-MESA-BUTE
ISS018-E-5611,MOGOTE-MESA-BUTE
ISS018-E-5612,MOGOTE-MESA-BUTE
ISS018-E-5613,MOGOTE-MESA-BUTE
ISS018-E-6152,MOGOTE-MESA-BUTE
ISS018-E-6153,MOGOTE-MESA-BUTE
ISS018-E-6154,MOGOTE-MESA-BUTE
ISS018-E-6988,MOGOTE-MESA-BUTE
ISS019-E-10556,MOGOTE-MESA-BUTE
ISS019-E-10557,MOGOTE-MESA-BUTE
ISS019-E-10558,MOGOTE-MESA-BUTE
ISS019-E-11798,MOGOTE-MESA-BUTE
ISS019-E-11799,MOGOTE-MESA-BUTE
ISS019-E-11800,MOGOTE-MESA-BUTE
ISS019-E-11801,MOGOTE-MESA-BUTE
ISS019-E-11802,MOGOTE-MESA-BUTE
ISS019-E-11803,MOGOTE-MESA-BUTE
ISS019-E-12245,MOGOTE-MESA-BUTE
ISS019-E-12246,MOGOTE-MESA-BUTE
ISS019-E-12251,MOGOTE-MESA-BUTE
ISS019-E-12252,MOGOTE-MESA-BUTE
ISS019-E-12253,MOGOTE-MESA-BUTE
ISS019-E-12254,MOGOTE-MESA-BUTE
ISS019-E-21940,MOGOTE-MESA-BUTE
ISS019-E-21941,MOGOTE-MESA-BUTE
ISS019-E-22171,MOGOTE-MESA-BUTE
ISS019-E-22172,MOGOTE-MESA-BUTE
ISS019-E-22173,MOGOTE-MESA-BUTE
ISS019-E-22174,MOGOTE-MESA-BUTE
ISS020-E-15075,MOGOTE-MESA-BUTE
ISS020-E-20308,MOGOTE-MESA-BUTE
ISS020-E-20309,MOGOTE-MESA-BUTE
ISS020-E-20310,MOGOTE-MESA-BUTE
ISS020-E-20311,MOGOTE-MESA-BUTE
ISS020-E-20312,MOGOTE-MESA-BUTE
ISS020-E-20313,MOGOTE-MESA-BUTE
ISS020-E-20314,MOGOTE-MESA-BUTE
ISS020-E-20315,MOGOTE-MESA-BUTE
ISS020-E-20316,MOGOTE-MESA-BUTE
ISS020-E-20317,MOGOTE-MESA-BUTE
ISS020-E-20318,MOGOTE-MESA-BUTE
ISS020-E-20319,MOGOTE-MESA-BUTE
ISS020-E-20320,MOGOTE-MESA-BUTE
ISS020-E-20321,MOGOTE-MESA-BUTE
ISS020-E-20322,MOGOTE-MESA-BUTE
ISS020-E-20323,MOGOTE-MESA-BUTE
ISS020-E-20324,MOGOTE-MESA-BUTE
ISS020-E-20325,MOGOTE-MESA-BUTE
ISS020-E-20326,MOGOTE-MESA-BUTE
ISS020-E-20327,MOGOTE-MESA-BUTE
ISS020-E-20328,MOGOTE-MESA-BUTE
ISS020-E-29151,MOGOTE-MESA-BUTE
ISS020-E-29152,MOGOTE-MESA-BUTE
ISS020-E-32361,MOGOTE-MESA-BUTE
ISS020-E-32362,MOGOTE-MESA-BUTE
ISS020-E-32363,MOGOTE-MESA-BUTE
ISS020-E-33399,MOGOTE-MESA-BUTE
ISS020-E-33400,MOGOTE-MESA-BUTE
ISS020-E-33896,MOGOTE-MESA-BUTE
ISS020-E-33898,MOGOTE-MESA-BUTE
ISS020-E-33903,MOGOTE-MESA-BUTE
ISS020-E-33904,MOGOTE-MESA-BUTE
ISS020-E-33905,MOGOTE-MESA-BUTE
ISS020-E-33906,MOGOTE-MESA-BUTE
ISS020-E-36142,MOGOTE-MESA-BUTE
ISS020-E-42434,MOGOTE-MESA-BUTE
ISS020-E-42435,MOGOTE-MESA-BUTE
ISS020-E-42436,MOGOTE-MESA-BUTE
ISS020-E-43725,MOGOTE-MESA-BUTE
ISS020-E-43726,MOGOTE-MESA-BUTE
ISS020-E-43727,MOGOTE-MESA-BUTE
ISS020-E-43728,MOGOTE-MESA-BUTE
ISS020-E-43729,MOGOTE-MESA-BUTE
ISS020-E-43730,MOGOTE-MESA-BUTE
ISS020-E-43731,MOGOTE-MESA-BUTE
ISS020-E-43732,MOGOTE-MESA-BUTE
ISS020-E-43733,MOGOTE-MESA-BUTE
ISS020-E-43734,MOGOTE-MESA-BUTE
ISS020-E-43735,MOGOTE-MESA-BUTE
ISS020-E-43736,MOGOTE-MESA-BUTE
ISS020-E-44585,MOGOTE-MESA-BUTE
ISS020-E-44586,MOGOTE-MESA-BUTE
ISS020-E-45364,MOGOTE-MESA-BUTE
ISS020-E-45365,MOGOTE-MESA-BUTE
ISS020-E-8421,MOGOTE-MESA-BUTE
ISS020-E-8422,MOGOTE-MESA-BUTE
ISS021-E-24402,MOGOTE-MESA-BUTE
ISS021-E-24437,MOGOTE-MESA-BUTE
ISS021-E-26778,MOGOTE-MESA-BUTE
ISS021-E-26779,MOGOTE-MESA-BUTE
ISS021-E-26780,MOGOTE-MESA-BUTE
ISS022-E-100625,MOGOTE-MESA-BUTE
ISS022-E-100626,MOGOTE-MESA-BUTE
ISS022-E-100627,MOGOTE-MESA-BUTE
ISS022-E-101761,MOGOTE-MESA-BUTE
ISS022-E-101910,MOGOTE-MESA-BUTE
ISS022-E-10488,MOGOTE-MESA-BUTE
ISS022-E-10489,MOGOTE-MESA-BUTE
ISS022-E-10490,MOGOTE-MESA-BUTE
ISS022-E-10491,MOGOTE-MESA-BUTE
ISS022-E-10913,MOGOTE-MESA-BUTE
ISS022-E-10914,MOGOTE-MESA-BUTE
ISS022-E-10915,MOGOTE-MESA-BUTE
ISS022-E-10942,MOGOTE-MESA-BUTE
ISS022-E-10945,MOGOTE-MESA-BUTE
ISS022-E-10947,MOGOTE-MESA-BUTE
ISS022-E-10948,MOGOTE-MESA-BUTE
ISS022-E-10960,MOGOTE-MESA-BUTE
ISS022-E-24113,MOGOTE-MESA-BUTE
ISS022-E-24114,MOGOTE-MESA-BUTE
ISS022-E-24115,MOGOTE-MESA-BUTE
ISS022-E-24116,MOGOTE-MESA-BUTE
ISS022-E-28179,MOGOTE-MESA-BUTE
ISS022-E-28180,MOGOTE-MESA-BUTE
ISS022-E-28181,MOGOTE-MESA-BUTE
ISS022-E-28182,MOGOTE-MESA-BUTE
ISS022-E-32154,MOGOTE-MESA-BUTE
ISS022-E-32155,MOGOTE-MESA-BUTE
ISS022-E-32156,MOGOTE-MESA-BUTE
ISS022-E-32157,MOGOTE-MESA-BUTE
ISS022-E-32158,MOGOTE-MESA-BUTE
ISS022-E-37817,MOGOTE-MESA-BUTE
ISS022-E-40964,MOGOTE-MESA-BUTE
ISS022-E-40965,MOGOTE-MESA-BUTE
ISS022-E-40966,MOGOTE-MESA-BUTE
ISS022-E-40967,MOGOTE-MESA-BUTE
ISS022-E-40968,MOGOTE-MESA-BUTE
ISS022-E-40972,MOGOTE-MESA-BUTE
ISS022-E-40973,MOGOTE-MESA-BUTE
ISS022-E-40975,MOGOTE-MESA-BUTE
ISS022-E-40976,MOGOTE-MESA-BUTE
ISS022-E-6742,MOGOTE-MESA-BUTE
ISS022-E-6745,MOGOTE-MESA-BUTE
ISS022-E-6746,MOGOTE-MESA-BUTE
ISS022-E-6747,MOGOTE-MESA-BUTE
ISS022-E-6795,MOGOTE-MESA-BUTE
ISS022-E-77514,MOGOTE-MESA-BUTE
ISS022-E-77515,MOGOTE-MESA-BUTE
ISS022-E-77516,MOGOTE-MESA-BUTE
ISS022-E-77517,MOGOTE-MESA-BUTE
ISS022-E-77518,MOGOTE-MESA-BUTE
ISS022-E-77519,MOGOTE-MESA-BUTE
ISS022-E-77520,MOGOTE-MESA-BUTE
ISS022-E-77521,MOGOTE-MESA-BUTE
ISS022-E-77522,MOGOTE-MESA-BUTE
ISS022-E-77523,MOGOTE-MESA-BUTE
ISS022-E-77524,MOGOTE-MESA-BUTE
ISS022-E-77525,MOGOTE-MESA-BUTE
ISS022-E-77526,MOGOTE-MESA-BUTE
ISS022-E-77527,MOGOTE-MESA-BUTE
ISS022-E-77528,MOGOTE-MESA-BUTE
ISS022-E-77529,MOGOTE-MESA-BUTE
ISS022-E-77530,MOGOTE-MESA-BUTE
ISS022-E-77531,MOGOTE-MESA-BUTE
ISS022-E-77532,MOGOTE-MESA-BUTE
ISS022-E-77533,MOGOTE-MESA-BUTE
ISS022-E-77534,MOGOTE-MESA-BUTE
ISS022-E-77535,MOGOTE-MESA-BUTE
ISS022-E-77536,MOGOTE-MESA-BUTE
ISS022-E-77537,MOGOTE-MESA-BUTE
ISS022-E-77538,MOGOTE-MESA-BUTE
ISS022-E-77539,MOGOTE-MESA-BUTE
ISS022-E-77540,MOGOTE-MESA-BUTE
ISS022-E-77541,MOGOTE-MESA-BUTE
ISS022-E-77542,MOGOTE-MESA-BUTE
ISS022-E-77543,MOGOTE-MESA-BUTE
ISS022-E-77544,MOGOTE-MESA-BUTE
ISS022-E-77545,MOGOTE-MESA-BUTE
ISS022-E-77546,MOGOTE-MESA-BUTE
ISS022-E-77547,MOGOTE-MESA-BUTE
ISS022-E-77548,MOGOTE-MESA-BUTE
ISS022-E-77549,MOGOTE-MESA-BUTE
ISS022-E-77550,MOGOTE-MESA-BUTE
ISS022-E-77551,MOGOTE-MESA-BUTE
ISS022-E-77552,MOGOTE-MESA-BUTE
ISS022-E-77553,MOGOTE-MESA-BUTE
ISS022-E-77554,MOGOTE-MESA-BUTE
ISS022-E-77555,MOGOTE-MESA-BUTE
ISS022-E-77556,MOGOTE-MESA-BUTE
ISS022-E-77557,MOGOTE-MESA-BUTE
ISS022-E-85894,MOGOTE-MESA-BUTE
ISS022-E-92579,MOGOTE-MESA-BUTE
ISS022-E-9304,MOGOTE-MESA-BUTE
ISS022-E-9305,MOGOTE-MESA-BUTE
ISS022-E-9306,MOGOTE-MESA-BUTE
ISS022-E-9307,MOGOTE-MESA-BUTE
ISS022-E-9308,MOGOTE-MESA-BUTE
ISS022-E-9309,MOGOTE-MESA-BUTE
ISS022-E-9310,MOGOTE-MESA-BUTE
ISS022-E-93823,MOGOTE-MESA-BUTE
ISS022-E-93824,MOGOTE-MESA-BUTE
ISS022-E-93825,MOGOTE-MESA-BUTE
ISS022-E-93826,MOGOTE-MESA-BUTE
ISS022-E-95528,MOGOTE-MESA-BUTE
ISS022-E-98413,MOGOTE-MESA-BUTE
ISS022-E-98414,MOGOTE-MESA-BUTE
ISS022-E-98415,MOGOTE-MESA-BUTE
ISS022-E-98416,MOGOTE-MESA-BUTE
ISS022-E-98417,MOGOTE-MESA-BUTE
ISS025-E-19260,MOGOTE-MESA-BUTE
ISS025-E-19261,MOGOTE-MESA-BUTE
ISS025-E-19763,MOGOTE-MESA-BUTE
ISS025-E-19764,MOGOTE-MESA-BUTE
ISS025-E-23214,MOGOTE-MESA-BUTE
ISS025-E-23217,MOGOTE-MESA-BUTE
ISS025-E-23326,MOGOTE-MESA-BUTE
ISS025-E-23327,MOGOTE-MESA-BUTE
ISS025-E-23336,MOGOTE-MESA-BUTE
ISS025-E-23337,MOGOTE-MESA-BUTE
ISS025-E-23340,MOGOTE-MESA-BUTE
ISS025-E-23341,MOGOTE-MESA-BUTE
ISS025-E-23344,MOGOTE-MESA-BUTE
ISS025-E-23345,MOGOTE-MESA-BUTE
ISS025-E-23346,MOGOTE-MESA-BUTE
ISS025-E-23347,MOGOTE-MESA-BUTE
ISS026-E-15605,MOGOTE-MESA-BUTE
ISS026-E-15606,MOGOTE-MESA-BUTE
ISS026-E-15607,MOGOTE-MESA-BUTE
ISS026-E-15608,MOGOTE-MESA-BUTE
ISS026-E-15609,MOGOTE-MESA-BUTE
ISS026-E-15610,MOGOTE-MESA-BUTE
ISS026-E-15611,MOGOTE-MESA-BUTE
ISS026-E-15612,MOGOTE-MESA-BUTE
ISS026-E-15613,MOGOTE-MESA-BUTE
ISS026-E-15614,MOGOTE-MESA-BUTE
ISS026-E-15615,MOGOTE-MESA-BUTE
ISS026-E-15616,MOGOTE-MESA-BUTE
ISS026-E-15617,MOGOTE-MESA-BUTE
ISS026-E-29645,MOGOTE-MESA-BUTE
ISS026-E-29646,MOGOTE-MESA-BUTE
ISS026-E-29647,MOGOTE-MESA-BUTE
ISS026-E-29648,MOGOTE-MESA-BUTE
ISS026-E-29649,MOGOTE-MESA-BUTE
ISS026-E-29650,MOGOTE-MESA-BUTE
ISS026-E-29651,MOGOTE-MESA-BUTE
ISS026-E-37492,MOGOTE-MESA-BUTE
ISS026-E-37493,MOGOTE-MESA-BUTE
ISS026-E-6837,MOGOTE-MESA-BUTE
ISS026-E-6838,MOGOTE-MESA-BUTE
ISS026-E-6839,MOGOTE-MESA-BUTE
ISS026-E-6840,MOGOTE-MESA-BUTE
ISS026-E-6841,MOGOTE-MESA-BUTE
ISS026-E-6842,MOGOTE-MESA-BUTE
ISS026-E-8310,MOGOTE-MESA-BUTE
ISS027-E-10768,MOGOTE-MESA-BUTE
ISS027-E-10769,MOGOTE-MESA-BUTE
ISS027-E-10770,MOGOTE-MESA-BUTE
ISS027-E-10771,MOGOTE-MESA-BUTE
ISS027-E-10772,MOGOTE-MESA-BUTE
ISS027-E-10773,MOGOTE-MESA-BUTE
ISS027-E-10776,MOGOTE-MESA-BUTE
ISS027-E-12550,MOGOTE-MESA-BUTE
ISS027-E-12551,MOGOTE-MESA-BUTE
ISS027-E-12552,MOGOTE-MESA-BUTE
ISS027-E-12554,MOGOTE-MESA-BUTE
ISS027-E-12558,MOGOTE-MESA-BUTE
ISS027-E-12559,MOGOTE-MESA-BUTE
ISS027-E-12560,MOGOTE-MESA-BUTE
ISS027-E-12561,MOGOTE-MESA-BUTE
ISS027-E-12562,MOGOTE-MESA-BUTE
ISS027-E-12563,MOGOTE-MESA-BUTE
ISS027-E-12564,MOGOTE-MESA-BUTE
ISS027-E-12565,MOGOTE-MESA-BUTE
ISS027-E-12566,MOGOTE-MESA-BUTE
ISS027-E-12567,MOGOTE-MESA-BUTE
ISS027-E-12568,MOGOTE-MESA-BUTE
ISS027-E-12569,MOGOTE-MESA-BUTE
ISS027-E-12570,MOGOTE-MESA-BUTE
ISS027-E-12571,MOGOTE-MESA-BUTE
ISS027-E-12679,MOGOTE-MESA-BUTE
ISS027-E-12680,MOGOTE-MESA-BUTE
ISS027-E-12681,MOGOTE-MESA-BUTE
ISS027-E-12682,MOGOTE-MESA-BUTE
ISS027-E-12683,MOGOTE-MESA-BUTE
ISS027-E-12684,MOGOTE-MESA-BUTE
ISS027-E-7237,MOGOTE-MESA-BUTE
ISS027-E-7238,MOGOTE-MESA-BUTE
ISS027-E-7239,MOGOTE-MESA-BUTE
ISS028-E-19659,MOGOTE-MESA-BUTE
ISS028-E-19660,MOGOTE-MESA-BUTE
ISS028-E-19663,MOGOTE-MESA-BUTE
ISS028-E-19664,MOGOTE-MESA-BUTE
ISS029-E-36027,MOGOTE-MESA-BUTE
ISS029-E-36028,MOGOTE-MESA-BUTE
ISS029-E-36029,MOGOTE-MESA-BUTE
ISS029-E-36030,MOGOTE-MESA-BUTE
ISS029-E-7994,MOGOTE-MESA-BUTE
ISS029-E-9430,MOGOTE-MESA-BUTE
ISS029-E-9431,MOGOTE-MESA-BUTE
ISS030-E-5146,MOGOTE-MESA-BUTE
ISS031-E-31471,MOGOTE-MESA-BUTE
ISS031-E-31472,MOGOTE-MESA-BUTE
ISS031-E-31473,MOGOTE-MESA-BUTE
ISS032-E-10482,MOGOTE-MESA-BUTE
ISS033-E-15746,MOGOTE-MESA-BUTE
ISS034-E-11123,MOGOTE-MESA-BUTE
ISS034-E-11124,MOGOTE-MESA-BUTE
ISS034-E-11125,MOGOTE-MESA-BUTE
ISS034-E-11126,MOGOTE-MESA-BUTE
ISS034-E-11127,MOGOTE-MESA-BUTE
ISS034-E-11128,MOGOTE-MESA-BUTE
ISS034-E-11129,MOGOTE-MESA-BUTE
ISS034-E-11130,MOGOTE-MESA-BUTE
ISS034-E-11131,MOGOTE-MESA-BUTE
ISS034-E-11132,MOGOTE-MESA-BUTE
ISS034-E-11133,MOGOTE-MESA-BUTE
ISS034-E-11134,MOGOTE-MESA-BUTE
ISS034-E-11135,MOGOTE-MESA-BUTE
ISS034-E-42247,MOGOTE-MESA-BUTE
ISS034-E-42248,MOGOTE-MESA-BUTE
ISS034-E-42249,MOGOTE-MESA-BUTE
ISS034-E-48887,MOGOTE-MESA-BUTE
ISS034-E-65550,MOGOTE-MESA-BUTE
ISS034-E-65551,MOGOTE-MESA-BUTE
ISS034-E-65552,MOGOTE-MESA-BUTE
ISS034-E-65553,MOGOTE-MESA-BUTE
ISS034-E-70677,MOGOTE-MESA-BUTE
ISS035-E-20577,MOGOTE-MESA-BUTE
ISS036-E-3497,MOGOTE-MESA-BUTE
ISS036-E-3498,MOGOTE-MESA-BUTE
ISS036-E-3499,MOGOTE-MESA-BUTE
ISS036-E-3500,MOGOTE-MESA-BUTE
ISS036-E-3502,MOGOTE-MESA-BUTE
ISS036-E-3503,MOGOTE-MESA-BUTE
ISS036-E-3504,MOGOTE-MESA-BUTE
ISS036-E-3505,MOGOTE-MESA-BUTE
ISS036-E-3506,MOGOTE-MESA-BUTE
ISS036-E-3507,MOGOTE-MESA-BUTE
ISS036-E-3508,MOGOTE-MESA-BUTE
ISS036-E-3509,MOGOTE-MESA-BUTE
ISS036-E-3510,MOGOTE-MESA-BUTE
ISS037-E-12010,MOGOTE-MESA-BUTE
ISS037-E-12011,MOGOTE-MESA-BUTE
ISS037-E-14478,MOGOTE-MESA-BUTE
ISS037-E-14480,MOGOTE-MESA-BUTE
ISS037-E-26752,MOGOTE-MESA-BUTE
ISS037-E-26753,MOGOTE-MESA-BUTE
ISS037-E-26754,MOGOTE-MESA-BUTE
ISS037-E-26755,MOGOTE-MESA-BUTE
ISS037-E-26756,MOGOTE-MESA-BUTE
ISS037-E-26757,MOGOTE-MESA-BUTE
ISS037-E-26758,MOGOTE-MESA-BUTE
ISS037-E-26759,MOGOTE-MESA-BUTE
ISS037-E-26760,MOGOTE-MESA-BUTE
ISS037-E-26761,MOGOTE-MESA-BUTE
ISS037-E-26762,MOGOTE-MESA-BUTE
ISS037-E-26763,MOGOTE-MESA-BUTE
ISS037-E-26764,MOGOTE-MESA-BUTE
ISS037-E-26765,MOGOTE-MESA-BUTE
ISS037-E-26766,MOGOTE-MESA-BUTE
ISS037-E-26767,MOGOTE-MESA-BUTE
ISS037-E-26768,MOGOTE-MESA-BUTE
ISS037-E-26769,MOGOTE-MESA-BUTE
ISS037-E-2989,MOGOTE-MESA-BUTE
ISS037-E-2990,MOGOTE-MESA-BUTE
ISS038-E-1351,MOGOTE-MESA-BUTE
ISS038-E-1352,MOGOTE-MESA-BUTE
ISS038-E-1353,MOGOTE-MESA-BUTE
ISS038-E-1354,MOGOTE-MESA-BUTE
ISS038-E-26862,MOGOTE-MESA-BUTE
ISS039-E-11925,MOGOTE-MESA-BUTE
ISS039-E-11926,MOGOTE-MESA-BUTE
ISS039-E-1498,MOGOTE-MESA-BUTE
ISS039-E-1499,MOGOTE-MESA-BUTE
ISS039-E-1500,MOGOTE-MESA-BUTE
ISS039-E-2157,MOGOTE-MESA-BUTE
ISS039-E-2158,MOGOTE-MESA-BUTE
ISS039-E-2159,MOGOTE-MESA-BUTE
ISS039-E-2160,MOGOTE-MESA-BUTE
ISS039-E-2161,MOGOTE-MESA-BUTE
ISS039-E-21826,MOGOTE-MESA-BUTE
ISS039-E-21827,MOGOTE-MESA-BUTE
ISS040-E-112596,MOGOTE-MESA-BUTE
ISS040-E-112597,MOGOTE-MESA-BUTE
ISS040-E-112598,MOGOTE-MESA-BUTE
ISS040-E-112599,MOGOTE-MESA-BUTE
ISS040-E-112600,MOGOTE-MESA-BUTE
ISS040-E-112601,MOGOTE-MESA-BUTE
ISS040-E-54844,MOGOTE-MESA-BUTE
ISS040-E-54845,MOGOTE-MESA-BUTE
ISS040-E-54846,MOGOTE-MESA-BUTE
ISS040-E-54847,MOGOTE-MESA-BUTE
ISS040-E-54848,MOGOTE-MESA-BUTE
ISS040-E-54849,MOGOTE-MESA-BUTE
ISS040-E-54850,MOGOTE-MESA-BUTE
ISS040-E-54851,MOGOTE-MESA-BUTE
ISS040-E-54864,MOGOTE-MESA-BUTE
ISS040-E-54865,MOGOTE-MESA-BUTE
ISS040-E-81024,MOGOTE-MESA-BUTE
ISS040-E-81025,MOGOTE-MESA-BUTE
ISS040-E-81026,MOGOTE-MESA-BUTE
ISS040-E-81027,MOGOTE-MESA-BUTE
ISS040-E-81028,MOGOTE-MESA-BUTE
ISS041-E-20294,MOGOTE-MESA-BUTE
ISS041-E-20295,MOGOTE-MESA-BUTE
ISS041-E-20296,MOGOTE-MESA-BUTE
ISS043-E-182391,MOGOTE-MESA-BUTE
ISS043-E-182392,MOGOTE-MESA-BUTE
ISS043-E-182393,MOGOTE-MESA-BUTE
ISS043-E-182394,MOGOTE-MESA-BUTE
ISS043-E-182395,MOGOTE-MESA-BUTE
ISS043-E-182396,MOGOTE-MESA-BUTE
ISS045-E-155482,MOGOTE-MESA-BUTE
ISS045-E-155483,MOGOTE-MESA-BUTE
ISS045-E-155484,MOGOTE-MESA-BUTE
ISS045-E-155485,MOGOTE-MESA-BUTE
ISS045-E-155486,MOGOTE-MESA-BUTE
ISS045-E-155487,MOGOTE-MESA-BUTE
ISS045-E-155488,MOGOTE-MESA-BUTE
ISS045-E-155489,MOGOTE-MESA-BUTE
ISS045-E-155490,MOGOTE-MESA-BUTE
ISS045-E-155494,MOGOTE-MESA-BUTE
ISS045-E-155495,MOGOTE-MESA-BUTE
ISS045-E-155496,MOGOTE-MESA-BUTE
ISS045-E-155497,MOGOTE-MESA-BUTE
ISS045-E-155498,MOGOTE-MESA-BUTE
ISS045-E-155499,MOGOTE-MESA-BUTE
ISS046-E-4557,MOGOTE-MESA-BUTE
ISS046-E-49627,MOGOTE-MESA-BUTE
ISS046-E-49628,MOGOTE-MESA-BUTE
ISS046-E-49629,MOGOTE-MESA-BUTE
ISS046-E-49630,MOGOTE-MESA-BUTE
ISS046-E-49631,MOGOTE-MESA-BUTE
ISS046-E-49632,MOGOTE-MESA-BUTE
ISS046-E-693,MOGOTE-MESA-BUTE
ISS048-E-2334,MOGOTE-MESA-BUTE
ISS048-E-2335,MOGOTE-MESA-BUTE
ISS048-E-2336,MOGOTE-MESA-BUTE
ISS048-E-2337,MOGOTE-MESA-BUTE
ISS048-E-2338,MOGOTE-MESA-BUTE
ISS048-E-2359,MOGOTE-MESA-BUTE
ISS048-E-2360,MOGOTE-MESA-BUTE
ISS048-E-2361,MOGOTE-MESA-BUTE
ISS048-E-2362,MOGOTE-MESA-BUTE
ISS048-E-2363,MOGOTE-MESA-BUTE
ISS049-E-980,MOGOTE-MESA-BUTE
ISS049-E-981,MOGOTE-MESA-BUTE
ISS049-E-982,MOGOTE-MESA-BUTE
ISS049-E-983,MOGOTE-MESA-BUTE
ISS049-E-984,MOGOTE-MESA-BUTE
ISS049-E-985,MOGOTE-MESA-BUTE
ISS050-E-29426,MOGOTE-MESA-BUTE
ISS050-E-29427,MOGOTE-MESA-BUTE
ISS050-E-29428,MOGOTE-MESA-BUTE
ISS050-E-29429,MOGOTE-MESA-BUTE
ISS050-E-29430,MOGOTE-MESA-BUTE
ISS050-E-29431,MOGOTE-MESA-BUTE
ISS050-E-29432,MOGOTE-MESA-BUTE
ISS050-E-29433,MOGOTE-MESA-BUTE
ISS050-E-29450,MOGOTE-MESA-BUTE
ISS050-E-29451,MOGOTE-MESA-BUTE
ISS050-E-29456,MOGOTE-MESA-BUTE
ISS050-E-29457,MOGOTE-MESA-BUTE
ISS050-E-29458,MOGOTE-MESA-BUTE
ISS050-E-38686,MOGOTE-MESA-BUTE
ISS050-E-38687,MOGOTE-MESA-BUTE
ISS050-E-39687,MOGOTE-MESA-BUTE
ISS050-E-39688,MOGOTE-MESA-BUTE
ISS050-E-41199,MOGOTE-MESA-BUTE
ISS050-E-41200,MOGOTE-MESA-BUTE
ISS051-E-36739,MOGOTE-MESA-BUTE
ISS051-E-50717,MOGOTE-MESA-BUTE
ISS051-E-50728,MOGOTE-MESA-BUTE
ISS051-E-50729,MOGOTE-MESA-BUTE
ISS052-E-1486,MOGOTE-MESA-BUTE
ISS052-E-1492,MOGOTE-MESA-BUTE
ISS052-E-1493,MOGOTE-MESA-BUTE
ISS052-E-20820,MOGOTE-MESA-BUTE
ISS052-E-20821,MOGOTE-MESA-BUTE
ISS052-E-20822,MOGOTE-MESA-BUTE
ISS052-E-20823,MOGOTE-MESA-BUTE
ISS052-E-20824,MOGOTE-MESA-BUTE
ISS052-E-20825,MOGOTE-MESA-BUTE
ISS052-E-20826,MOGOTE-MESA-BUTE
ISS052-E-8761,MOGOTE-MESA-BUTE
ISS055-E-115317,MOGOTE-MESA-BUTE
ISS055-E-115318,MOGOTE-MESA-BUTE
ISS055-E-115319,MOGOTE-MESA-BUTE
ISS055-E-115320,MOGOTE-MESA-BUTE
ISS055-E-115321,MOGOTE-MESA-BUTE
ISS055-E-115322,MOGOTE-MESA-BUTE
ISS055-E-115323,MOGOTE-MESA-BUTE
ISS055-E-115324,MOGOTE-MESA-BUTE
ISS055-E-115325,MOGOTE-MESA-BUTE
ISS055-E-24361,MOGOTE-MESA-BUTE
ISS055-E-24362,MOGOTE-MESA-BUTE
ISS055-E-33505,MOGOTE-MESA-BUTE
ISS055-E-96271,MOGOTE-MESA-BUTE
ISS055-E-96272,MOGOTE-MESA-BUTE
ISS055-E-96273,MOGOTE-MESA-BUTE
ISS055-E-96274,MOGOTE-MESA-BUTE
ISS055-E-96275,MOGOTE-MESA-BUTE
ISS055-E-96276,MOGOTE-MESA-BUTE
ISS055-E-96277,MOGOTE-MESA-BUTE
ISS055-E-96278,MOGOTE-MESA-BUTE
ISS055-E-96279,MOGOTE-MESA-BUTE
ISS055-E-96280,MOGOTE-MESA-BUTE
ISS055-E-96281,MOGOTE-MESA-BUTE
ISS055-E-96282,MOGOTE-MESA-BUTE
NASA7-706-71,MOGOTE-MESA-BUTE
NASA7-706-72,MOGOTE-MESA-BUTE
NASA7-722-64,MOGOTE-MESA-BUTE
NASA7-722-65,MOGOTE-MESA-BUTE
NASA7-722-66,MOGOTE-MESA-BUTE
STS008-44-623,MOGOTE-MESA-BUTE
STS008-44-624,MOGOTE-MESA-BUTE
STS008-44-625,MOGOTE-MESA-BUTE
STS008-44-626,MOGOTE-MESA-BUTE
STS034-71-8,MOGOTE-MESA-BUTE
STS047-73-90,MOGOTE-MESA-BUTE
STS052-100-32,MOGOTE-MESA-BUTE
STS052-75-23,MOGOTE-MESA-BUTE
STS052-75-24,MOGOTE-MESA-BUTE
STS052-9-15,MOGOTE-MESA-BUTE
STS052-9-16,MOGOTE-MESA-BUTE
STS056-101-10,MOGOTE-MESA-BUTE
STS058-100-95,MOGOTE-MESA-BUTE
STS058-100-96,MOGOTE-MESA-BUTE
STS059-L05-41,MOGOTE-MESA-BUTE
STS059-L05-42,MOGOTE-MESA-BUTE
STS059-L05-43,MOGOTE-MESA-BUTE
STS075-726-1,MOGOTE-MESA-BUTE
STS075-726-2,MOGOTE-MESA-BUTE
STS075-726-3,MOGOTE-MESA-BUTE
STS077-151-104,MOGOTE-MESA-BUTE
STS077-151-105,MOGOTE-MESA-BUTE
STS077-151-106,MOGOTE-MESA-BUTE
STS077-160-92,MOGOTE-MESA-BUTE
STS077-160-93,MOGOTE-MESA-BUTE
STS077-160-94,MOGOTE-MESA-BUTE
STS077-160-95,MOGOTE-MESA-BUTE
STS077-160-96,MOGOTE-MESA-BUTE
STS088-701-39,MOGOTE-MESA-BUTE
STS116-E-7805,MOGOTE-MESA-BUTE
STS116-E-7806,MOGOTE-MESA-BUTE
STS122-E-10987,MOGOTE-MESA-BUTE
STS122-E-10988,MOGOTE-MESA-BUTE
