AS09-20-3127,NOT_CRATER
AS09-21-3271,NOT_CRATER
AS09-22-3456,NOT_CRATER
ISS001-362-17,NOT_CRATER
ISS001-365-15,NOT_CRATER
ISS001-365-16,NOT_CRATER
ISS001-370-26,NOT_CRATER
ISS001-370-27,NOT_CRATER
ISS002-306-14,NOT_CRATER
ISS002-342-31,NOT_CRATER
ISS002-342-32,NOT_CRATER
ISS002-342-33,NOT_CRATER
ISS002-426-20,NOT_CRATER
ISS002-426-22,NOT_CRATER
ISS002-706-74,NOT_CRATER
ISS002-706-75,NOT_CRATER
ISS002-706-76,NOT_CRATER
ISS002-707-1,NOT_CRATER
ISS002-710-33,NOT_CRATER
ISS002-711-40,NOT_CRATER
ISS002-711-41,NOT_CRATER
ISS002-714-55,NOT_CRATER
ISS002-722-74,NOT_CRATER
ISS002-722-75,NOT_CRATER
ISS002-722-76,NOT_CRATER
ISS002-728B-180,NOT_CRATER
ISS002-731-20,NOT_CRATER
ISS002-731-21,NOT_CRATER
ISS002-E-8580,NOT_CRATER
ISS002-E-8855,NOT_CRATER
ISS002-E-9355,NOT_CRATER
ISS002-E-9356,NOT_CRATER
ISS003-E-6967,NOT_CRATER
ISS003-E-7202,NOT_CRATER
ISS003-E-7203,NOT_CRATER
ISS003-E-7204,NOT_CRATER
ISS003-E-7705,NOT_CRATER
ISS003-E-7706,NOT_CRATER
ISS003-E-7731,NOT_CRATER
ISS003-E-7750,NOT_CRATER
ISS004-723-73,NOT_CRATER
ISS004-723-74,NOT_CRATER
ISS004-E-10784,NOT_CRATER
ISS004-E-10798,NOT_CRATER
ISS004-E-10799,NOT_CRATER
ISS004-E-10800,NOT_CRATER
ISS004-E-11111,NOT_CRATER
ISS004-E-11565,NOT_CRATER
ISS004-E-11566,NOT_CRATER
ISS004-E-13020,NOT_CRATER
ISS004-E-13217,NOT_CRATER
ISS004-E-13744,NOT_CRATER
ISS004-E-5439,NOT_CRATER
ISS004-E-5510,NOT_CRATER
ISS004-E-7208,NOT_CRATER
ISS004-E-7430,NOT_CRATER
ISS004-E-7639,NOT_CRATER
ISS004-E-7640,NOT_CRATER
ISS004-E-7641,NOT_CRATER
ISS004-E-8439,NOT_CRATER
ISS004-E-8791,NOT_CRATER
ISS004-E-8822,NOT_CRATER
ISS004-E-9391,NOT_CRATER
ISS004-E-9392,NOT_CRATER
ISS005-E-11355,NOT_CRATER
ISS005-E-11356,NOT_CRATER
ISS005-E-16679,NOT_CRATER
ISS005-E-16680,NOT_CRATER
ISS005-E-16681,NOT_CRATER
ISS005-E-16701,NOT_CRATER
ISS005-E-16702,NOT_CRATER
ISS005-E-16720,NOT_CRATER
ISS005-E-16721,NOT_CRATER
ISS005-E-18801,NOT_CRATER
ISS005-E-18802,NOT_CRATER
ISS005-E-18803,NOT_CRATER
ISS005-E-18804,NOT_CRATER
ISS005-E-5914,NOT_CRATER
ISS005-E-6617,NOT_CRATER
ISS005-E-6887,NOT_CRATER
ISS006-E-10683,NOT_CRATER
ISS006-E-10731,NOT_CRATER
ISS006-E-10732,NOT_CRATER
ISS006-E-10733,NOT_CRATER
ISS006-E-10784,NOT_CRATER
ISS006-E-12016,NOT_CRATER
ISS006-E-12017,NOT_CRATER
ISS006-E-12186,NOT_CRATER
ISS006-E-15045,NOT_CRATER
ISS006-E-24787,NOT_CRATER
ISS006-E-25734,NOT_CRATER
ISS006-E-27719,NOT_CRATER
ISS006-E-29269,NOT_CRATER
ISS006-E-30647,NOT_CRATER
ISS006-E-31254,NOT_CRATER
ISS006-E-31555,NOT_CRATER
ISS006-E-33484,NOT_CRATER
ISS006-E-33489,NOT_CRATER
ISS006-E-38013,NOT_CRATER
ISS006-E-43136,NOT_CRATER
ISS006-E-43137,NOT_CRATER
ISS006-E-43138,NOT_CRATER
ISS006-E-43139,NOT_CRATER
ISS006-E-43140,NOT_CRATER
ISS006-E-43630,NOT_CRATER
ISS006-E-43631,NOT_CRATER
ISS006-E-43640,NOT_CRATER
ISS006-E-43852,NOT_CRATER
ISS006-E-44498,NOT_CRATER
ISS006-E-44499,NOT_CRATER
ISS006-E-6314,NOT_CRATER
ISS006-E-6315,NOT_CRATER
ISS006-E-6316,NOT_CRATER
ISS006-E-7693,NOT_CRATER
ISS006-E-8336,NOT_CRATER
ISS006-E-8962,NOT_CRATER
ISS006-E-9112,NOT_CRATER
ISS007-E-10121,NOT_CRATER
ISS007-E-10369,NOT_CRATER
ISS007-E-10370,NOT_CRATER
ISS007-E-12575,NOT_CRATER
ISS007-E-12576,NOT_CRATER
ISS007-E-12577,NOT_CRATER
ISS007-E-12578,NOT_CRATER
ISS007-E-12601,NOT_CRATER
ISS007-E-12602,NOT_CRATER
ISS007-E-12715,NOT_CRATER
ISS007-E-12949,NOT_CRATER
ISS007-E-12950,NOT_CRATER
ISS007-E-13123,NOT_CRATER
ISS007-E-13124,NOT_CRATER
ISS007-E-13210,NOT_CRATER
ISS007-E-16135,NOT_CRATER
ISS007-E-16137,NOT_CRATER
ISS007-E-16375,NOT_CRATER
ISS007-E-17690,NOT_CRATER
ISS007-E-6747,NOT_CRATER
ISS007-E-6748,NOT_CRATER
ISS007-E-6749,NOT_CRATER
ISS007-E-7573,NOT_CRATER
ISS007-E-7574,NOT_CRATER
ISS007-E-7575,NOT_CRATER
ISS007-E-7576,NOT_CRATER
ISS007-E-7577,NOT_CRATER
ISS007-E-7578,NOT_CRATER
ISS007-E-8319,NOT_CRATER
ISS007-E-8320,NOT_CRATER
ISS007-E-8321,NOT_CRATER
ISS007-E-8322,NOT_CRATER
ISS007-E-8323,NOT_CRATER
ISS007-E-8353,NOT_CRATER
ISS007-E-8354,NOT_CRATER
ISS007-E-8356,NOT_CRATER
ISS007-E-8357,NOT_CRATER
ISS007-E-8358,NOT_CRATER
ISS007-E-9802,NOT_CRATER
ISS007-E-9803,NOT_CRATER
ISS007-E-9804,NOT_CRATER
ISS007-E-9810,NOT_CRATER
ISS007-E-9811,NOT_CRATER
ISS007-E-9812,NOT_CRATER
ISS007-E-9813,NOT_CRATER
ISS007-E-9814,NOT_CRATER
ISS007-E-9938,NOT_CRATER
ISS007-E-9939,NOT_CRATER
ISS007-E-9940,NOT_CRATER
ISS008-E-11853,NOT_CRATER
ISS008-E-11854,NOT_CRATER
ISS008-E-11855,NOT_CRATER
ISS008-E-11856,NOT_CRATER
ISS008-E-11857,NOT_CRATER
ISS008-E-11858,NOT_CRATER
ISS008-E-12755,NOT_CRATER
ISS008-E-12761,NOT_CRATER
ISS008-E-12764,NOT_CRATER
ISS008-E-12765,NOT_CRATER
ISS008-E-12767,NOT_CRATER
ISS008-E-12768,NOT_CRATER
ISS008-E-12769,NOT_CRATER
ISS008-E-12772,NOT_CRATER
ISS008-E-12774,NOT_CRATER
ISS008-E-12776,NOT_CRATER
ISS008-E-12777,NOT_CRATER
ISS008-E-12778,NOT_CRATER
ISS008-E-12779,NOT_CRATER
ISS008-E-12782,NOT_CRATER
ISS008-E-12783,NOT_CRATER
ISS009-E-10741,NOT_CRATER
ISS009-E-10742,NOT_CRATER
ISS009-E-10743,NOT_CRATER
ISS009-E-10750,NOT_CRATER
ISS009-E-10753,NOT_CRATER
ISS009-E-11519,NOT_CRATER
ISS009-E-11520,NOT_CRATER
ISS009-E-13493,NOT_CRATER
ISS009-E-15832,NOT_CRATER
ISS009-E-19088,NOT_CRATER
ISS009-E-19089,NOT_CRATER
ISS009-E-20753,NOT_CRATER
ISS009-E-20754,NOT_CRATER
ISS009-E-20755,NOT_CRATER
ISS009-E-24099,NOT_CRATER
ISS009-E-24100,NOT_CRATER
ISS009-E-24101,NOT_CRATER
ISS009-E-24102,NOT_CRATER
ISS009-E-24103,NOT_CRATER
ISS009-E-24104,NOT_CRATER
ISS009-E-24105,NOT_CRATER
ISS009-E-24106,NOT_CRATER
ISS009-E-24107,NOT_CRATER
ISS009-E-24121,NOT_CRATER
ISS009-E-24122,NOT_CRATER
ISS009-E-24123,NOT_CRATER
ISS009-E-24124,NOT_CRATER
ISS009-E-24125,NOT_CRATER
ISS009-E-26361,NOT_CRATER
ISS009-E-9967,NOT_CRATER
ISS009-E-9968,NOT_CRATER
ISS009-E-9969,NOT_CRATER
ISS009-E-9972,NOT_CRATER
ISS009-E-9973,NOT_CRATER
ISS010-E-7022,NOT_CRATER
ISS010-E-7025,NOT_CRATER
ISS010-E-7026,NOT_CRATER
ISS010-E-8001,NOT_CRATER
ISS010-E-8143,NOT_CRATER
ISS010-E-8354,NOT_CRATER
ISS010-E-8355,NOT_CRATER
ISS010-E-8924,NOT_CRATER
ISS010-E-8925,NOT_CRATER
ISS010-E-8926,NOT_CRATER
ISS010-E-8927,NOT_CRATER
ISS011-E-10623,NOT_CRATER
ISS011-E-11864,NOT_CRATER
ISS011-E-14758,NOT_CRATER
ISS011-E-5075,NOT_CRATER
ISS011-E-5076,NOT_CRATER
ISS011-E-5077,NOT_CRATER
ISS011-E-5078,NOT_CRATER
ISS011-E-5083,NOT_CRATER
ISS011-E-5084,NOT_CRATER
ISS011-E-5087,NOT_CRATER
ISS011-E-5088,NOT_CRATER
ISS011-E-5090,NOT_CRATER
ISS011-E-5092,NOT_CRATER
ISS011-E-5093,NOT_CRATER
ISS011-E-9336,NOT_CRATER
ISS011-E-9337,NOT_CRATER
ISS012-E-13476,NOT_CRATER
ISS012-E-16510,NOT_CRATER
ISS012-E-16511,NOT_CRATER
ISS012-E-16522,NOT_CRATER
ISS012-E-16875,NOT_CRATER
ISS012-E-8703,NOT_CRATER
ISS012-E-8704,NOT_CRATER
ISS012-E-8708,NOT_CRATER
ISS012-E-8709,NOT_CRATER
ISS012-E-8711,NOT_CRATER
ISS012-E-9469,NOT_CRATER
ISS012-E-9533,NOT_CRATER
ISS013-E-15459,NOT_CRATER
ISS013-E-15918,NOT_CRATER
ISS013-E-15919,NOT_CRATER
ISS013-E-15920,NOT_CRATER
ISS013-E-18433,NOT_CRATER
ISS013-E-20983,NOT_CRATER
ISS013-E-20984,NOT_CRATER
ISS013-E-21013,NOT_CRATER
ISS013-E-21014,NOT_CRATER
ISS013-E-21015,NOT_CRATER
ISS013-E-21016,NOT_CRATER
ISS013-E-21017,NOT_CRATER
ISS013-E-21018,NOT_CRATER
ISS013-E-21019,NOT_CRATER
ISS013-E-21020,NOT_CRATER
ISS013-E-21021,NOT_CRATER
ISS013-E-21108,NOT_CRATER
ISS013-E-21109,NOT_CRATER
ISS013-E-21110,NOT_CRATER
ISS013-E-21111,NOT_CRATER
ISS013-E-21112,NOT_CRATER
ISS013-E-21113,NOT_CRATER
ISS013-E-24097,NOT_CRATER
ISS013-E-24140,NOT_CRATER
ISS013-E-24141,NOT_CRATER
ISS013-E-24142,NOT_CRATER
ISS013-E-24146,NOT_CRATER
ISS013-E-24147,NOT_CRATER
ISS013-E-24148,NOT_CRATER
ISS013-E-24149,NOT_CRATER
ISS013-E-24150,NOT_CRATER
ISS013-E-31813,NOT_CRATER
ISS013-E-31814,NOT_CRATER
ISS013-E-48972,NOT_CRATER
ISS013-E-48973,NOT_CRATER
ISS013-E-48974,NOT_CRATER
ISS013-E-51382,NOT_CRATER
ISS013-E-51383,NOT_CRATER
ISS013-E-51384,NOT_CRATER
ISS013-E-51385,NOT_CRATER
ISS013-E-51386,NOT_CRATER
ISS013-E-51387,NOT_CRATER
ISS013-E-6046,NOT_CRATER
ISS013-E-6049,NOT_CRATER
ISS013-E-6051,NOT_CRATER
ISS013-E-6052,NOT_CRATER
ISS013-E-6053,NOT_CRATER
ISS013-E-75049,NOT_CRATER
ISS013-E-75054,NOT_CRATER
ISS013-E-75055,NOT_CRATER
ISS013-E-75056,NOT_CRATER
ISS013-E-75057,NOT_CRATER
ISS013-E-75058,NOT_CRATER
ISS013-E-75059,NOT_CRATER
ISS013-E-75060,NOT_CRATER
ISS013-E-75061,NOT_CRATER
ISS013-E-75062,NOT_CRATER
ISS013-E-75064,NOT_CRATER
ISS013-E-75065,NOT_CRATER
ISS013-E-75066,NOT_CRATER
ISS013-E-75198,NOT_CRATER
ISS013-E-75199,NOT_CRATER
ISS013-E-78071,NOT_CRATER
ISS013-E-78072,NOT_CRATER
ISS013-E-80331,NOT_CRATER
ISS013-E-80332,NOT_CRATER
ISS013-E-80333,NOT_CRATER
ISS013-E-80334,NOT_CRATER
ISS013-E-80335,NOT_CRATER
ISS013-E-80336,NOT_CRATER
ISS013-E-80337,NOT_CRATER
ISS013-E-80338,NOT_CRATER
ISS013-E-80339,NOT_CRATER
ISS013-E-80340,NOT_CRATER
ISS013-E-82053,NOT_CRATER
ISS014-E-10867,NOT_CRATER
ISS014-E-10868,NOT_CRATER
ISS014-E-10899,NOT_CRATER
ISS014-E-12005,NOT_CRATER
ISS014-E-12006,NOT_CRATER
ISS014-E-12869,NOT_CRATER
ISS014-E-16700,NOT_CRATER
ISS014-E-16701,NOT_CRATER
ISS014-E-17041,NOT_CRATER
ISS014-E-17738,NOT_CRATER
ISS014-E-18079,NOT_CRATER
ISS014-E-18080,NOT_CRATER
ISS014-E-18106,NOT_CRATER
ISS014-E-19685,NOT_CRATER
ISS015-E-12427,NOT_CRATER
ISS015-E-12428,NOT_CRATER
ISS015-E-14382,NOT_CRATER
ISS015-E-14383,NOT_CRATER
ISS015-E-14385,NOT_CRATER
ISS015-E-14386,NOT_CRATER
ISS015-E-14387,NOT_CRATER
ISS015-E-14388,NOT_CRATER
ISS015-E-14389,NOT_CRATER
ISS015-E-14390,NOT_CRATER
ISS015-E-16472,NOT_CRATER
ISS015-E-17049,NOT_CRATER
ISS015-E-18026,NOT_CRATER
ISS015-E-23201,NOT_CRATER
ISS015-E-23202,NOT_CRATER
ISS015-E-23203,NOT_CRATER
ISS015-E-23204,NOT_CRATER
ISS015-E-25484,NOT_CRATER
ISS015-E-25485,NOT_CRATER
ISS015-E-25486,NOT_CRATER
ISS015-E-25487,NOT_CRATER
ISS015-E-25488,NOT_CRATER
ISS015-E-25489,NOT_CRATER
ISS015-E-25490,NOT_CRATER
ISS015-E-25496,NOT_CRATER
ISS015-E-25497,NOT_CRATER
ISS015-E-25498,NOT_CRATER
ISS015-E-25499,NOT_CRATER
ISS015-E-25500,NOT_CRATER
ISS015-E-25501,NOT_CRATER
ISS015-E-25502,NOT_CRATER
ISS015-E-25503,NOT_CRATER
ISS015-E-27226,NOT_CRATER
ISS015-E-27697,NOT_CRATER
ISS015-E-27698,NOT_CRATER
ISS015-E-27699,NOT_CRATER
ISS015-E-27700,NOT_CRATER
ISS015-E-27701,NOT_CRATER
ISS015-E-27705,NOT_CRATER
ISS015-E-27706,NOT_CRATER
ISS015-E-27994,NOT_CRATER
ISS015-E-31543,NOT_CRATER
ISS015-E-34991,NOT_CRATER
ISS015-E-34992,NOT_CRATER
ISS015-E-6200,NOT_CRATER
ISS015-E-6327,NOT_CRATER
ISS015-E-6328,NOT_CRATER
ISS015-E-6333,NOT_CRATER
ISS015-E-6334,NOT_CRATER
ISS015-E-6400,NOT_CRATER
ISS015-E-6407,NOT_CRATER
ISS015-E-6433,NOT_CRATER
ISS015-E-6434,NOT_CRATER
ISS015-E-6435,NOT_CRATER
ISS015-E-6690,NOT_CRATER
ISS015-E-7152,NOT_CRATER
ISS015-E-7268,NOT_CRATER
ISS015-E-8688,NOT_CRATER
ISS015-E-9254,NOT_CRATER
ISS015-E-9255,NOT_CRATER
ISS015-E-9257,NOT_CRATER
ISS016-E-10146,NOT_CRATER
ISS016-E-10877,NOT_CRATER
ISS016-E-10880,NOT_CRATER
ISS016-E-10882,NOT_CRATER
ISS016-E-10883,NOT_CRATER
ISS016-E-10886,NOT_CRATER
ISS016-E-10887,NOT_CRATER
ISS016-E-13301,NOT_CRATER
ISS016-E-13302,NOT_CRATER
ISS016-E-15218,NOT_CRATER
ISS016-E-15221,NOT_CRATER
ISS016-E-15222,NOT_CRATER
ISS016-E-15223,NOT_CRATER
ISS016-E-15224,NOT_CRATER
ISS016-E-15225,NOT_CRATER
ISS016-E-15226,NOT_CRATER
ISS016-E-15233,NOT_CRATER
ISS016-E-15237,NOT_CRATER
ISS016-E-15238,NOT_CRATER
ISS016-E-15239,NOT_CRATER
ISS016-E-15240,NOT_CRATER
ISS016-E-15241,NOT_CRATER
ISS016-E-15242,NOT_CRATER
ISS016-E-15243,NOT_CRATER
ISS016-E-16549,NOT_CRATER
ISS016-E-19279,NOT_CRATER
ISS016-E-19281,NOT_CRATER
ISS016-E-19282,NOT_CRATER
ISS016-E-19283,NOT_CRATER
ISS016-E-19931,NOT_CRATER
ISS016-E-19933,NOT_CRATER
ISS016-E-19943,NOT_CRATER
ISS016-E-19945,NOT_CRATER
ISS016-E-20214,NOT_CRATER
ISS016-E-20971,NOT_CRATER
ISS016-E-20972,NOT_CRATER
ISS016-E-20973,NOT_CRATER
ISS016-E-20975,NOT_CRATER
ISS016-E-20976,NOT_CRATER
ISS016-E-20977,NOT_CRATER
ISS016-E-29275,NOT_CRATER
ISS016-E-29276,NOT_CRATER
ISS016-E-29277,NOT_CRATER
ISS016-E-29278,NOT_CRATER
ISS016-E-29279,NOT_CRATER
ISS016-E-29280,NOT_CRATER
ISS016-E-29281,NOT_CRATER
ISS016-E-29282,NOT_CRATER
ISS016-E-29283,NOT_CRATER
ISS016-E-29284,NOT_CRATER
ISS016-E-29285,NOT_CRATER
ISS016-E-29286,NOT_CRATER
ISS016-E-29287,NOT_CRATER
ISS016-E-29288,NOT_CRATER
ISS016-E-29290,NOT_CRATER
ISS016-E-29293,NOT_CRATER
ISS016-E-29646,NOT_CRATER
ISS016-E-29647,NOT_CRATER
ISS016-E-29648,NOT_CRATER
ISS016-E-29649,NOT_CRATER
ISS016-E-29651,NOT_CRATER
ISS016-E-29653,NOT_CRATER
ISS016-E-29654,NOT_CRATER
ISS016-E-29655,NOT_CRATER
ISS016-E-29656,NOT_CRATER
ISS016-E-29657,NOT_CRATER
ISS016-E-29658,NOT_CRATER
ISS016-E-29659,NOT_CRATER
ISS016-E-29660,NOT_CRATER
ISS016-E-29661,NOT_CRATER
ISS016-E-29662,NOT_CRATER
ISS016-E-29663,NOT_CRATER
ISS016-E-29664,NOT_CRATER
ISS016-E-29672,NOT_CRATER
ISS016-E-29673,NOT_CRATER
ISS016-E-29674,NOT_CRATER
ISS016-E-29705,NOT_CRATER
ISS016-E-29706,NOT_CRATER
ISS016-E-29707,NOT_CRATER
ISS016-E-29708,NOT_CRATER
ISS016-E-29822,NOT_CRATER
ISS016-E-29825,NOT_CRATER
ISS016-E-29826,NOT_CRATER
ISS016-E-29827,NOT_CRATER
ISS016-E-29828,NOT_CRATER
ISS016-E-29829,NOT_CRATER
ISS016-E-29830,NOT_CRATER
ISS016-E-29831,NOT_CRATER
ISS016-E-29832,NOT_CRATER
ISS016-E-29833,NOT_CRATER
ISS016-E-29834,NOT_CRATER
ISS016-E-29835,NOT_CRATER
ISS016-E-29836,NOT_CRATER
ISS016-E-29837,NOT_CRATER
ISS016-E-29838,NOT_CRATER
ISS016-E-29839,NOT_CRATER
ISS016-E-29840,NOT_CRATER
ISS016-E-29841,NOT_CRATER
ISS016-E-29842,NOT_CRATER
ISS016-E-29843,NOT_CRATER
ISS016-E-29844,NOT_CRATER
ISS016-E-29845,NOT_CRATER
ISS016-E-29846,NOT_CRATER
ISS016-E-29847,NOT_CRATER
ISS016-E-29848,NOT_CRATER
ISS016-E-29849,NOT_CRATER
ISS016-E-29850,NOT_CRATER
ISS016-E-29853,NOT_CRATER
ISS016-E-29854,NOT_CRATER
ISS016-E-29855,NOT_CRATER
ISS016-E-29856,NOT_CRATER
ISS016-E-29857,NOT_CRATER
ISS016-E-29858,NOT_CRATER
ISS016-E-29859,NOT_CRATER
ISS016-E-29860,NOT_CRATER
ISS016-E-29861,NOT_CRATER
ISS016-E-35087,NOT_CRATER
ISS016-E-36017,NOT_CRATER
ISS016-E-36018,NOT_CRATER
ISS016-E-36056,NOT_CRATER
ISS016-E-8656,NOT_CRATER
ISS017-E-12820,NOT_CRATER
ISS017-E-12821,NOT_CRATER
ISS017-E-13089,NOT_CRATER
ISS017-E-13090,NOT_CRATER
ISS017-E-13091,NOT_CRATER
ISS017-E-13095,NOT_CRATER
ISS017-E-13101,NOT_CRATER
ISS017-E-13108,NOT_CRATER
ISS017-E-13111,NOT_CRATER
ISS017-E-13193,NOT_CRATER
ISS017-E-13194,NOT_CRATER
ISS017-E-13195,NOT_CRATER
ISS017-E-13196,NOT_CRATER
ISS017-E-13831,NOT_CRATER
ISS017-E-14884,NOT_CRATER
ISS017-E-14885,NOT_CRATER
ISS017-E-18546,NOT_CRATER
ISS017-E-18547,NOT_CRATER
ISS017-E-18548,NOT_CRATER
ISS017-E-18549,NOT_CRATER
ISS017-E-18550,NOT_CRATER
ISS017-E-18551,NOT_CRATER
ISS017-E-18552,NOT_CRATER
ISS017-E-18553,NOT_CRATER
ISS017-E-18554,NOT_CRATER
ISS017-E-18555,NOT_CRATER
ISS017-E-18556,NOT_CRATER
ISS017-E-18557,NOT_CRATER
ISS017-E-18558,NOT_CRATER
ISS017-E-18559,NOT_CRATER
ISS017-E-18560,NOT_CRATER
ISS017-E-19631,NOT_CRATER
ISS017-E-6015,NOT_CRATER
ISS017-E-6016,NOT_CRATER
ISS017-E-6017,NOT_CRATER
ISS017-E-6018,NOT_CRATER
ISS017-E-6022,NOT_CRATER
ISS017-E-6023,NOT_CRATER
ISS017-E-6032,NOT_CRATER
ISS017-E-7299,NOT_CRATER
ISS018-E-10201,NOT_CRATER
ISS018-E-10202,NOT_CRATER
ISS018-E-10203,NOT_CRATER
ISS018-E-10423,NOT_CRATER
ISS018-E-10783,NOT_CRATER
ISS018-E-10784,NOT_CRATER
ISS018-E-14019,NOT_CRATER
ISS018-E-14020,NOT_CRATER
ISS018-E-21871,NOT_CRATER
ISS018-E-21872,NOT_CRATER
ISS018-E-21873,NOT_CRATER
ISS018-E-21874,NOT_CRATER
ISS018-E-21875,NOT_CRATER
ISS018-E-21876,NOT_CRATER
ISS018-E-21877,NOT_CRATER
ISS018-E-21878,NOT_CRATER
ISS018-E-21880,NOT_CRATER
ISS018-E-21881,NOT_CRATER
ISS018-E-21882,NOT_CRATER
ISS018-E-23874,NOT_CRATER
ISS018-E-23875,NOT_CRATER
ISS018-E-27544,NOT_CRATER
ISS018-E-27545,NOT_CRATER
ISS018-E-35031,NOT_CRATER
ISS018-E-35032,NOT_CRATER
ISS018-E-35033,NOT_CRATER
ISS018-E-35034,NOT_CRATER
ISS018-E-42946,NOT_CRATER
ISS018-E-42947,NOT_CRATER
ISS018-E-42948,NOT_CRATER
ISS018-E-42949,NOT_CRATER
ISS018-E-45371,NOT_CRATER
ISS018-E-45372,NOT_CRATER
ISS018-E-45378,NOT_CRATER
ISS018-E-45379,NOT_CRATER
ISS018-E-45380,NOT_CRATER
ISS018-E-45381,NOT_CRATER
ISS018-E-45382,NOT_CRATER
ISS018-E-45383,NOT_CRATER
ISS018-E-45384,NOT_CRATER
ISS018-E-45385,NOT_CRATER
ISS018-E-6113,NOT_CRATER
ISS018-E-9482,NOT_CRATER
ISS019-E-11933,NOT_CRATER
ISS019-E-11934,NOT_CRATER
ISS019-E-11935,NOT_CRATER
ISS019-E-11936,NOT_CRATER
ISS019-E-11937,NOT_CRATER
ISS019-E-11938,NOT_CRATER
ISS019-E-11939,NOT_CRATER
ISS019-E-11940,NOT_CRATER
ISS019-E-11941,NOT_CRATER
ISS019-E-11942,NOT_CRATER
ISS019-E-11943,NOT_CRATER
ISS019-E-11944,NOT_CRATER
ISS019-E-11945,NOT_CRATER
ISS019-E-11946,NOT_CRATER
ISS019-E-11947,NOT_CRATER
ISS019-E-11948,NOT_CRATER
ISS019-E-11949,NOT_CRATER
ISS019-E-11950,NOT_CRATER
ISS019-E-11951,NOT_CRATER
ISS019-E-11952,NOT_CRATER
ISS019-E-21333,NOT_CRATER
ISS019-E-21334,NOT_CRATER
ISS019-E-21584,NOT_CRATER
ISS019-E-21586,NOT_CRATER
ISS019-E-22080,NOT_CRATER
ISS019-E-22083,NOT_CRATER
ISS019-E-22084,NOT_CRATER
ISS019-E-22085,NOT_CRATER
ISS019-E-22086,NOT_CRATER
ISS019-E-22087,NOT_CRATER
ISS019-E-22088,NOT_CRATER
ISS019-E-22089,NOT_CRATER
ISS019-E-22091,NOT_CRATER
ISS019-E-22092,NOT_CRATER
ISS019-E-22098,NOT_CRATER
ISS019-E-22099,NOT_CRATER
ISS019-E-22100,NOT_CRATER
ISS019-E-22101,NOT_CRATER
ISS019-E-22102,NOT_CRATER
ISS019-E-5764,NOT_CRATER
ISS019-E-5765,NOT_CRATER
ISS019-E-5766,NOT_CRATER
ISS019-E-5767,NOT_CRATER
ISS019-E-5777,NOT_CRATER
ISS019-E-5778,NOT_CRATER
ISS019-E-5780,NOT_CRATER
ISS019-E-5781,NOT_CRATER
ISS019-E-5782,NOT_CRATER
ISS019-E-5783,NOT_CRATER
ISS019-E-5784,NOT_CRATER
ISS019-E-5785,NOT_CRATER
ISS019-E-5791,NOT_CRATER
ISS019-E-5792,NOT_CRATER
ISS019-E-5793,NOT_CRATER
ISS019-E-5794,NOT_CRATER
ISS019-E-5884,NOT_CRATER
ISS019-E-6361,NOT_CRATER
ISS019-E-6362,NOT_CRATER
ISS019-E-6363,NOT_CRATER
ISS019-E-6364,NOT_CRATER
ISS019-E-6365,NOT_CRATER
ISS019-E-6366,NOT_CRATER
ISS019-E-6367,NOT_CRATER
ISS019-E-6368,NOT_CRATER
ISS019-E-6369,NOT_CRATER
ISS019-E-6370,NOT_CRATER
ISS019-E-6371,NOT_CRATER
ISS019-E-6372,NOT_CRATER
ISS019-E-6373,NOT_CRATER
ISS019-E-6374,NOT_CRATER
ISS019-E-6375,NOT_CRATER
ISS019-E-6376,NOT_CRATER
ISS019-E-6377,NOT_CRATER
ISS019-E-6378,NOT_CRATER
ISS019-E-7889,NOT_CRATER
ISS019-E-7890,NOT_CRATER
ISS019-E-7891,NOT_CRATER
ISS019-E-7988,NOT_CRATER
ISS019-E-7989,NOT_CRATER
ISS019-E-7990,NOT_CRATER
ISS019-E-7991,NOT_CRATER
ISS019-E-7992,NOT_CRATER
ISS019-E-7993,NOT_CRATER
ISS019-E-7994,NOT_CRATER
ISS019-E-7995,NOT_CRATER
ISS019-E-7996,NOT_CRATER
ISS019-E-7997,NOT_CRATER
ISS019-E-7998,NOT_CRATER
ISS019-E-7999,NOT_CRATER
ISS019-E-8000,NOT_CRATER
ISS019-E-8001,NOT_CRATER
ISS019-E-8002,NOT_CRATER
ISS019-E-8003,NOT_CRATER
ISS019-E-8004,NOT_CRATER
ISS019-E-8005,NOT_CRATER
ISS019-E-8006,NOT_CRATER
ISS019-E-8007,NOT_CRATER
ISS019-E-8008,NOT_CRATER
ISS019-E-8009,NOT_CRATER
ISS019-E-8010,NOT_CRATER
ISS019-E-8011,NOT_CRATER
ISS019-E-8012,NOT_CRATER
ISS019-E-8013,NOT_CRATER
ISS019-E-8014,NOT_CRATER
ISS019-E-8015,NOT_CRATER
ISS019-E-8016,NOT_CRATER
ISS019-E-8017,NOT_CRATER
ISS019-E-8018,NOT_CRATER
ISS019-E-8019,NOT_CRATER
ISS019-E-8020,NOT_CRATER
ISS019-E-8021,NOT_CRATER
ISS019-E-8022,NOT_CRATER
ISS019-E-8023,NOT_CRATER
ISS019-E-9076,NOT_CRATER
ISS019-E-9077,NOT_CRATER
ISS019-E-9078,NOT_CRATER
ISS019-E-9079,NOT_CRATER
ISS019-E-9080,NOT_CRATER
ISS019-E-9081,NOT_CRATER
ISS019-E-9082,NOT_CRATER
ISS019-E-9333,NOT_CRATER
ISS019-E-9334,NOT_CRATER
ISS020-E-10170,NOT_CRATER
ISS020-E-10171,NOT_CRATER
ISS020-E-10172,NOT_CRATER
ISS020-E-10173,NOT_CRATER
ISS020-E-10174,NOT_CRATER
ISS020-E-10175,NOT_CRATER
ISS020-E-10176,NOT_CRATER
ISS020-E-10177,NOT_CRATER
ISS020-E-10180,NOT_CRATER
ISS020-E-10185,NOT_CRATER
ISS020-E-10186,NOT_CRATER
ISS020-E-10187,NOT_CRATER
ISS020-E-11693,NOT_CRATER
ISS020-E-11694,NOT_CRATER
ISS020-E-11700,NOT_CRATER
ISS020-E-11701,NOT_CRATER
ISS020-E-11702,NOT_CRATER
ISS020-E-11703,NOT_CRATER
ISS020-E-11704,NOT_CRATER
ISS020-E-11706,NOT_CRATER
ISS020-E-11707,NOT_CRATER
ISS020-E-11712,NOT_CRATER
ISS020-E-11713,NOT_CRATER
ISS020-E-11720,NOT_CRATER
ISS020-E-18890,NOT_CRATER
ISS020-E-18894,NOT_CRATER
ISS020-E-18895,NOT_CRATER
ISS020-E-18896,NOT_CRATER
ISS020-E-18897,NOT_CRATER
ISS020-E-18898,NOT_CRATER
ISS020-E-18908,NOT_CRATER
ISS020-E-18909,NOT_CRATER
ISS020-E-18916,NOT_CRATER
ISS020-E-18917,NOT_CRATER
ISS020-E-18918,NOT_CRATER
ISS020-E-18919,NOT_CRATER
ISS020-E-18921,NOT_CRATER
ISS020-E-18922,NOT_CRATER
ISS020-E-18923,NOT_CRATER
ISS020-E-18924,NOT_CRATER
ISS020-E-18926,NOT_CRATER
ISS020-E-18927,NOT_CRATER
ISS020-E-18931,NOT_CRATER
ISS020-E-18934,NOT_CRATER
ISS020-E-21032,NOT_CRATER
ISS020-E-25522,NOT_CRATER
ISS020-E-25523,NOT_CRATER
ISS020-E-25524,NOT_CRATER
ISS020-E-25525,NOT_CRATER
ISS020-E-25526,NOT_CRATER
ISS020-E-25527,NOT_CRATER
ISS020-E-25528,NOT_CRATER
ISS020-E-25529,NOT_CRATER
ISS020-E-25530,NOT_CRATER
ISS020-E-25531,NOT_CRATER
ISS020-E-25532,NOT_CRATER
ISS020-E-25533,NOT_CRATER
ISS020-E-25534,NOT_CRATER
ISS020-E-25538,NOT_CRATER
ISS020-E-25540,NOT_CRATER
ISS020-E-25541,NOT_CRATER
ISS020-E-28116,NOT_CRATER
ISS020-E-28118,NOT_CRATER
ISS020-E-28122,NOT_CRATER
ISS020-E-29939,NOT_CRATER
ISS020-E-29940,NOT_CRATER
ISS020-E-29941,NOT_CRATER
ISS020-E-29942,NOT_CRATER
ISS020-E-29944,NOT_CRATER
ISS020-E-29945,NOT_CRATER
ISS020-E-29946,NOT_CRATER
ISS020-E-34475,NOT_CRATER
ISS020-E-41538,NOT_CRATER
ISS020-E-41539,NOT_CRATER
ISS020-E-41541,NOT_CRATER
ISS020-E-41548,NOT_CRATER
ISS020-E-41680,NOT_CRATER
ISS020-E-41709,NOT_CRATER
ISS020-E-45346,NOT_CRATER
ISS020-E-45347,NOT_CRATER
ISS020-E-45348,NOT_CRATER
ISS020-E-45349,NOT_CRATER
ISS020-E-45820,NOT_CRATER
ISS020-E-45821,NOT_CRATER
ISS020-E-47646,NOT_CRATER
ISS020-E-50520,NOT_CRATER
ISS020-E-50521,NOT_CRATER
ISS020-E-50522,NOT_CRATER
ISS020-E-50929,NOT_CRATER
ISS020-E-50930,NOT_CRATER
ISS020-E-50931,NOT_CRATER
ISS020-E-5463,NOT_CRATER
ISS020-E-5472,NOT_CRATER
ISS020-E-7934,NOT_CRATER
ISS020-E-7935,NOT_CRATER
ISS020-E-7936,NOT_CRATER
ISS020-E-7946,NOT_CRATER
ISS020-E-7947,NOT_CRATER
ISS020-E-7948,NOT_CRATER
ISS020-E-7949,NOT_CRATER
ISS020-E-7950,NOT_CRATER
ISS020-E-7951,NOT_CRATER
ISS020-E-7952,NOT_CRATER
ISS020-E-7953,NOT_CRATER
ISS020-E-7954,NOT_CRATER
ISS020-E-7955,NOT_CRATER
ISS020-E-8215,NOT_CRATER
ISS020-E-8216,NOT_CRATER
ISS020-E-8314,NOT_CRATER
ISS020-E-8315,NOT_CRATER
ISS020-E-8316,NOT_CRATER
ISS021-E-23473,NOT_CRATER
ISS021-E-23474,NOT_CRATER
ISS021-E-23475,NOT_CRATER
ISS021-E-28351,NOT_CRATER
ISS021-E-28352,NOT_CRATER
ISS021-E-28353,NOT_CRATER
ISS021-E-28354,NOT_CRATER
ISS021-E-28355,NOT_CRATER
ISS021-E-28356,NOT_CRATER
ISS021-E-28752,NOT_CRATER
ISS021-E-28753,NOT_CRATER
ISS021-E-29222,NOT_CRATER
ISS021-E-30539,NOT_CRATER
ISS021-E-7140,NOT_CRATER
ISS021-E-7643,NOT_CRATER
ISS021-E-7644,NOT_CRATER
ISS021-E-7645,NOT_CRATER
ISS021-E-7671,NOT_CRATER
ISS021-E-9273,NOT_CRATER
ISS021-E-9274,NOT_CRATER
ISS022-E-100544,NOT_CRATER
ISS022-E-100639,NOT_CRATER
ISS022-E-102103,NOT_CRATER
ISS022-E-102104,NOT_CRATER
ISS022-E-102106,NOT_CRATER
ISS022-E-102107,NOT_CRATER
ISS022-E-102109,NOT_CRATER
ISS022-E-102110,NOT_CRATER
ISS022-E-102113,NOT_CRATER
ISS022-E-102115,NOT_CRATER
ISS022-E-102140,NOT_CRATER
ISS022-E-102141,NOT_CRATER
ISS022-E-102185,NOT_CRATER
ISS022-E-102302,NOT_CRATER
ISS022-E-10925,NOT_CRATER
ISS022-E-10926,NOT_CRATER
ISS022-E-10927,NOT_CRATER
ISS022-E-13335,NOT_CRATER
ISS022-E-13336,NOT_CRATER
ISS022-E-13337,NOT_CRATER
ISS022-E-13345,NOT_CRATER
ISS022-E-13346,NOT_CRATER
ISS022-E-13347,NOT_CRATER
ISS022-E-13348,NOT_CRATER
ISS022-E-13349,NOT_CRATER
ISS022-E-13350,NOT_CRATER
ISS022-E-13351,NOT_CRATER
ISS022-E-13352,NOT_CRATER
ISS022-E-24163,NOT_CRATER
ISS022-E-24164,NOT_CRATER
ISS022-E-24165,NOT_CRATER
ISS022-E-24166,NOT_CRATER
ISS022-E-24167,NOT_CRATER
ISS022-E-24168,NOT_CRATER
ISS022-E-24169,NOT_CRATER
ISS022-E-24170,NOT_CRATER
ISS022-E-24171,NOT_CRATER
ISS022-E-24172,NOT_CRATER
ISS022-E-24173,NOT_CRATER
ISS022-E-24174,NOT_CRATER
ISS022-E-24175,NOT_CRATER
ISS022-E-24176,NOT_CRATER
ISS022-E-24177,NOT_CRATER
ISS022-E-24619,NOT_CRATER
ISS022-E-24620,NOT_CRATER
ISS022-E-24621,NOT_CRATER
ISS022-E-24622,NOT_CRATER
ISS022-E-24624,NOT_CRATER
ISS022-E-24625,NOT_CRATER
ISS022-E-24626,NOT_CRATER
ISS022-E-24627,NOT_CRATER
ISS022-E-24628,NOT_CRATER
ISS022-E-24629,NOT_CRATER
ISS022-E-25300,NOT_CRATER
ISS022-E-25301,NOT_CRATER
ISS022-E-25302,NOT_CRATER
ISS022-E-25303,NOT_CRATER
ISS022-E-25304,NOT_CRATER
ISS022-E-25305,NOT_CRATER
ISS022-E-25306,NOT_CRATER
ISS022-E-26142,NOT_CRATER
ISS022-E-26425,NOT_CRATER
ISS022-E-26426,NOT_CRATER
ISS022-E-27370,NOT_CRATER
ISS022-E-27371,NOT_CRATER
ISS022-E-27372,NOT_CRATER
ISS022-E-27373,NOT_CRATER
ISS022-E-28721,NOT_CRATER
ISS022-E-28722,NOT_CRATER
ISS022-E-28723,NOT_CRATER
ISS022-E-28724,NOT_CRATER
ISS022-E-28725,NOT_CRATER
ISS022-E-28726,NOT_CRATER
ISS022-E-28727,NOT_CRATER
ISS022-E-28728,NOT_CRATER
ISS022-E-29639,NOT_CRATER
ISS022-E-29640,NOT_CRATER
ISS022-E-29641,NOT_CRATER
ISS022-E-29642,NOT_CRATER
ISS022-E-32451,NOT_CRATER
ISS022-E-32452,NOT_CRATER
ISS022-E-32508,NOT_CRATER
ISS022-E-32509,NOT_CRATER
ISS022-E-32510,NOT_CRATER
ISS022-E-34234,NOT_CRATER
ISS022-E-34235,NOT_CRATER
ISS022-E-34236,NOT_CRATER
ISS022-E-34237,NOT_CRATER
ISS022-E-34238,NOT_CRATER
ISS022-E-34239,NOT_CRATER
ISS022-E-34240,NOT_CRATER
ISS022-E-34241,NOT_CRATER
ISS022-E-34242,NOT_CRATER
ISS022-E-34243,NOT_CRATER
ISS022-E-34244,NOT_CRATER
ISS022-E-34245,NOT_CRATER
ISS022-E-34246,NOT_CRATER
ISS022-E-34247,NOT_CRATER
ISS022-E-34248,NOT_CRATER
ISS022-E-34249,NOT_CRATER
ISS022-E-34250,NOT_CRATER
ISS022-E-34251,NOT_CRATER
ISS022-E-34252,NOT_CRATER
ISS022-E-34253,NOT_CRATER
ISS022-E-34254,NOT_CRATER
ISS022-E-34255,NOT_CRATER
ISS022-E-34256,NOT_CRATER
ISS022-E-34257,NOT_CRATER
ISS022-E-34258,NOT_CRATER
ISS022-E-34259,NOT_CRATER
ISS022-E-34260,NOT_CRATER
ISS022-E-34261,NOT_CRATER
ISS022-E-34262,NOT_CRATER
ISS022-E-34263,NOT_CRATER
ISS022-E-34264,NOT_CRATER
ISS022-E-34265,NOT_CRATER
ISS022-E-34266,NOT_CRATER
ISS022-E-34267,NOT_CRATER
ISS022-E-34268,NOT_CRATER
ISS022-E-34269,NOT_CRATER
ISS022-E-34270,NOT_CRATER
ISS022-E-34271,NOT_CRATER
ISS022-E-34272,NOT_CRATER
ISS022-E-34273,NOT_CRATER
ISS022-E-34274,NOT_CRATER
ISS022-E-34275,NOT_CRATER
ISS022-E-34276,NOT_CRATER
ISS022-E-34277,NOT_CRATER
ISS022-E-34278,NOT_CRATER
ISS022-E-34279,NOT_CRATER
ISS022-E-34280,NOT_CRATER
ISS022-E-34281,NOT_CRATER
ISS022-E-34282,NOT_CRATER
ISS022-E-35548,NOT_CRATER
ISS022-E-39452,NOT_CRATER
ISS022-E-39453,NOT_CRATER
ISS022-E-39454,NOT_CRATER
ISS022-E-39455,NOT_CRATER
ISS022-E-39456,NOT_CRATER
ISS022-E-39573,NOT_CRATER
ISS022-E-39577,NOT_CRATER
ISS022-E-39578,NOT_CRATER
ISS022-E-39579,NOT_CRATER
ISS022-E-39580,NOT_CRATER
ISS022-E-39581,NOT_CRATER
ISS022-E-39582,NOT_CRATER
ISS022-E-39583,NOT_CRATER
ISS022-E-39585,NOT_CRATER
ISS022-E-39586,NOT_CRATER
ISS022-E-39587,NOT_CRATER
ISS022-E-39590,NOT_CRATER
ISS022-E-39591,NOT_CRATER
ISS022-E-40560,NOT_CRATER
ISS022-E-40561,NOT_CRATER
ISS022-E-40562,NOT_CRATER
ISS022-E-40563,NOT_CRATER
ISS022-E-40564,NOT_CRATER
ISS022-E-40565,NOT_CRATER
ISS022-E-40566,NOT_CRATER
ISS022-E-40567,NOT_CRATER
ISS022-E-40568,NOT_CRATER
ISS022-E-40569,NOT_CRATER
ISS022-E-40570,NOT_CRATER
ISS022-E-40571,NOT_CRATER
ISS022-E-40572,NOT_CRATER
ISS022-E-5078,NOT_CRATER
ISS022-E-5079,NOT_CRATER
ISS022-E-5080,NOT_CRATER
ISS022-E-5081,NOT_CRATER
ISS022-E-5082,NOT_CRATER
ISS022-E-5083,NOT_CRATER
ISS022-E-5084,NOT_CRATER
ISS022-E-5085,NOT_CRATER
ISS022-E-5086,NOT_CRATER
ISS022-E-5087,NOT_CRATER
ISS022-E-5088,NOT_CRATER
ISS022-E-5089,NOT_CRATER
ISS022-E-5090,NOT_CRATER
ISS022-E-5091,NOT_CRATER
ISS022-E-5092,NOT_CRATER
ISS022-E-5093,NOT_CRATER
ISS022-E-5094,NOT_CRATER
ISS022-E-52679,NOT_CRATER
ISS022-E-52680,NOT_CRATER
ISS022-E-52681,NOT_CRATER
ISS022-E-52682,NOT_CRATER
ISS022-E-52683,NOT_CRATER
ISS022-E-52684,NOT_CRATER
ISS022-E-5291,NOT_CRATER
ISS022-E-5292,NOT_CRATER
ISS022-E-5293,NOT_CRATER
ISS022-E-5295,NOT_CRATER
ISS022-E-5296,NOT_CRATER
ISS022-E-5297,NOT_CRATER
ISS022-E-5298,NOT_CRATER
ISS022-E-5299,NOT_CRATER
ISS022-E-5300,NOT_CRATER
ISS022-E-5301,NOT_CRATER
ISS022-E-5302,NOT_CRATER
ISS022-E-5303,NOT_CRATER
ISS022-E-5304,NOT_CRATER
ISS022-E-5306,NOT_CRATER
ISS022-E-5307,NOT_CRATER
ISS022-E-5309,NOT_CRATER
ISS022-E-5310,NOT_CRATER
ISS022-E-5311,NOT_CRATER
ISS022-E-5312,NOT_CRATER
ISS022-E-5313,NOT_CRATER
ISS022-E-5314,NOT_CRATER
ISS022-E-5315,NOT_CRATER
ISS022-E-5316,NOT_CRATER
ISS022-E-5317,NOT_CRATER
ISS022-E-5318,NOT_CRATER
ISS022-E-5319,NOT_CRATER
ISS022-E-5320,NOT_CRATER
ISS022-E-5321,NOT_CRATER
ISS022-E-5322,NOT_CRATER
ISS022-E-5323,NOT_CRATER
ISS022-E-5410,NOT_CRATER
ISS022-E-5411,NOT_CRATER
ISS022-E-5412,NOT_CRATER
ISS022-E-5413,NOT_CRATER
ISS022-E-5414,NOT_CRATER
ISS022-E-5415,NOT_CRATER
ISS022-E-5416,NOT_CRATER
ISS022-E-5417,NOT_CRATER
ISS022-E-5418,NOT_CRATER
ISS022-E-5419,NOT_CRATER
ISS022-E-5420,NOT_CRATER
ISS022-E-5421,NOT_CRATER
ISS022-E-5422,NOT_CRATER
ISS022-E-5423,NOT_CRATER
ISS022-E-5424,NOT_CRATER
ISS022-E-5425,NOT_CRATER
ISS022-E-5426,NOT_CRATER
ISS022-E-5427,NOT_CRATER
ISS022-E-5428,NOT_CRATER
ISS022-E-5543,NOT_CRATER
ISS022-E-5544,NOT_CRATER
ISS022-E-5545,NOT_CRATER
ISS022-E-5546,NOT_CRATER
ISS022-E-5547,NOT_CRATER
ISS022-E-5548,NOT_CRATER
ISS022-E-5549,NOT_CRATER
ISS022-E-5550,NOT_CRATER
ISS022-E-56861,NOT_CRATER
ISS022-E-5906,NOT_CRATER
ISS022-E-5907,NOT_CRATER
ISS022-E-5908,NOT_CRATER
ISS022-E-5909,NOT_CRATER
ISS022-E-5910,NOT_CRATER
ISS022-E-5911,NOT_CRATER
ISS022-E-5912,NOT_CRATER
ISS022-E-5913,NOT_CRATER
ISS022-E-5914,NOT_CRATER
ISS022-E-5915,NOT_CRATER
ISS022-E-5916,NOT_CRATER
ISS022-E-5917,NOT_CRATER
ISS022-E-5918,NOT_CRATER
ISS022-E-5919,NOT_CRATER
ISS022-E-5920,NOT_CRATER
ISS022-E-5921,NOT_CRATER
ISS022-E-5922,NOT_CRATER
ISS022-E-5923,NOT_CRATER
ISS022-E-5924,NOT_CRATER
ISS022-E-5925,NOT_CRATER
ISS022-E-5926,NOT_CRATER
ISS022-E-5927,NOT_CRATER
ISS022-E-5928,NOT_CRATER
ISS022-E-5929,NOT_CRATER
ISS022-E-5930,NOT_CRATER
ISS022-E-5988,NOT_CRATER
ISS022-E-5989,NOT_CRATER
ISS022-E-5990,NOT_CRATER
ISS022-E-5991,NOT_CRATER
ISS022-E-5992,NOT_CRATER
ISS022-E-5993,NOT_CRATER
ISS022-E-5994,NOT_CRATER
ISS022-E-5995,NOT_CRATER
ISS022-E-5996,NOT_CRATER
ISS022-E-5997,NOT_CRATER
ISS022-E-6696,NOT_CRATER
ISS022-E-6697,NOT_CRATER
ISS022-E-6954,NOT_CRATER
ISS022-E-7037,NOT_CRATER
ISS022-E-7038,NOT_CRATER
ISS022-E-7039,NOT_CRATER
ISS022-E-7040,NOT_CRATER
ISS022-E-7041,NOT_CRATER
ISS022-E-79612,NOT_CRATER
ISS022-E-79613,NOT_CRATER
ISS022-E-79614,NOT_CRATER
ISS022-E-79615,NOT_CRATER
ISS022-E-79616,NOT_CRATER
ISS022-E-79617,NOT_CRATER
ISS022-E-79618,NOT_CRATER
ISS022-E-79619,NOT_CRATER
ISS022-E-79620,NOT_CRATER
ISS022-E-79621,NOT_CRATER
ISS022-E-79622,NOT_CRATER
ISS022-E-79623,NOT_CRATER
ISS022-E-79624,NOT_CRATER
ISS022-E-79625,NOT_CRATER
ISS022-E-79626,NOT_CRATER
ISS022-E-79627,NOT_CRATER
ISS022-E-79629,NOT_CRATER
ISS022-E-79630,NOT_CRATER
ISS022-E-79631,NOT_CRATER
ISS022-E-79632,NOT_CRATER
ISS022-E-84860,NOT_CRATER
ISS022-E-84861,NOT_CRATER
ISS022-E-84862,NOT_CRATER
ISS022-E-84863,NOT_CRATER
ISS022-E-85995,NOT_CRATER
ISS022-E-85996,NOT_CRATER
ISS022-E-87155,NOT_CRATER
ISS022-E-87156,NOT_CRATER
ISS022-E-87157,NOT_CRATER
ISS022-E-87158,NOT_CRATER
ISS022-E-87159,NOT_CRATER
ISS022-E-87160,NOT_CRATER
ISS022-E-87161,NOT_CRATER
ISS022-E-87162,NOT_CRATER
ISS022-E-87163,NOT_CRATER
ISS022-E-87164,NOT_CRATER
ISS022-E-87165,NOT_CRATER
ISS022-E-87166,NOT_CRATER
ISS022-E-87167,NOT_CRATER
ISS022-E-87168,NOT_CRATER
ISS022-E-87169,NOT_CRATER
ISS022-E-87452,NOT_CRATER
ISS022-E-89591,NOT_CRATER
ISS022-E-89592,NOT_CRATER
ISS022-E-89593,NOT_CRATER
ISS022-E-89594,NOT_CRATER
ISS022-E-89595,NOT_CRATER
ISS022-E-89596,NOT_CRATER
ISS023-E-10550,NOT_CRATER
ISS023-E-10551,NOT_CRATER
ISS023-E-10552,NOT_CRATER
ISS023-E-10553,NOT_CRATER
ISS023-E-10554,NOT_CRATER
ISS023-E-10555,NOT_CRATER
ISS023-E-10556,NOT_CRATER
ISS023-E-19281,NOT_CRATER
ISS023-E-25655,NOT_CRATER
ISS023-E-27694,NOT_CRATER
ISS023-E-27695,NOT_CRATER
ISS023-E-27697,NOT_CRATER
ISS023-E-27699,NOT_CRATER
ISS023-E-27708,NOT_CRATER
ISS023-E-27712,NOT_CRATER
ISS023-E-27713,NOT_CRATER
ISS023-E-27720,NOT_CRATER
ISS023-E-27721,NOT_CRATER
ISS023-E-27722,NOT_CRATER
ISS023-E-27724,NOT_CRATER
ISS023-E-27725,NOT_CRATER
ISS023-E-40869,NOT_CRATER
ISS023-E-40874,NOT_CRATER
ISS023-E-40886,NOT_CRATER
ISS023-E-40905,NOT_CRATER
ISS023-E-40907,NOT_CRATER
ISS023-E-40908,NOT_CRATER
ISS023-E-40909,NOT_CRATER
ISS023-E-42241,NOT_CRATER
ISS023-E-45841,NOT_CRATER
ISS023-E-45842,NOT_CRATER
ISS023-E-45843,NOT_CRATER
ISS023-E-45844,NOT_CRATER
ISS023-E-45845,NOT_CRATER
ISS023-E-5096,NOT_CRATER
ISS023-E-51541,NOT_CRATER
ISS023-E-51543,NOT_CRATER
ISS023-E-51544,NOT_CRATER
ISS023-E-5224,NOT_CRATER
ISS023-E-5225,NOT_CRATER
ISS023-E-5226,NOT_CRATER
ISS023-E-5227,NOT_CRATER
ISS023-E-5228,NOT_CRATER
ISS023-E-5229,NOT_CRATER
ISS023-E-5230,NOT_CRATER
ISS023-E-5231,NOT_CRATER
ISS023-E-5232,NOT_CRATER
ISS023-E-5233,NOT_CRATER
ISS023-E-5234,NOT_CRATER
ISS023-E-5235,NOT_CRATER
ISS023-E-5236,NOT_CRATER
ISS023-E-5237,NOT_CRATER
ISS023-E-5238,NOT_CRATER
ISS023-E-5239,NOT_CRATER
ISS023-E-5240,NOT_CRATER
ISS023-E-5241,NOT_CRATER
ISS023-E-5242,NOT_CRATER
ISS023-E-5243,NOT_CRATER
ISS023-E-5244,NOT_CRATER
ISS023-E-5245,NOT_CRATER
ISS023-E-52511,NOT_CRATER
ISS023-E-52512,NOT_CRATER
ISS023-E-52513,NOT_CRATER
ISS023-E-52514,NOT_CRATER
ISS023-E-52515,NOT_CRATER
ISS023-E-52516,NOT_CRATER
ISS023-E-52517,NOT_CRATER
ISS023-E-56616,NOT_CRATER
ISS023-E-56617,NOT_CRATER
ISS023-E-5768,NOT_CRATER
ISS023-E-5895,NOT_CRATER
ISS023-E-5896,NOT_CRATER
ISS023-E-5897,NOT_CRATER
ISS023-E-5898,NOT_CRATER
ISS023-E-5899,NOT_CRATER
ISS023-E-5900,NOT_CRATER
ISS023-E-5901,NOT_CRATER
ISS023-E-5974,NOT_CRATER
ISS023-E-5975,NOT_CRATER
ISS023-E-5976,NOT_CRATER
ISS023-E-5977,NOT_CRATER
ISS023-E-5978,NOT_CRATER
ISS023-E-6575,NOT_CRATER
ISS023-E-6578,NOT_CRATER
ISS023-E-6580,NOT_CRATER
ISS023-E-6581,NOT_CRATER
ISS023-E-7147,NOT_CRATER
ISS023-E-7148,NOT_CRATER
ISS023-E-7149,NOT_CRATER
ISS023-E-7845,NOT_CRATER
ISS023-E-7846,NOT_CRATER
ISS023-E-7847,NOT_CRATER
ISS023-E-7848,NOT_CRATER
ISS023-E-7849,NOT_CRATER
ISS023-E-7850,NOT_CRATER
ISS023-E-7851,NOT_CRATER
ISS023-E-7852,NOT_CRATER
ISS023-E-7853,NOT_CRATER
ISS023-E-7854,NOT_CRATER
ISS023-E-7855,NOT_CRATER
ISS023-E-7856,NOT_CRATER
ISS023-E-7857,NOT_CRATER
ISS023-E-7858,NOT_CRATER
ISS023-E-7859,NOT_CRATER
ISS023-E-7860,NOT_CRATER
ISS023-E-7861,NOT_CRATER
ISS023-E-7862,NOT_CRATER
ISS023-E-7863,NOT_CRATER
ISS023-E-7864,NOT_CRATER
ISS023-E-7865,NOT_CRATER
ISS023-E-7866,NOT_CRATER
ISS023-E-7867,NOT_CRATER
ISS023-E-7868,NOT_CRATER
ISS023-E-8254,NOT_CRATER
ISS023-E-8255,NOT_CRATER
ISS023-E-8256,NOT_CRATER
ISS023-E-8257,NOT_CRATER
ISS023-E-8258,NOT_CRATER
ISS023-E-8259,NOT_CRATER
ISS023-E-8260,NOT_CRATER
ISS023-E-8261,NOT_CRATER
ISS023-E-8262,NOT_CRATER
ISS023-E-8263,NOT_CRATER
ISS023-E-8969,NOT_CRATER
ISS023-E-8971,NOT_CRATER
ISS023-E-8972,NOT_CRATER
ISS023-E-8979,NOT_CRATER
ISS023-E-8980,NOT_CRATER
ISS023-E-8981,NOT_CRATER
ISS023-E-8982,NOT_CRATER
ISS023-E-8983,NOT_CRATER
ISS024-E-6057,NOT_CRATER
ISS024-E-6058,NOT_CRATER
ISS024-E-6059,NOT_CRATER
ISS024-E-8459,NOT_CRATER
ISS024-E-8460,NOT_CRATER
ISS025-E-5258,NOT_CRATER
ISS025-E-6129,NOT_CRATER
ISS025-E-6130,NOT_CRATER
ISS025-E-6131,NOT_CRATER
ISS025-E-9667,NOT_CRATER
ISS026-E-14509,NOT_CRATER
ISS026-E-26783,NOT_CRATER
ISS026-E-7233,NOT_CRATER
ISS026-E-7234,NOT_CRATER
ISS026-E-7235,NOT_CRATER
ISS026-E-7238,NOT_CRATER
ISS026-E-7239,NOT_CRATER
ISS026-E-7240,NOT_CRATER
ISS026-E-7241,NOT_CRATER
ISS026-E-7242,NOT_CRATER
ISS026-E-7243,NOT_CRATER
ISS026-E-7244,NOT_CRATER
ISS026-E-7245,NOT_CRATER
ISS026-E-7246,NOT_CRATER
ISS026-E-7247,NOT_CRATER
ISS026-E-7248,NOT_CRATER
ISS026-E-7249,NOT_CRATER
ISS026-E-7250,NOT_CRATER
ISS026-E-7251,NOT_CRATER
ISS026-E-7252,NOT_CRATER
ISS026-E-7253,NOT_CRATER
ISS026-E-7254,NOT_CRATER
ISS026-E-7255,NOT_CRATER
ISS026-E-7256,NOT_CRATER
ISS026-E-7257,NOT_CRATER
ISS026-E-7354,NOT_CRATER
ISS026-E-7355,NOT_CRATER
ISS027-E-10017,NOT_CRATER
ISS027-E-10018,NOT_CRATER
ISS027-E-10280,NOT_CRATER
ISS027-E-10281,NOT_CRATER
ISS027-E-10282,NOT_CRATER
ISS027-E-10283,NOT_CRATER
ISS027-E-10285,NOT_CRATER
ISS027-E-10287,NOT_CRATER
ISS027-E-10288,NOT_CRATER
ISS027-E-10289,NOT_CRATER
ISS027-E-10290,NOT_CRATER
ISS027-E-10291,NOT_CRATER
ISS027-E-10367,NOT_CRATER
ISS027-E-10368,NOT_CRATER
ISS027-E-10370,NOT_CRATER
ISS027-E-10371,NOT_CRATER
ISS027-E-18406,NOT_CRATER
ISS027-E-18456,NOT_CRATER
ISS027-E-18457,NOT_CRATER
ISS027-E-18458,NOT_CRATER
ISS027-E-18467,NOT_CRATER
ISS027-E-18468,NOT_CRATER
ISS027-E-18469,NOT_CRATER
ISS027-E-18470,NOT_CRATER
ISS027-E-18471,NOT_CRATER
ISS027-E-18472,NOT_CRATER
ISS027-E-18473,NOT_CRATER
ISS027-E-18474,NOT_CRATER
ISS027-E-18475,NOT_CRATER
ISS027-E-18476,NOT_CRATER
ISS027-E-18477,NOT_CRATER
ISS027-E-18478,NOT_CRATER
ISS027-E-18479,NOT_CRATER
ISS027-E-18480,NOT_CRATER
ISS027-E-18481,NOT_CRATER
ISS027-E-18482,NOT_CRATER
ISS027-E-18483,NOT_CRATER
ISS027-E-18484,NOT_CRATER
ISS027-E-18485,NOT_CRATER
ISS027-E-18486,NOT_CRATER
ISS027-E-18487,NOT_CRATER
ISS027-E-18488,NOT_CRATER
ISS027-E-18489,NOT_CRATER
ISS027-E-18490,NOT_CRATER
ISS027-E-20474,NOT_CRATER
ISS027-E-20475,NOT_CRATER
ISS027-E-20476,NOT_CRATER
ISS027-E-20477,NOT_CRATER
ISS027-E-20478,NOT_CRATER
ISS027-E-20479,NOT_CRATER
ISS027-E-20480,NOT_CRATER
ISS027-E-20481,NOT_CRATER
ISS027-E-20482,NOT_CRATER
ISS027-E-20659,NOT_CRATER
ISS027-E-22980,NOT_CRATER
ISS027-E-22981,NOT_CRATER
ISS027-E-22982,NOT_CRATER
ISS027-E-22983,NOT_CRATER
ISS027-E-26973,NOT_CRATER
ISS027-E-26974,NOT_CRATER
ISS027-E-26975,NOT_CRATER
ISS027-E-28750,NOT_CRATER
ISS027-E-28751,NOT_CRATER
ISS027-E-28752,NOT_CRATER
ISS027-E-28753,NOT_CRATER
ISS027-E-28754,NOT_CRATER
ISS027-E-28755,NOT_CRATER
ISS027-E-28756,NOT_CRATER
ISS027-E-28757,NOT_CRATER
ISS027-E-28758,NOT_CRATER
ISS027-E-28759,NOT_CRATER
ISS027-E-28836,NOT_CRATER
ISS027-E-28995,NOT_CRATER
ISS027-E-28996,NOT_CRATER
ISS027-E-28997,NOT_CRATER
ISS027-E-28998,NOT_CRATER
ISS027-E-28999,NOT_CRATER
ISS027-E-29000,NOT_CRATER
ISS027-E-29001,NOT_CRATER
ISS027-E-29002,NOT_CRATER
ISS027-E-29003,NOT_CRATER
ISS027-E-29004,NOT_CRATER
ISS027-E-29013,NOT_CRATER
ISS027-E-29014,NOT_CRATER
ISS027-E-29015,NOT_CRATER
ISS027-E-29016,NOT_CRATER
ISS027-E-29017,NOT_CRATER
ISS027-E-29018,NOT_CRATER
ISS027-E-29019,NOT_CRATER
ISS027-E-29020,NOT_CRATER
ISS027-E-29021,NOT_CRATER
ISS027-E-29022,NOT_CRATER
ISS027-E-29025,NOT_CRATER
ISS027-E-29026,NOT_CRATER
ISS027-E-29027,NOT_CRATER
ISS027-E-29031,NOT_CRATER
ISS027-E-29032,NOT_CRATER
ISS027-E-29033,NOT_CRATER
ISS027-E-29034,NOT_CRATER
ISS027-E-29035,NOT_CRATER
ISS027-E-29036,NOT_CRATER
ISS027-E-29041,NOT_CRATER
ISS027-E-37323,NOT_CRATER
ISS027-E-5459,NOT_CRATER
ISS027-E-5460,NOT_CRATER
ISS027-E-5461,NOT_CRATER
ISS027-E-5462,NOT_CRATER
ISS027-E-5463,NOT_CRATER
ISS027-E-5466,NOT_CRATER
ISS027-E-5467,NOT_CRATER
ISS027-E-5597,NOT_CRATER
ISS027-E-5598,NOT_CRATER
ISS027-E-5599,NOT_CRATER
ISS027-E-5600,NOT_CRATER
ISS027-E-5601,NOT_CRATER
ISS027-E-5602,NOT_CRATER
ISS027-E-5603,NOT_CRATER
ISS027-E-5604,NOT_CRATER
ISS027-E-5605,NOT_CRATER
ISS027-E-5606,NOT_CRATER
ISS027-E-5607,NOT_CRATER
ISS027-E-5608,NOT_CRATER
ISS027-E-5609,NOT_CRATER
ISS027-E-5617,NOT_CRATER
ISS027-E-5618,NOT_CRATER
ISS027-E-5619,NOT_CRATER
ISS027-E-5623,NOT_CRATER
ISS027-E-5624,NOT_CRATER
ISS027-E-5814,NOT_CRATER
ISS027-E-5815,NOT_CRATER
ISS027-E-5816,NOT_CRATER
ISS027-E-5817,NOT_CRATER
ISS027-E-5818,NOT_CRATER
ISS027-E-5819,NOT_CRATER
ISS027-E-5820,NOT_CRATER
ISS027-E-5821,NOT_CRATER
ISS027-E-5822,NOT_CRATER
ISS027-E-5823,NOT_CRATER
ISS027-E-5824,NOT_CRATER
ISS027-E-5825,NOT_CRATER
ISS027-E-5826,NOT_CRATER
ISS027-E-5827,NOT_CRATER
ISS027-E-5828,NOT_CRATER
ISS027-E-5829,NOT_CRATER
ISS027-E-5830,NOT_CRATER
ISS027-E-5831,NOT_CRATER
ISS027-E-5832,NOT_CRATER
ISS027-E-5833,NOT_CRATER
ISS027-E-5834,NOT_CRATER
ISS027-E-5835,NOT_CRATER
ISS027-E-5836,NOT_CRATER
ISS027-E-5837,NOT_CRATER
ISS027-E-5838,NOT_CRATER
ISS027-E-5839,NOT_CRATER
ISS027-E-5840,NOT_CRATER
ISS027-E-5841,NOT_CRATER
ISS027-E-5842,NOT_CRATER
ISS027-E-5843,NOT_CRATER
ISS027-E-5844,NOT_CRATER
ISS027-E-5845,NOT_CRATER
ISS027-E-5846,NOT_CRATER
ISS027-E-5847,NOT_CRATER
ISS027-E-5848,NOT_CRATER
ISS027-E-5849,NOT_CRATER
ISS027-E-5850,NOT_CRATER
ISS027-E-5851,NOT_CRATER
ISS027-E-5852,NOT_CRATER
ISS027-E-5853,NOT_CRATER
ISS027-E-5854,NOT_CRATER
ISS027-E-5855,NOT_CRATER
ISS027-E-5856,NOT_CRATER
ISS027-E-5857,NOT_CRATER
ISS027-E-5858,NOT_CRATER
ISS027-E-5859,NOT_CRATER
ISS027-E-5860,NOT_CRATER
ISS027-E-5861,NOT_CRATER
ISS027-E-5862,NOT_CRATER
ISS027-E-5863,NOT_CRATER
ISS027-E-5864,NOT_CRATER
ISS027-E-5865,NOT_CRATER
ISS027-E-7643,NOT_CRATER
ISS027-E-7646,NOT_CRATER
ISS027-E-7647,NOT_CRATER
ISS027-E-7648,NOT_CRATER
ISS027-E-7649,NOT_CRATER
ISS027-E-7650,NOT_CRATER
ISS027-E-7653,NOT_CRATER
ISS027-E-7654,NOT_CRATER
ISS027-E-7655,NOT_CRATER
ISS027-E-7656,NOT_CRATER
ISS027-E-7657,NOT_CRATER
ISS027-E-7659,NOT_CRATER
ISS027-E-7661,NOT_CRATER
ISS027-E-7662,NOT_CRATER
ISS027-E-7663,NOT_CRATER
ISS027-E-7664,NOT_CRATER
ISS027-E-7665,NOT_CRATER
ISS027-E-7666,NOT_CRATER
ISS027-E-7668,NOT_CRATER
ISS027-E-7671,NOT_CRATER
ISS027-E-7672,NOT_CRATER
ISS027-E-7674,NOT_CRATER
ISS027-E-7675,NOT_CRATER
ISS027-E-7677,NOT_CRATER
ISS027-E-7681,NOT_CRATER
ISS027-E-7682,NOT_CRATER
ISS027-E-7689,NOT_CRATER
ISS027-E-7693,NOT_CRATER
ISS027-E-7694,NOT_CRATER
ISS027-E-7695,NOT_CRATER
ISS027-E-7948,NOT_CRATER
ISS027-E-7949,NOT_CRATER
ISS027-E-7950,NOT_CRATER
ISS027-E-7951,NOT_CRATER
ISS027-E-7952,NOT_CRATER
ISS027-E-7953,NOT_CRATER
ISS027-E-7954,NOT_CRATER
ISS027-E-7960,NOT_CRATER
ISS027-E-7961,NOT_CRATER
ISS027-E-7962,NOT_CRATER
ISS027-E-7963,NOT_CRATER
ISS027-E-7964,NOT_CRATER
ISS027-E-7965,NOT_CRATER
ISS027-E-7966,NOT_CRATER
ISS027-E-7967,NOT_CRATER
ISS027-E-7968,NOT_CRATER
ISS027-E-7969,NOT_CRATER
ISS027-E-7970,NOT_CRATER
ISS027-E-7971,NOT_CRATER
ISS027-E-7972,NOT_CRATER
ISS027-E-7973,NOT_CRATER
ISS027-E-7974,NOT_CRATER
ISS027-E-7975,NOT_CRATER
ISS027-E-7976,NOT_CRATER
ISS027-E-7977,NOT_CRATER
ISS027-E-7978,NOT_CRATER
ISS027-E-7979,NOT_CRATER
ISS027-E-7980,NOT_CRATER
ISS027-E-9041,NOT_CRATER
ISS027-E-9042,NOT_CRATER
ISS027-E-9043,NOT_CRATER
ISS027-E-9044,NOT_CRATER
ISS027-E-9045,NOT_CRATER
ISS027-E-9046,NOT_CRATER
ISS027-E-9047,NOT_CRATER
ISS027-E-9048,NOT_CRATER
ISS027-E-9049,NOT_CRATER
ISS027-E-9239,NOT_CRATER
ISS027-E-9240,NOT_CRATER
ISS027-E-9387,NOT_CRATER
ISS027-E-9388,NOT_CRATER
ISS027-E-9389,NOT_CRATER
ISS027-E-9390,NOT_CRATER
ISS027-E-9391,NOT_CRATER
ISS027-E-9392,NOT_CRATER
ISS028-E-10265,NOT_CRATER
ISS028-E-10266,NOT_CRATER
ISS028-E-10275,NOT_CRATER
ISS028-E-10276,NOT_CRATER
ISS028-E-10277,NOT_CRATER
ISS028-E-10279,NOT_CRATER
ISS028-E-10280,NOT_CRATER
ISS028-E-10284,NOT_CRATER
ISS028-E-10648,NOT_CRATER
ISS028-E-10649,NOT_CRATER
ISS028-E-14274,NOT_CRATER
ISS028-E-14421,NOT_CRATER
ISS028-E-14449,NOT_CRATER
ISS028-E-14450,NOT_CRATER
ISS028-E-14451,NOT_CRATER
ISS028-E-14452,NOT_CRATER
ISS028-E-14453,NOT_CRATER
ISS028-E-14454,NOT_CRATER
ISS028-E-14460,NOT_CRATER
ISS028-E-14604,NOT_CRATER
ISS028-E-14606,NOT_CRATER
ISS028-E-14607,NOT_CRATER
ISS028-E-14609,NOT_CRATER
ISS028-E-14610,NOT_CRATER
ISS028-E-14611,NOT_CRATER
ISS028-E-14612,NOT_CRATER
ISS028-E-14613,NOT_CRATER
ISS028-E-14617,NOT_CRATER
ISS028-E-14618,NOT_CRATER
ISS028-E-14619,NOT_CRATER
ISS028-E-14625,NOT_CRATER
ISS028-E-14626,NOT_CRATER
ISS028-E-14627,NOT_CRATER
ISS028-E-22504,NOT_CRATER
ISS028-E-22510,NOT_CRATER
ISS028-E-22511,NOT_CRATER
ISS028-E-22512,NOT_CRATER
ISS028-E-22513,NOT_CRATER
ISS028-E-22514,NOT_CRATER
ISS028-E-22515,NOT_CRATER
ISS028-E-5189,NOT_CRATER
ISS028-E-5190,NOT_CRATER
ISS028-E-7179,NOT_CRATER
ISS028-E-7180,NOT_CRATER
ISS028-E-7181,NOT_CRATER
ISS028-E-7182,NOT_CRATER
ISS028-E-7183,NOT_CRATER
ISS028-E-7191,NOT_CRATER
ISS028-E-9094,NOT_CRATER
ISS028-E-9797,NOT_CRATER
ISS029-E-21217,NOT_CRATER
ISS029-E-21218,NOT_CRATER
ISS029-E-21219,NOT_CRATER
ISS029-E-31888,NOT_CRATER
ISS029-E-31889,NOT_CRATER
ISS029-E-33904,NOT_CRATER
ISS029-E-35365,NOT_CRATER
ISS029-E-44040,NOT_CRATER
ISS029-E-44041,NOT_CRATER
ISS029-E-44042,NOT_CRATER
ISS029-E-44043,NOT_CRATER
ISS029-E-5555,NOT_CRATER
ISS029-E-8110,NOT_CRATER
ISS029-E-8111,NOT_CRATER
ISS030-E-109518,NOT_CRATER
ISS030-E-109519,NOT_CRATER
ISS030-E-109521,NOT_CRATER
ISS030-E-109522,NOT_CRATER
ISS030-E-161308,NOT_CRATER
ISS030-E-161309,NOT_CRATER
ISS030-E-22134,NOT_CRATER
ISS030-E-22135,NOT_CRATER
ISS030-E-5177,NOT_CRATER
ISS030-E-5178,NOT_CRATER
ISS030-E-5179,NOT_CRATER
ISS030-E-5196,NOT_CRATER
ISS030-E-5198,NOT_CRATER
ISS031-E-121480,NOT_CRATER
ISS031-E-121481,NOT_CRATER
ISS031-E-121482,NOT_CRATER
ISS031-E-121483,NOT_CRATER
ISS031-E-121484,NOT_CRATER
ISS031-E-121485,NOT_CRATER
ISS031-E-121486,NOT_CRATER
ISS031-E-121487,NOT_CRATER
ISS031-E-121488,NOT_CRATER
ISS031-E-121489,NOT_CRATER
ISS031-E-121490,NOT_CRATER
ISS031-E-121491,NOT_CRATER
ISS031-E-121492,NOT_CRATER
ISS031-E-121493,NOT_CRATER
ISS031-E-121494,NOT_CRATER
ISS031-E-121495,NOT_CRATER
ISS031-E-30408,NOT_CRATER
ISS031-E-30662,NOT_CRATER
ISS031-E-30664,NOT_CRATER
ISS031-E-30668,NOT_CRATER
ISS031-E-30669,NOT_CRATER
ISS031-E-30670,NOT_CRATER
ISS031-E-30671,NOT_CRATER
ISS031-E-30676,NOT_CRATER
ISS031-E-30677,NOT_CRATER
ISS031-E-30678,NOT_CRATER
ISS031-E-30683,NOT_CRATER
ISS031-E-30684,NOT_CRATER
ISS031-E-30685,NOT_CRATER
ISS031-E-30709,NOT_CRATER
ISS031-E-30710,NOT_CRATER
ISS031-E-30711,NOT_CRATER
ISS031-E-30712,NOT_CRATER
ISS031-E-30713,NOT_CRATER
ISS031-E-30714,NOT_CRATER
ISS031-E-30715,NOT_CRATER
ISS031-E-30716,NOT_CRATER
ISS031-E-30717,NOT_CRATER
ISS031-E-59868,NOT_CRATER
ISS031-E-59869,NOT_CRATER
ISS031-E-59870,NOT_CRATER
ISS031-E-59871,NOT_CRATER
ISS031-E-59872,NOT_CRATER
ISS031-E-59873,NOT_CRATER
ISS031-E-59874,NOT_CRATER
ISS031-E-59875,NOT_CRATER
ISS031-E-59876,NOT_CRATER
ISS031-E-59877,NOT_CRATER
ISS031-E-59878,NOT_CRATER
ISS031-E-59879,NOT_CRATER
ISS031-E-59880,NOT_CRATER
ISS031-E-59881,NOT_CRATER
ISS031-E-59882,NOT_CRATER
ISS031-E-59883,NOT_CRATER
ISS031-E-59884,NOT_CRATER
ISS031-E-59885,NOT_CRATER
ISS031-E-59886,NOT_CRATER
ISS031-E-59887,NOT_CRATER
ISS031-E-59888,NOT_CRATER
ISS031-E-59889,NOT_CRATER
ISS031-E-59890,NOT_CRATER
ISS031-E-59891,NOT_CRATER
ISS031-E-59892,NOT_CRATER
ISS031-E-59893,NOT_CRATER
ISS031-E-59894,NOT_CRATER
ISS031-E-59895,NOT_CRATER
ISS031-E-59896,NOT_CRATER
ISS031-E-59897,NOT_CRATER
ISS031-E-59898,NOT_CRATER
ISS031-E-59899,NOT_CRATER
ISS031-E-59900,NOT_CRATER
ISS031-E-59901,NOT_CRATER
ISS031-E-59902,NOT_CRATER
ISS031-E-59903,NOT_CRATER
ISS031-E-59904,NOT_CRATER
ISS031-E-59905,NOT_CRATER
ISS031-E-59906,NOT_CRATER
ISS031-E-59907,NOT_CRATER
ISS031-E-59908,NOT_CRATER
ISS031-E-59909,NOT_CRATER
ISS031-E-59910,NOT_CRATER
ISS031-E-59911,NOT_CRATER
ISS031-E-59912,NOT_CRATER
ISS031-E-59913,NOT_CRATER
ISS031-E-59914,NOT_CRATER
ISS031-E-59915,NOT_CRATER
ISS031-E-59916,NOT_CRATER
ISS031-E-59917,NOT_CRATER
ISS031-E-59918,NOT_CRATER
ISS031-E-59919,NOT_CRATER
ISS031-E-59920,NOT_CRATER
ISS031-E-59921,NOT_CRATER
ISS031-E-59922,NOT_CRATER
ISS031-E-59923,NOT_CRATER
ISS031-E-59924,NOT_CRATER
ISS031-E-59925,NOT_CRATER
ISS031-E-59926,NOT_CRATER
ISS031-E-59927,NOT_CRATER
ISS031-E-59928,NOT_CRATER
ISS031-E-59929,NOT_CRATER
ISS031-E-59930,NOT_CRATER
ISS031-E-59931,NOT_CRATER
ISS031-E-59932,NOT_CRATER
ISS031-E-59933,NOT_CRATER
ISS031-E-59934,NOT_CRATER
ISS031-E-59935,NOT_CRATER
ISS031-E-59936,NOT_CRATER
ISS031-E-59937,NOT_CRATER
ISS031-E-59938,NOT_CRATER
ISS031-E-59939,NOT_CRATER
ISS031-E-59940,NOT_CRATER
ISS031-E-59941,NOT_CRATER
ISS031-E-59942,NOT_CRATER
ISS031-E-59943,NOT_CRATER
ISS031-E-59944,NOT_CRATER
ISS031-E-59945,NOT_CRATER
ISS031-E-59946,NOT_CRATER
ISS031-E-59947,NOT_CRATER
ISS031-E-59948,NOT_CRATER
ISS031-E-59949,NOT_CRATER
ISS031-E-59950,NOT_CRATER
ISS031-E-59951,NOT_CRATER
ISS031-E-59952,NOT_CRATER
ISS031-E-59953,NOT_CRATER
ISS031-E-59954,NOT_CRATER
ISS031-E-59955,NOT_CRATER
ISS031-E-59956,NOT_CRATER
ISS031-E-59957,NOT_CRATER
ISS031-E-59958,NOT_CRATER
ISS031-E-59959,NOT_CRATER
ISS031-E-59960,NOT_CRATER
ISS031-E-59961,NOT_CRATER
ISS031-E-59962,NOT_CRATER
ISS031-E-59963,NOT_CRATER
ISS031-E-59964,NOT_CRATER
ISS031-E-59965,NOT_CRATER
ISS031-E-59966,NOT_CRATER
ISS031-E-59967,NOT_CRATER
ISS031-E-59968,NOT_CRATER
ISS031-E-59969,NOT_CRATER
ISS031-E-59970,NOT_CRATER
ISS031-E-59971,NOT_CRATER
ISS031-E-59972,NOT_CRATER
ISS031-E-59973,NOT_CRATER
ISS031-E-59974,NOT_CRATER
ISS031-E-59975,NOT_CRATER
ISS031-E-59976,NOT_CRATER
ISS031-E-59977,NOT_CRATER
ISS031-E-59978,NOT_CRATER
ISS031-E-59979,NOT_CRATER
ISS031-E-59980,NOT_CRATER
ISS031-E-59981,NOT_CRATER
ISS031-E-59982,NOT_CRATER
ISS031-E-59983,NOT_CRATER
ISS031-E-59984,NOT_CRATER
ISS031-E-59985,NOT_CRATER
ISS031-E-59986,NOT_CRATER
ISS031-E-59987,NOT_CRATER
ISS031-E-59988,NOT_CRATER
ISS031-E-85297,NOT_CRATER
ISS031-E-85298,NOT_CRATER
ISS031-E-85299,NOT_CRATER
ISS032-E-25571,NOT_CRATER
ISS032-E-7741,NOT_CRATER
ISS032-E-9926,NOT_CRATER
ISS033-E-12445,NOT_CRATER
ISS033-E-12446,NOT_CRATER
ISS033-E-12447,NOT_CRATER
ISS033-E-12448,NOT_CRATER
ISS033-E-12449,NOT_CRATER
ISS033-E-12450,NOT_CRATER
ISS033-E-12451,NOT_CRATER
ISS033-E-12452,NOT_CRATER
ISS033-E-12453,NOT_CRATER
ISS033-E-12454,NOT_CRATER
ISS033-E-12455,NOT_CRATER
ISS033-E-12456,NOT_CRATER
ISS033-E-12457,NOT_CRATER
ISS033-E-12458,NOT_CRATER
ISS033-E-12459,NOT_CRATER
ISS033-E-12460,NOT_CRATER
ISS033-E-12461,NOT_CRATER
ISS033-E-12462,NOT_CRATER
ISS033-E-6845,NOT_CRATER
ISS033-E-7660,NOT_CRATER
ISS033-E-7661,NOT_CRATER
ISS033-E-7662,NOT_CRATER
ISS033-E-7663,NOT_CRATER
ISS033-E-7664,NOT_CRATER
ISS033-E-7665,NOT_CRATER
ISS033-E-7666,NOT_CRATER
ISS033-E-7667,NOT_CRATER
ISS033-E-7668,NOT_CRATER
ISS033-E-7669,NOT_CRATER
ISS033-E-7670,NOT_CRATER
ISS033-E-7671,NOT_CRATER
ISS033-E-7672,NOT_CRATER
ISS033-E-7673,NOT_CRATER
ISS033-E-7674,NOT_CRATER
ISS033-E-7675,NOT_CRATER
ISS033-E-7676,NOT_CRATER
ISS033-E-7677,NOT_CRATER
ISS033-E-7678,NOT_CRATER
ISS033-E-7679,NOT_CRATER
ISS033-E-7680,NOT_CRATER
ISS034-E-10686,NOT_CRATER
ISS034-E-11110,NOT_CRATER
ISS034-E-14189,NOT_CRATER
ISS034-E-33179,NOT_CRATER
ISS034-E-33180,NOT_CRATER
ISS034-E-33181,NOT_CRATER
ISS034-E-33182,NOT_CRATER
ISS034-E-33183,NOT_CRATER
ISS034-E-33184,NOT_CRATER
ISS034-E-33185,NOT_CRATER
ISS034-E-33186,NOT_CRATER
ISS034-E-33187,NOT_CRATER
ISS034-E-33188,NOT_CRATER
ISS034-E-33189,NOT_CRATER
ISS034-E-33190,NOT_CRATER
ISS034-E-33191,NOT_CRATER
ISS034-E-33192,NOT_CRATER
ISS034-E-37004,NOT_CRATER
ISS034-E-37005,NOT_CRATER
ISS034-E-37006,NOT_CRATER
ISS034-E-37007,NOT_CRATER
ISS034-E-37008,NOT_CRATER
ISS034-E-37009,NOT_CRATER
ISS034-E-37010,NOT_CRATER
ISS034-E-37011,NOT_CRATER
ISS034-E-37012,NOT_CRATER
ISS034-E-37013,NOT_CRATER
ISS034-E-37014,NOT_CRATER
ISS034-E-37015,NOT_CRATER
ISS034-E-37016,NOT_CRATER
ISS034-E-37017,NOT_CRATER
ISS034-E-37018,NOT_CRATER
ISS034-E-37019,NOT_CRATER
ISS034-E-39254,NOT_CRATER
ISS034-E-70321,NOT_CRATER
ISS034-E-70322,NOT_CRATER
ISS034-E-70325,NOT_CRATER
ISS034-E-70326,NOT_CRATER
ISS035-E-6553,NOT_CRATER
ISS035-E-6554,NOT_CRATER
ISS035-E-6555,NOT_CRATER
ISS035-E-6556,NOT_CRATER
ISS035-E-7511,NOT_CRATER
ISS035-E-7512,NOT_CRATER
ISS035-E-7513,NOT_CRATER
ISS035-E-7514,NOT_CRATER
ISS035-E-7515,NOT_CRATER
ISS035-E-7516,NOT_CRATER
ISS036-E-13871,NOT_CRATER
ISS036-E-2543,NOT_CRATER
ISS036-E-2544,NOT_CRATER
ISS036-E-2545,NOT_CRATER
ISS036-E-2547,NOT_CRATER
ISS036-E-39265,NOT_CRATER
ISS036-E-694,NOT_CRATER
ISS036-E-695,NOT_CRATER
ISS036-E-696,NOT_CRATER
ISS036-E-697,NOT_CRATER
ISS036-E-698,NOT_CRATER
ISS036-E-699,NOT_CRATER
ISS036-E-700,NOT_CRATER
ISS036-E-701,NOT_CRATER
ISS036-E-702,NOT_CRATER
ISS036-E-703,NOT_CRATER
ISS036-E-704,NOT_CRATER
ISS036-E-705,NOT_CRATER
ISS036-E-706,NOT_CRATER
ISS036-E-707,NOT_CRATER
ISS036-E-708,NOT_CRATER
ISS036-E-709,NOT_CRATER
ISS036-E-710,NOT_CRATER
ISS036-E-711,NOT_CRATER
ISS036-E-712,NOT_CRATER
ISS036-E-713,NOT_CRATER
ISS036-E-714,NOT_CRATER
ISS036-E-715,NOT_CRATER
ISS036-E-716,NOT_CRATER
ISS036-E-717,NOT_CRATER
ISS036-E-718,NOT_CRATER
ISS036-E-719,NOT_CRATER
ISS036-E-720,NOT_CRATER
ISS036-E-721,NOT_CRATER
ISS036-E-722,NOT_CRATER
ISS036-E-723,NOT_CRATER
ISS036-E-724,NOT_CRATER
ISS036-E-725,NOT_CRATER
ISS036-E-726,NOT_CRATER
ISS036-E-727,NOT_CRATER
ISS036-E-728,NOT_CRATER
ISS036-E-729,NOT_CRATER
ISS036-E-7298,NOT_CRATER
ISS036-E-7299,NOT_CRATER
ISS036-E-730,NOT_CRATER
ISS036-E-7300,NOT_CRATER
ISS036-E-7301,NOT_CRATER
ISS036-E-7302,NOT_CRATER
ISS036-E-7303,NOT_CRATER
ISS036-E-7304,NOT_CRATER
ISS036-E-7305,NOT_CRATER
ISS036-E-7306,NOT_CRATER
ISS036-E-7307,NOT_CRATER
ISS036-E-7308,NOT_CRATER
ISS036-E-7309,NOT_CRATER
ISS036-E-731,NOT_CRATER
ISS036-E-7310,NOT_CRATER
ISS036-E-7311,NOT_CRATER
ISS036-E-7312,NOT_CRATER
ISS036-E-7313,NOT_CRATER
ISS036-E-7314,NOT_CRATER
ISS036-E-7315,NOT_CRATER
ISS036-E-7316,NOT_CRATER
ISS036-E-7317,NOT_CRATER
ISS036-E-7318,NOT_CRATER
ISS036-E-7319,NOT_CRATER
ISS036-E-732,NOT_CRATER
ISS036-E-7320,NOT_CRATER
ISS036-E-7321,NOT_CRATER
ISS036-E-7322,NOT_CRATER
ISS036-E-7323,NOT_CRATER
ISS036-E-7324,NOT_CRATER
ISS036-E-7325,NOT_CRATER
ISS036-E-7326,NOT_CRATER
ISS036-E-7327,NOT_CRATER
ISS036-E-7328,NOT_CRATER
ISS036-E-7329,NOT_CRATER
ISS036-E-733,NOT_CRATER
ISS036-E-7333,NOT_CRATER
ISS036-E-7334,NOT_CRATER
ISS036-E-7335,NOT_CRATER
ISS036-E-7336,NOT_CRATER
ISS036-E-7337,NOT_CRATER
ISS036-E-7338,NOT_CRATER
ISS036-E-7339,NOT_CRATER
ISS036-E-734,NOT_CRATER
ISS036-E-735,NOT_CRATER
ISS036-E-736,NOT_CRATER
ISS036-E-737,NOT_CRATER
ISS036-E-738,NOT_CRATER
ISS036-E-739,NOT_CRATER
ISS036-E-7390,NOT_CRATER
ISS036-E-7391,NOT_CRATER
ISS036-E-7392,NOT_CRATER
ISS036-E-7393,NOT_CRATER
ISS036-E-7394,NOT_CRATER
ISS036-E-7395,NOT_CRATER
ISS036-E-7396,NOT_CRATER
ISS036-E-7397,NOT_CRATER
ISS036-E-7399,NOT_CRATER
ISS036-E-740,NOT_CRATER
ISS036-E-7400,NOT_CRATER
ISS036-E-7401,NOT_CRATER
ISS036-E-7402,NOT_CRATER
ISS036-E-7406,NOT_CRATER
ISS036-E-7407,NOT_CRATER
ISS036-E-741,NOT_CRATER
ISS036-E-742,NOT_CRATER
ISS036-E-743,NOT_CRATER
ISS036-E-8257,NOT_CRATER
ISS036-E-8258,NOT_CRATER
ISS036-E-8259,NOT_CRATER
ISS036-E-8260,NOT_CRATER
ISS036-E-8261,NOT_CRATER
ISS036-E-8262,NOT_CRATER
ISS036-E-8263,NOT_CRATER
ISS036-E-8265,NOT_CRATER
ISS036-E-8266,NOT_CRATER
ISS036-E-8267,NOT_CRATER
ISS036-E-8270,NOT_CRATER
ISS036-E-8271,NOT_CRATER
ISS036-E-8272,NOT_CRATER
ISS036-E-8273,NOT_CRATER
ISS036-E-8274,NOT_CRATER
ISS036-E-8277,NOT_CRATER
ISS036-E-8278,NOT_CRATER
ISS036-E-8303,NOT_CRATER
ISS036-E-8307,NOT_CRATER
ISS036-E-8308,NOT_CRATER
ISS036-E-8309,NOT_CRATER
ISS036-E-8310,NOT_CRATER
ISS036-E-8311,NOT_CRATER
ISS036-E-8312,NOT_CRATER
ISS036-E-8315,NOT_CRATER
ISS036-E-8316,NOT_CRATER
ISS036-E-8317,NOT_CRATER
ISS036-E-8318,NOT_CRATER
ISS036-E-8319,NOT_CRATER
ISS036-E-8320,NOT_CRATER
ISS036-E-8321,NOT_CRATER
ISS036-E-8322,NOT_CRATER
ISS036-E-8323,NOT_CRATER
ISS036-E-8324,NOT_CRATER
ISS036-E-8438,NOT_CRATER
ISS036-E-8439,NOT_CRATER
ISS036-E-8763,NOT_CRATER
ISS036-E-8769,NOT_CRATER
ISS037-E-1300,NOT_CRATER
ISS037-E-1301,NOT_CRATER
ISS037-E-1302,NOT_CRATER
ISS037-E-1303,NOT_CRATER
ISS037-E-1405,NOT_CRATER
ISS037-E-1406,NOT_CRATER
ISS037-E-15087,NOT_CRATER
ISS037-E-15088,NOT_CRATER
ISS037-E-15089,NOT_CRATER
ISS037-E-15090,NOT_CRATER
ISS037-E-15091,NOT_CRATER
ISS037-E-15092,NOT_CRATER
ISS037-E-15093,NOT_CRATER
ISS037-E-17225,NOT_CRATER
ISS037-E-19543,NOT_CRATER
ISS037-E-25090,NOT_CRATER
ISS037-E-25091,NOT_CRATER
ISS037-E-25092,NOT_CRATER
ISS037-E-25093,NOT_CRATER
ISS037-E-25094,NOT_CRATER
ISS038-E-10568,NOT_CRATER
ISS038-E-10569,NOT_CRATER
ISS038-E-12754,NOT_CRATER
ISS038-E-12755,NOT_CRATER
ISS038-E-12756,NOT_CRATER
ISS038-E-12757,NOT_CRATER
ISS038-E-12758,NOT_CRATER
ISS038-E-12759,NOT_CRATER
ISS038-E-20766,NOT_CRATER
ISS038-E-20767,NOT_CRATER
ISS038-E-23285,NOT_CRATER
ISS038-E-5213,NOT_CRATER
ISS038-E-63919,NOT_CRATER
ISS038-E-63920,NOT_CRATER
ISS038-E-63921,NOT_CRATER
ISS038-E-63922,NOT_CRATER
ISS038-E-63923,NOT_CRATER
ISS038-E-63924,NOT_CRATER
ISS038-E-7192,NOT_CRATER
ISS038-E-7193,NOT_CRATER
ISS038-E-7194,NOT_CRATER
ISS038-E-7195,NOT_CRATER
ISS038-E-7196,NOT_CRATER
ISS038-E-7197,NOT_CRATER
ISS038-E-7476,NOT_CRATER
ISS038-E-7477,NOT_CRATER
ISS038-E-7478,NOT_CRATER
ISS038-E-7479,NOT_CRATER
ISS038-E-7480,NOT_CRATER
ISS038-E-7481,NOT_CRATER
ISS038-E-7482,NOT_CRATER
ISS038-E-7483,NOT_CRATER
ISS038-E-7484,NOT_CRATER
ISS038-E-7485,NOT_CRATER
ISS038-E-7487,NOT_CRATER
ISS038-E-7488,NOT_CRATER
ISS038-E-7489,NOT_CRATER
ISS038-E-7490,NOT_CRATER
ISS038-E-7491,NOT_CRATER
ISS038-E-7492,NOT_CRATER
ISS038-E-7493,NOT_CRATER
ISS038-E-7494,NOT_CRATER
ISS038-E-7495,NOT_CRATER
ISS038-E-7496,NOT_CRATER
ISS038-E-7497,NOT_CRATER
ISS038-E-7498,NOT_CRATER
ISS038-E-7634,NOT_CRATER
ISS038-E-7635,NOT_CRATER
ISS038-E-7636,NOT_CRATER
ISS039-E-12242,NOT_CRATER
ISS039-E-18646,NOT_CRATER
ISS039-E-5224,NOT_CRATER
ISS040-E-124654,NOT_CRATER
ISS040-E-124655,NOT_CRATER
ISS040-E-124656,NOT_CRATER
ISS040-E-14814,NOT_CRATER
ISS040-E-14815,NOT_CRATER
ISS040-E-14816,NOT_CRATER
ISS040-E-14817,NOT_CRATER
ISS040-E-14818,NOT_CRATER
ISS040-E-178,NOT_CRATER
ISS040-E-179,NOT_CRATER
ISS040-E-180,NOT_CRATER
ISS040-E-181,NOT_CRATER
ISS040-E-182,NOT_CRATER
ISS040-E-183,NOT_CRATER
ISS040-E-184,NOT_CRATER
ISS040-E-185,NOT_CRATER
ISS040-E-186,NOT_CRATER
ISS040-E-187,NOT_CRATER
ISS040-E-190,NOT_CRATER
ISS040-E-19116,NOT_CRATER
ISS040-E-196,NOT_CRATER
ISS040-E-197,NOT_CRATER
ISS040-E-198,NOT_CRATER
ISS040-E-199,NOT_CRATER
ISS040-E-200,NOT_CRATER
ISS040-E-205,NOT_CRATER
ISS040-E-206,NOT_CRATER
ISS040-E-207,NOT_CRATER
ISS040-E-208,NOT_CRATER
ISS040-E-210,NOT_CRATER
ISS040-E-212,NOT_CRATER
ISS040-E-216,NOT_CRATER
ISS040-E-217,NOT_CRATER
ISS040-E-221,NOT_CRATER
ISS040-E-222,NOT_CRATER
ISS040-E-223,NOT_CRATER
ISS040-E-225,NOT_CRATER
ISS040-E-226,NOT_CRATER
ISS040-E-229,NOT_CRATER
ISS040-E-230,NOT_CRATER
ISS040-E-233,NOT_CRATER
ISS040-E-23342,NOT_CRATER
ISS040-E-23343,NOT_CRATER
ISS040-E-23344,NOT_CRATER
ISS040-E-23345,NOT_CRATER
ISS040-E-23346,NOT_CRATER
ISS040-E-23347,NOT_CRATER
ISS040-E-23348,NOT_CRATER
ISS040-E-23349,NOT_CRATER
ISS040-E-23350,NOT_CRATER
ISS040-E-234,NOT_CRATER
ISS040-E-235,NOT_CRATER
ISS040-E-236,NOT_CRATER
ISS040-E-57605,NOT_CRATER
ISS040-E-57606,NOT_CRATER
ISS040-E-57607,NOT_CRATER
ISS040-E-57608,NOT_CRATER
ISS040-E-57609,NOT_CRATER
ISS040-E-57610,NOT_CRATER
ISS040-E-57611,NOT_CRATER
ISS040-E-57612,NOT_CRATER
ISS040-E-74899,NOT_CRATER
ISS040-E-9135,NOT_CRATER
ISS040-E-9136,NOT_CRATER
ISS040-E-9137,NOT_CRATER
ISS040-E-9138,NOT_CRATER
ISS040-E-9139,NOT_CRATER
ISS040-E-9140,NOT_CRATER
ISS040-E-9141,NOT_CRATER
ISS040-E-9142,NOT_CRATER
ISS040-E-9143,NOT_CRATER
ISS040-E-9144,NOT_CRATER
ISS040-E-9145,NOT_CRATER
ISS040-E-9146,NOT_CRATER
ISS040-E-9147,NOT_CRATER
ISS040-E-9148,NOT_CRATER
ISS040-E-9149,NOT_CRATER
ISS040-E-9150,NOT_CRATER
ISS041-E-100564,NOT_CRATER
ISS041-E-100565,NOT_CRATER
ISS041-E-100566,NOT_CRATER
ISS041-E-103774,NOT_CRATER
ISS041-E-103775,NOT_CRATER
ISS041-E-103776,NOT_CRATER
ISS041-E-103777,NOT_CRATER
ISS041-E-103778,NOT_CRATER
ISS041-E-103779,NOT_CRATER
ISS041-E-103780,NOT_CRATER
ISS041-E-103781,NOT_CRATER
ISS041-E-103782,NOT_CRATER
ISS041-E-103783,NOT_CRATER
ISS041-E-103784,NOT_CRATER
ISS041-E-103785,NOT_CRATER
ISS041-E-103786,NOT_CRATER
ISS041-E-103787,NOT_CRATER
ISS041-E-103788,NOT_CRATER
ISS041-E-103789,NOT_CRATER
ISS041-E-103790,NOT_CRATER
ISS041-E-103791,NOT_CRATER
ISS041-E-103792,NOT_CRATER
ISS041-E-103793,NOT_CRATER
ISS041-E-103794,NOT_CRATER
ISS041-E-103795,NOT_CRATER
ISS041-E-103796,NOT_CRATER
ISS041-E-103797,NOT_CRATER
ISS041-E-103798,NOT_CRATER
ISS041-E-103799,NOT_CRATER
ISS041-E-107188,NOT_CRATER
ISS041-E-107189,NOT_CRATER
ISS041-E-107190,NOT_CRATER
ISS041-E-107191,NOT_CRATER
ISS041-E-107192,NOT_CRATER
ISS041-E-107193,NOT_CRATER
ISS041-E-107194,NOT_CRATER
ISS041-E-107195,NOT_CRATER
ISS041-E-107196,NOT_CRATER
ISS041-E-107197,NOT_CRATER
ISS041-E-107198,NOT_CRATER
ISS041-E-107199,NOT_CRATER
ISS041-E-107200,NOT_CRATER
ISS041-E-107201,NOT_CRATER
ISS041-E-107202,NOT_CRATER
ISS041-E-107203,NOT_CRATER
ISS041-E-107204,NOT_CRATER
ISS041-E-107205,NOT_CRATER
ISS041-E-107206,NOT_CRATER
ISS041-E-107207,NOT_CRATER
ISS041-E-107208,NOT_CRATER
ISS041-E-107209,NOT_CRATER
ISS041-E-107210,NOT_CRATER
ISS041-E-107211,NOT_CRATER
ISS041-E-107212,NOT_CRATER
ISS041-E-107213,NOT_CRATER
ISS041-E-107214,NOT_CRATER
ISS041-E-107215,NOT_CRATER
ISS041-E-107216,NOT_CRATER
ISS041-E-107217,NOT_CRATER
ISS041-E-111045,NOT_CRATER
ISS041-E-111046,NOT_CRATER
ISS041-E-111047,NOT_CRATER
ISS041-E-11769,NOT_CRATER
ISS041-E-11770,NOT_CRATER
ISS041-E-11771,NOT_CRATER
ISS041-E-11773,NOT_CRATER
ISS041-E-12225,NOT_CRATER
ISS041-E-64207,NOT_CRATER
ISS041-E-64208,NOT_CRATER
ISS041-E-64209,NOT_CRATER
ISS041-E-64210,NOT_CRATER
ISS041-E-64211,NOT_CRATER
ISS041-E-68825,NOT_CRATER
ISS041-E-68826,NOT_CRATER
ISS042-E-46455,NOT_CRATER
ISS042-E-46456,NOT_CRATER
ISS042-E-46457,NOT_CRATER
ISS042-E-48911,NOT_CRATER
ISS042-E-48912,NOT_CRATER
ISS042-E-48913,NOT_CRATER
ISS042-E-48915,NOT_CRATER
ISS042-E-48917,NOT_CRATER
ISS042-E-48918,NOT_CRATER
ISS042-E-48919,NOT_CRATER
ISS042-E-48920,NOT_CRATER
ISS042-E-48921,NOT_CRATER
ISS042-E-48922,NOT_CRATER
ISS042-E-48923,NOT_CRATER
ISS042-E-48929,NOT_CRATER
ISS042-E-49172,NOT_CRATER
ISS042-E-49173,NOT_CRATER
ISS042-E-49174,NOT_CRATER
ISS042-E-49175,NOT_CRATER
ISS042-E-49176,NOT_CRATER
ISS042-E-49177,NOT_CRATER
ISS042-E-49178,NOT_CRATER
ISS042-E-49179,NOT_CRATER
ISS042-E-49180,NOT_CRATER
ISS042-E-49186,NOT_CRATER
ISS042-E-49187,NOT_CRATER
ISS042-E-71174,NOT_CRATER
ISS042-E-71175,NOT_CRATER
ISS042-E-71176,NOT_CRATER
ISS042-E-71177,NOT_CRATER
ISS042-E-71178,NOT_CRATER
ISS042-E-71179,NOT_CRATER
ISS042-E-71180,NOT_CRATER
ISS042-E-73500,NOT_CRATER
ISS042-E-73502,NOT_CRATER
ISS042-E-73503,NOT_CRATER
ISS042-E-73504,NOT_CRATER
ISS042-E-80606,NOT_CRATER
ISS043-E-101720,NOT_CRATER
ISS043-E-101721,NOT_CRATER
ISS043-E-101722,NOT_CRATER
ISS043-E-127304,NOT_CRATER
ISS043-E-127305,NOT_CRATER
ISS043-E-127306,NOT_CRATER
ISS043-E-127307,NOT_CRATER
ISS043-E-127308,NOT_CRATER
ISS043-E-127309,NOT_CRATER
ISS043-E-30527,NOT_CRATER
ISS043-E-3064,NOT_CRATER
ISS043-E-3071,NOT_CRATER
ISS045-E-24755,NOT_CRATER
ISS045-E-24756,NOT_CRATER
ISS045-E-63422,NOT_CRATER
ISS045-E-63423,NOT_CRATER
ISS045-E-63424,NOT_CRATER
ISS045-E-98329,NOT_CRATER
ISS045-E-98330,NOT_CRATER
ISS045-E-98331,NOT_CRATER
ISS045-E-99913,NOT_CRATER
ISS045-E-99914,NOT_CRATER
ISS045-E-99915,NOT_CRATER
ISS046-E-4559,NOT_CRATER
ISS046-E-4560,NOT_CRATER
ISS046-E-48433,NOT_CRATER
ISS046-E-48434,NOT_CRATER
ISS046-E-48435,NOT_CRATER
ISS046-E-48436,NOT_CRATER
ISS046-E-48437,NOT_CRATER
ISS046-E-48438,NOT_CRATER
ISS047-E-104230,NOT_CRATER
ISS047-E-124176,NOT_CRATER
ISS047-E-2793,NOT_CRATER
ISS047-E-2796,NOT_CRATER
ISS047-E-2805,NOT_CRATER
ISS047-E-2807,NOT_CRATER
ISS047-E-2817,NOT_CRATER
ISS047-E-2819,NOT_CRATER
ISS047-E-2820,NOT_CRATER
ISS047-E-2822,NOT_CRATER
ISS047-E-2831,NOT_CRATER
ISS047-E-2836,NOT_CRATER
ISS047-E-2845,NOT_CRATER
ISS047-E-2847,NOT_CRATER
ISS047-E-2850,NOT_CRATER
ISS047-E-2856,NOT_CRATER
ISS047-E-2858,NOT_CRATER
ISS047-E-2860,NOT_CRATER
ISS047-E-2868,NOT_CRATER
ISS047-E-4174,NOT_CRATER
ISS047-E-4175,NOT_CRATER
ISS047-E-4176,NOT_CRATER
ISS047-E-6167,NOT_CRATER
ISS047-E-6168,NOT_CRATER
ISS047-E-6169,NOT_CRATER
ISS047-E-6170,NOT_CRATER
ISS047-E-6171,NOT_CRATER
ISS047-E-6172,NOT_CRATER
ISS047-E-6173,NOT_CRATER
ISS047-E-6174,NOT_CRATER
ISS047-E-6175,NOT_CRATER
ISS047-E-6176,NOT_CRATER
ISS047-E-6177,NOT_CRATER
ISS047-E-6178,NOT_CRATER
ISS047-E-6179,NOT_CRATER
ISS047-E-6180,NOT_CRATER
ISS047-E-6181,NOT_CRATER
ISS047-E-65142,NOT_CRATER
ISS047-E-65143,NOT_CRATER
ISS047-E-65144,NOT_CRATER
ISS047-E-77712,NOT_CRATER
ISS047-E-77713,NOT_CRATER
ISS047-E-83708,NOT_CRATER
ISS047-E-93764,NOT_CRATER
ISS047-E-93765,NOT_CRATER
ISS047-E-93766,NOT_CRATER
ISS047-E-93767,NOT_CRATER
ISS047-E-93768,NOT_CRATER
ISS047-E-93769,NOT_CRATER
ISS047-E-93770,NOT_CRATER
ISS047-E-93771,NOT_CRATER
ISS047-E-93772,NOT_CRATER
ISS047-E-93773,NOT_CRATER
ISS047-E-93774,NOT_CRATER
ISS047-E-93775,NOT_CRATER
ISS047-E-93776,NOT_CRATER
ISS047-E-93777,NOT_CRATER
ISS047-E-99336,NOT_CRATER
ISS047-E-99337,NOT_CRATER
ISS047-E-99338,NOT_CRATER
ISS047-E-99339,NOT_CRATER
ISS047-E-99340,NOT_CRATER
ISS047-E-99341,NOT_CRATER
ISS048-E-10654,NOT_CRATER
ISS048-E-3360,NOT_CRATER
ISS048-E-56796,NOT_CRATER
ISS048-E-56797,NOT_CRATER
ISS048-E-64272,NOT_CRATER
ISS048-E-65403,NOT_CRATER
ISS049-E-34455,NOT_CRATER
ISS049-E-34456,NOT_CRATER
ISS049-E-34457,NOT_CRATER
ISS049-E-3461,NOT_CRATER
ISS049-E-3462,NOT_CRATER
ISS049-E-36222,NOT_CRATER
ISS049-E-36223,NOT_CRATER
ISS049-E-36224,NOT_CRATER
ISS049-E-42147,NOT_CRATER
ISS049-E-42148,NOT_CRATER
ISS049-E-42149,NOT_CRATER
ISS049-E-43692,NOT_CRATER
ISS049-E-43693,NOT_CRATER
ISS049-E-43694,NOT_CRATER
ISS049-E-43695,NOT_CRATER
ISS049-E-43696,NOT_CRATER
ISS049-E-43697,NOT_CRATER
ISS049-E-43698,NOT_CRATER
ISS049-E-43699,NOT_CRATER
ISS049-E-43700,NOT_CRATER
ISS049-E-43701,NOT_CRATER
ISS049-E-43702,NOT_CRATER
ISS049-E-43703,NOT_CRATER
ISS049-E-43704,NOT_CRATER
ISS049-E-43705,NOT_CRATER
ISS049-E-43706,NOT_CRATER
ISS049-E-43707,NOT_CRATER
ISS049-E-43708,NOT_CRATER
ISS049-E-43709,NOT_CRATER
ISS049-E-43710,NOT_CRATER
ISS049-E-43711,NOT_CRATER
ISS049-E-43712,NOT_CRATER
ISS049-E-43713,NOT_CRATER
ISS049-E-43714,NOT_CRATER
ISS049-E-43715,NOT_CRATER
ISS049-E-43716,NOT_CRATER
ISS049-E-43717,NOT_CRATER
ISS049-E-43718,NOT_CRATER
ISS049-E-43719,NOT_CRATER
ISS049-E-51273,NOT_CRATER
ISS049-E-51274,NOT_CRATER
ISS049-E-51275,NOT_CRATER
ISS049-E-51276,NOT_CRATER
ISS049-E-51277,NOT_CRATER
ISS049-E-51278,NOT_CRATER
ISS049-E-51279,NOT_CRATER
ISS049-E-51280,NOT_CRATER
ISS049-E-51281,NOT_CRATER
ISS049-E-51282,NOT_CRATER
ISS049-E-51283,NOT_CRATER
ISS049-E-51284,NOT_CRATER
ISS049-E-51285,NOT_CRATER
ISS049-E-51286,NOT_CRATER
ISS049-E-51287,NOT_CRATER
ISS049-E-51288,NOT_CRATER
ISS049-E-51289,NOT_CRATER
ISS050-E-39577,NOT_CRATER
ISS050-E-39578,NOT_CRATER
ISS050-E-39579,NOT_CRATER
ISS050-E-67195,NOT_CRATER
ISS051-E-50800,NOT_CRATER
ISS051-E-50801,NOT_CRATER
ISS052-E-35267,NOT_CRATER
ISS052-E-35268,NOT_CRATER
ISS052-E-35269,NOT_CRATER
ISS052-E-35270,NOT_CRATER
ISS055-E-11061,NOT_CRATER
ISS055-E-11062,NOT_CRATER
ISS055-E-11063,NOT_CRATER
ISS055-E-11064,NOT_CRATER
ISS055-E-11065,NOT_CRATER
ISS055-E-11066,NOT_CRATER
ISS055-E-11067,NOT_CRATER
ISS055-E-11068,NOT_CRATER
ISS055-E-16178,NOT_CRATER
ISS055-E-16179,NOT_CRATER
ISS055-E-16180,NOT_CRATER
ISS055-E-16181,NOT_CRATER
ISS055-E-16182,NOT_CRATER
ISS055-E-16183,NOT_CRATER
ISS055-E-16184,NOT_CRATER
ISS055-E-16185,NOT_CRATER
ISS055-E-16186,NOT_CRATER
ISS055-E-16187,NOT_CRATER
ISS055-E-16188,NOT_CRATER
ISS055-E-16189,NOT_CRATER
ISS055-E-16190,NOT_CRATER
ISS055-E-16191,NOT_CRATER
ISS055-E-16192,NOT_CRATER
ISS055-E-16193,NOT_CRATER
ISS055-E-16194,NOT_CRATER
ISS055-E-16195,NOT_CRATER
ISS055-E-16196,NOT_CRATER
ISS055-E-16197,NOT_CRATER
ISS055-E-16198,NOT_CRATER
ISS055-E-16199,NOT_CRATER
ISS055-E-16200,NOT_CRATER
ISS055-E-16201,NOT_CRATER
ISS055-E-16202,NOT_CRATER
ISS055-E-16203,NOT_CRATER
ISS055-E-16204,NOT_CRATER
ISS055-E-16205,NOT_CRATER
ISS055-E-16206,NOT_CRATER
ISS055-E-16207,NOT_CRATER
ISS055-E-16208,NOT_CRATER
ISS055-E-16209,NOT_CRATER
ISS055-E-16210,NOT_CRATER
ISS055-E-16211,NOT_CRATER
ISS055-E-16212,NOT_CRATER
ISS055-E-32284,NOT_CRATER
ISS055-E-32285,NOT_CRATER
ISS055-E-32286,NOT_CRATER
ISS055-E-32287,NOT_CRATER
ISS055-E-32288,NOT_CRATER
ISS055-E-32289,NOT_CRATER
ISS055-E-32290,NOT_CRATER
ISS055-E-32291,NOT_CRATER
ISS055-E-32292,NOT_CRATER
ISS055-E-32293,NOT_CRATER
ISS055-E-32294,NOT_CRATER
ISS055-E-32295,NOT_CRATER
ISS055-E-32296,NOT_CRATER
ISS055-E-32297,NOT_CRATER
ISS055-E-32298,NOT_CRATER
ISS055-E-32299,NOT_CRATER
ISS055-E-32300,NOT_CRATER
ISS055-E-32301,NOT_CRATER
ISS055-E-32302,NOT_CRATER
ISS055-E-32303,NOT_CRATER
ISS055-E-32304,NOT_CRATER
ISS055-E-32305,NOT_CRATER
ISS055-E-32306,NOT_CRATER
ISS055-E-32307,NOT_CRATER
ISS055-E-32308,NOT_CRATER
ISS055-E-32309,NOT_CRATER
NASA7-707-64,NOT_CRATER
SL2-X5-317,NOT_CRATER
SL3-25-10,NOT_CRATER
SL3-26-10,NOT_CRATER
SL3-27-10,NOT_CRATER
SL3-28-10,NOT_CRATER
SL3-28-59,NOT_CRATER
SL3-29-10,NOT_CRATER
SL3-30-10,NOT_CRATER
SL3-31-260,NOT_CRATER
SL3-32-260,NOT_CRATER
SL3-33-260,NOT_CRATER
SL3-34-260,NOT_CRATER
SL3-35-260,NOT_CRATER
SL3-36-260,NOT_CRATER
SL4-1B-29,NOT_CRATER
SL4-2B-29,NOT_CRATER
SL4-3B-29,NOT_CRATER
SL4-4B-29,NOT_CRATER
SL4-5B-29,NOT_CRATER
SL4-67-222,NOT_CRATER
SL4-68-222,NOT_CRATER
SL4-69-222,NOT_CRATER
SL4-6B-29,NOT_CRATER
SL4-70-222,NOT_CRATER
SL4-71-222,NOT_CRATER
SL4-72-222,NOT_CRATER
STS001-11-184,NOT_CRATER
STS001-11-185,NOT_CRATER
STS001-11-186,NOT_CRATER
STS001-11-187,NOT_CRATER
STS001-11-191,NOT_CRATER
STS001-11-192,NOT_CRATER
STS001-11-193,NOT_CRATER
STS001-11-194,NOT_CRATER
STS001-11-195,NOT_CRATER
STS001-11-196,NOT_CRATER
STS001-11-197,NOT_CRATER
STS001-11-198,NOT_CRATER
STS001-11-199,NOT_CRATER
STS001-11-200,NOT_CRATER
STS001-11-201,NOT_CRATER
STS001-11-202,NOT_CRATER
STS001-11-203,NOT_CRATER
STS001-11-204,NOT_CRATER
STS001-12-311,NOT_CRATER
STS003-17-853,NOT_CRATER
STS003-17-854,NOT_CRATER
STS009-46-1802,NOT_CRATER
STS026-33-44,NOT_CRATER
STS027-36-53,NOT_CRATER
STS027-40-68,NOT_CRATER
STS028-152-227,NOT_CRATER
STS028-87-102,NOT_CRATER
STS028-88-83,NOT_CRATER
STS034-74-12,NOT_CRATER
STS034-74-50,NOT_CRATER
STS034-74-51,NOT_CRATER
STS034-79-26,NOT_CRATER
STS034-79-27,NOT_CRATER
STS034-83-66,NOT_CRATER
STS037-78-4,NOT_CRATER
STS038-74-28,NOT_CRATER
STS039-602-20,NOT_CRATER
STS039-94-8,NOT_CRATER
STS040-151-107,NOT_CRATER
STS040-151-185,NOT_CRATER
STS040-151-187,NOT_CRATER
STS040-151-9,NOT_CRATER
STS040-604-49,NOT_CRATER
STS040-77-59,NOT_CRATER
STS040-80-19,NOT_CRATER
STS040-80-77,NOT_CRATER
STS042-71-86,NOT_CRATER
STS042-78-34,NOT_CRATER
STS042-78-35,NOT_CRATER
STS042-78-36,NOT_CRATER
STS042-84-86,NOT_CRATER
STS042-87-40,NOT_CRATER
STS042-87-41,NOT_CRATER
STS042-87-42,NOT_CRATER
STS042-97-21,NOT_CRATER
STS043-610-22,NOT_CRATER
STS043-610-23,NOT_CRATER
STS044-76-12,NOT_CRATER
STS045-10-10,NOT_CRATER
STS045-72-69,NOT_CRATER
STS045-83-56,NOT_CRATER
STS045-90-43,NOT_CRATER
STS045-96-48,NOT_CRATER
STS046-85-39,NOT_CRATER
STS047-107-52,NOT_CRATER
STS047-107-53,NOT_CRATER
STS047-108-107,NOT_CRATER
STS047-151-213,NOT_CRATER
STS047-151-214,NOT_CRATER
STS047-151-215,NOT_CRATER
STS047-73-62,NOT_CRATER
STS047-73-63,NOT_CRATER
STS047-74-58,NOT_CRATER
STS047-92-26,NOT_CRATER
STS047-99-40,NOT_CRATER
STS047-99-41,NOT_CRATER
STS048-604-17,NOT_CRATER
STS052-71-35,NOT_CRATER
STS053-97-28,NOT_CRATER
STS053-97-29,NOT_CRATER
STS055-151B-227,NOT_CRATER
STS055-151B-61,NOT_CRATER
STS055-72-26,NOT_CRATER
STS055-72-27,NOT_CRATER
STS055-72-29,NOT_CRATER
STS055-72-30,NOT_CRATER
STS055-72-32,NOT_CRATER
STS055-72-33,NOT_CRATER
STS055-74-38,NOT_CRATER
STS055-78-5,NOT_CRATER
STS055-78-6,NOT_CRATER
STS055-89-85,NOT_CRATER
STS056-102-56,NOT_CRATER
STS056-102-57,NOT_CRATER
STS056-104-27,NOT_CRATER
STS056-104-28,NOT_CRATER
STS056-104-30,NOT_CRATER
STS056-104-31,NOT_CRATER
STS056-104-32,NOT_CRATER
STS056-104-34,NOT_CRATER
STS056-86-57,NOT_CRATER
STS056-86-59,NOT_CRATER
STS056-86-60,NOT_CRATER
STS056-86-61,NOT_CRATER
STS056-92-60,NOT_CRATER
STS057-74-17,NOT_CRATER
STS057-74-18,NOT_CRATER
STS057-92-18,NOT_CRATER
STS057-92-19,NOT_CRATER
STS057-92-20,NOT_CRATER
STS058-100-74,NOT_CRATER
STS058-111-15,NOT_CRATER
STS058-19-25,NOT_CRATER
STS058-19-26,NOT_CRATER
STS058-73-76,NOT_CRATER
STS058-74-J,NOT_CRATER
STS058-84-21,NOT_CRATER
STS058-87-50,NOT_CRATER
STS058-87-51,NOT_CRATER
STS058-87-52,NOT_CRATER
STS059-152-70,NOT_CRATER
STS059-152-71,NOT_CRATER
STS059-152-75,NOT_CRATER
STS059-152-76,NOT_CRATER
STS059-201-20,NOT_CRATER
STS059-204-16,NOT_CRATER
STS059-221-66,NOT_CRATER
STS059-221-67,NOT_CRATER
STS059-221-68,NOT_CRATER
STS059-225-82,NOT_CRATER
STS059-236-42,NOT_CRATER
STS059-236-55,NOT_CRATER
STS059-86-55,NOT_CRATER
STS059-86-56,NOT_CRATER
STS059-92-97,NOT_CRATER
STS059-92-98,NOT_CRATER
STS059-L08-1,NOT_CRATER
STS059-L08-2,NOT_CRATER
STS059-L08-3,NOT_CRATER
STS059-L08-4,NOT_CRATER
STS059-L08-5,NOT_CRATER
STS059-L08-6,NOT_CRATER
STS059-L08-7,NOT_CRATER
STS059-L08-8,NOT_CRATER
STS059-L08-9,NOT_CRATER
STS059-L16-76,NOT_CRATER
STS059-L16-77,NOT_CRATER
STS059-L17-36,NOT_CRATER
STS059-L18-11,NOT_CRATER
STS059-L18-12,NOT_CRATER
STS059-L18-13,NOT_CRATER
STS059-L18-14,NOT_CRATER
STS059-L18-19,NOT_CRATER
STS059-L18-20,NOT_CRATER
STS059-L18-23,NOT_CRATER
STS059-L18-24,NOT_CRATER
STS059-L18-25,NOT_CRATER
STS059-L18-26,NOT_CRATER
STS059-L18-27,NOT_CRATER
STS059-L18-33,NOT_CRATER
STS059-L18-34,NOT_CRATER
STS059-L18-35,NOT_CRATER
STS059-L18-36,NOT_CRATER
STS059-L18-37,NOT_CRATER
STS059-L18-38,NOT_CRATER
STS059-L18-39,NOT_CRATER
STS059-L18-40,NOT_CRATER
STS059-L18-41,NOT_CRATER
STS059-L19-55,NOT_CRATER
STS059-L19-56,NOT_CRATER
STS059-L19-57,NOT_CRATER
STS059-L19-58,NOT_CRATER
STS059-L19-59,NOT_CRATER
STS059-L19-60,NOT_CRATER
STS059-L19-61,NOT_CRATER
STS059-L19-67,NOT_CRATER
STS059-L19-68,NOT_CRATER
STS059-L19-69,NOT_CRATER
STS059-L19-70,NOT_CRATER
STS059-L19-71,NOT_CRATER
STS059-L19-72,NOT_CRATER
STS059-L19-BR,NOT_CRATER
STS059-L19-BS,NOT_CRATER
STS059-L19-BV,NOT_CRATER
STS059-L19-BW,NOT_CRATER
STS059-L19-BX,NOT_CRATER
STS059-L23-125,NOT_CRATER
STS060-77-73,NOT_CRATER
STS060-93-38,NOT_CRATER
STS061-75-15,NOT_CRATER
STS061-75-16,NOT_CRATER
STS061-75-17,NOT_CRATER
STS062-103-84,NOT_CRATER
STS062-103-86,NOT_CRATER
STS062-103-87,NOT_CRATER
STS062-103-88,NOT_CRATER
STS062-105-158,NOT_CRATER
STS062-105-159,NOT_CRATER
STS062-105-160,NOT_CRATER
STS062-109-2,NOT_CRATER
STS062-109-3,NOT_CRATER
STS062-109-43,NOT_CRATER
STS062-113-153,NOT_CRATER
STS062-153-38,NOT_CRATER
STS062-153-39,NOT_CRATER
STS062-84-103,NOT_CRATER
STS062-84-104,NOT_CRATER
STS062-84-105,NOT_CRATER
STS062-85-162,NOT_CRATER
STS062-85-163,NOT_CRATER
STS062-85-9,NOT_CRATER
STS062-97-10,NOT_CRATER
STS062-97-121,NOT_CRATER
STS062-97-123,NOT_CRATER
STS064-101-T,NOT_CRATER
STS064-101-V,NOT_CRATER
STS064-107-84,NOT_CRATER
STS064-208-65,NOT_CRATER
STS064-208-69,NOT_CRATER
STS064-75-33,NOT_CRATER
STS064-75-34,NOT_CRATER
STS064-75-35,NOT_CRATER
STS064-75-36,NOT_CRATER
STS064-75-37,NOT_CRATER
STS064-75-38,NOT_CRATER
STS064-80-33,NOT_CRATER
STS064-86-19,NOT_CRATER
STS064-93-18,NOT_CRATER
STS064-93-19,NOT_CRATER
STS064-93-20,NOT_CRATER
STS064-93-21,NOT_CRATER
STS064-93-22,NOT_CRATER
STS064-93-23,NOT_CRATER
STS064-94-44,NOT_CRATER
STS065-106-78,NOT_CRATER
STS065-106-80,NOT_CRATER
STS065-72-102,NOT_CRATER
STS065-75-10,NOT_CRATER
STS065-75-17,NOT_CRATER
STS065-79-55,NOT_CRATER
STS065-79-56,NOT_CRATER
STS065-79-57,NOT_CRATER
STS065-79-91,NOT_CRATER
STS065-79-92,NOT_CRATER
STS065-79-93,NOT_CRATER
STS065-79-94,NOT_CRATER
STS065-79-95,NOT_CRATER
STS065-79-96,NOT_CRATER
STS065-79-97,NOT_CRATER
STS065-79-98,NOT_CRATER
STS065-79-99,NOT_CRATER
STS065-81-83,NOT_CRATER
STS065-81-84,NOT_CRATER
STS065-81-85,NOT_CRATER
STS065-84-44,NOT_CRATER
STS065-84-45,NOT_CRATER
STS065-84-46,NOT_CRATER
STS066-114-67,NOT_CRATER
STS066-117-97,NOT_CRATER
STS066-117-98,NOT_CRATER
STS066-117-99,NOT_CRATER
STS066-122-80,NOT_CRATER
STS066-127-66,NOT_CRATER
STS066-152-75,NOT_CRATER
STS066-152-76,NOT_CRATER
STS066-153-61,NOT_CRATER
STS066-153-62,NOT_CRATER
STS066-153-73,NOT_CRATER
STS067-708A-40,NOT_CRATER
STS067-708A-45,NOT_CRATER
STS067-708A-46,NOT_CRATER
STS067-711A-7,NOT_CRATER
STS067-716A-52,NOT_CRATER
STS067-721-43,NOT_CRATER
STS067-721-44,NOT_CRATER
STS067-721-45,NOT_CRATER
STS067-721-46,NOT_CRATER
STS067-727A-76,NOT_CRATER
STS068-150-98,NOT_CRATER
STS068-154-41,NOT_CRATER
STS068-163-35,NOT_CRATER
STS068-167-40,NOT_CRATER
STS068-167-41,NOT_CRATER
STS068-168-144,NOT_CRATER
STS068-169-110,NOT_CRATER
STS068-169-116,NOT_CRATER
STS068-169-14,NOT_CRATER
STS068-169-15,NOT_CRATER
STS068-169-16,NOT_CRATER
STS068-169-27,NOT_CRATER
STS068-169-28,NOT_CRATER
STS068-169-29,NOT_CRATER
STS068-169-30,NOT_CRATER
STS068-169-31,NOT_CRATER
STS068-169-32,NOT_CRATER
STS068-169-33,NOT_CRATER
STS068-169-34,NOT_CRATER
STS068-170-108,NOT_CRATER
STS068-172-125,NOT_CRATER
STS068-173-81,NOT_CRATER
STS068-173-82,NOT_CRATER
STS068-173-83,NOT_CRATER
STS068-173-84,NOT_CRATER
STS068-214-26,NOT_CRATER
STS068-215-90,NOT_CRATER
STS068-215-95,NOT_CRATER
STS068-223-57,NOT_CRATER
STS068-223-58,NOT_CRATER
STS068-223-60,NOT_CRATER
STS068-225-66,NOT_CRATER
STS068-227-25,NOT_CRATER
STS068-227-26,NOT_CRATER
STS068-237-17,NOT_CRATER
STS068-237-18,NOT_CRATER
STS068-237-34,NOT_CRATER
STS068-237-35,NOT_CRATER
STS068-248-76,NOT_CRATER
STS068-248-77,NOT_CRATER
STS068-257-68,NOT_CRATER
STS068-261-1,NOT_CRATER
STS068-262-46,NOT_CRATER
STS068-262-48,NOT_CRATER
STS068-263-53,NOT_CRATER
STS069-707-76,NOT_CRATER
STS069-707-77,NOT_CRATER
STS069-707-78,NOT_CRATER
STS069-707-79,NOT_CRATER
STS069-707-80,NOT_CRATER
STS069-707-81,NOT_CRATER
STS069-724-78,NOT_CRATER
STS069-726-57,NOT_CRATER
STS069-726-58,NOT_CRATER
STS069-726-59,NOT_CRATER
STS069-726-60,NOT_CRATER
STS069-726-61,NOT_CRATER
STS069-726-62,NOT_CRATER
STS069-726-64,NOT_CRATER
STS070-701-77,NOT_CRATER
STS070-701-78,NOT_CRATER
STS070-701-79,NOT_CRATER
STS070-701-84,NOT_CRATER
STS070-701-85,NOT_CRATER
STS070-701-86,NOT_CRATER
STS070-705-84,NOT_CRATER
STS070-705-85,NOT_CRATER
STS070-705-86,NOT_CRATER
STS070-711-7,NOT_CRATER
STS070-711-8,NOT_CRATER
STS070-711-9,NOT_CRATER
STS070-715-1,NOT_CRATER
STS070-715-12,NOT_CRATER
STS070-715-13,NOT_CRATER
STS070-715-14,NOT_CRATER
STS070-715-18,NOT_CRATER
STS070-715-19,NOT_CRATER
STS070-715-2,NOT_CRATER
STS070-715-20,NOT_CRATER
STS070-715-21,NOT_CRATER
STS070-715-22,NOT_CRATER
STS070-715-23,NOT_CRATER
STS070-715-3,NOT_CRATER
STS070-715-4,NOT_CRATER
STS070-715-5,NOT_CRATER
STS070-715-6,NOT_CRATER
STS070-715-7,NOT_CRATER
STS070-715-8,NOT_CRATER
STS070-733-2,NOT_CRATER
STS071-704-32,NOT_CRATER
STS071-744-88,NOT_CRATER
STS071-744-90,NOT_CRATER
STS071-744-91,NOT_CRATER
STS071-744-92,NOT_CRATER
STS071-744-93,NOT_CRATER
STS072-709-68,NOT_CRATER
STS072-709-69,NOT_CRATER
STS072-709-70,NOT_CRATER
STS073-703-29,NOT_CRATER
STS073-706-19,NOT_CRATER
STS073-706-20,NOT_CRATER
STS073-706-21,NOT_CRATER
STS073-706-22,NOT_CRATER
STS073-712-34,NOT_CRATER
STS073-712-35,NOT_CRATER
STS073-712-96,NOT_CRATER
STS073-720-75,NOT_CRATER
STS073-721-16,NOT_CRATER
STS073-721-17,NOT_CRATER
STS073-729-41,NOT_CRATER
STS073-729-42,NOT_CRATER
STS073-729-96,NOT_CRATER
STS073-732-57,NOT_CRATER
STS073-733-50,NOT_CRATER
STS073-738-86,NOT_CRATER
STS073-738-87,NOT_CRATER
STS073-742-114,NOT_CRATER
STS073-751-90,NOT_CRATER
STS073-755-54,NOT_CRATER
STS073-755-55,NOT_CRATER
STS073-758-30,NOT_CRATER
STS073-758-31,NOT_CRATER
STS073-758-32,NOT_CRATER
STS073-758-33,NOT_CRATER
STS073-758-34,NOT_CRATER
STS073-758-35,NOT_CRATER
STS074-706-10,NOT_CRATER
STS074-706-11,NOT_CRATER
STS074-706-8,NOT_CRATER
STS074-706-9,NOT_CRATER
STS074-708-4,NOT_CRATER
STS074-708-5,NOT_CRATER
STS074-711-81,NOT_CRATER
STS074-712-4,NOT_CRATER
STS074-712-5,NOT_CRATER
STS074-712-53,NOT_CRATER
STS074-712-54,NOT_CRATER
STS074-712-6,NOT_CRATER
STS074-720-84,NOT_CRATER
STS074-733-9,NOT_CRATER
STS075-726-12,NOT_CRATER
STS075-726-13,NOT_CRATER
STS075-726-14,NOT_CRATER
STS075-726-15,NOT_CRATER
STS075-729-15,NOT_CRATER
STS075-729-16,NOT_CRATER
STS075-729-17,NOT_CRATER
STS077-160-148,NOT_CRATER
STS077-160-151,NOT_CRATER
STS077-160-152,NOT_CRATER
STS077-160-153,NOT_CRATER
STS077-162-160,NOT_CRATER
STS077-162-161,NOT_CRATER
STS077-706-1,NOT_CRATER
STS077-706-5,NOT_CRATER
STS077-706-6,NOT_CRATER
STS077-706-7,NOT_CRATER
STS077-708-25,NOT_CRATER
STS077-740-44,NOT_CRATER
STS077-743-75,NOT_CRATER
STS077-743-76,NOT_CRATER
STS092-717-2,NOT_CRATER
STS092-719-13,NOT_CRATER
STS096-703-36,NOT_CRATER
STS096-703-37,NOT_CRATER
STS096-703-38,NOT_CRATER
STS097-716-73,NOT_CRATER
STS097-716-74,NOT_CRATER
STS097-716-75,NOT_CRATER
STS098-333-25,NOT_CRATER
STS098-333-26,NOT_CRATER
STS098-333-27,NOT_CRATER
STS098-333-29,NOT_CRATER
STS098-366-6,NOT_CRATER
STS098-366-7,NOT_CRATER
STS098-366-8,NOT_CRATER
STS099-742-10,NOT_CRATER
STS099-742-11,NOT_CRATER
STS099-742-12,NOT_CRATER
STS099-742-13,NOT_CRATER
STS099-742-14,NOT_CRATER
STS099-742-25,NOT_CRATER
STS099-742-26,NOT_CRATER
STS099-742-27,NOT_CRATER
STS099-742-9,NOT_CRATER
STS100-710-27,NOT_CRATER
STS100-710-28,NOT_CRATER
STS100-710-29,NOT_CRATER
STS101-718-50,NOT_CRATER
STS103-728-41,NOT_CRATER
STS103-729-20,NOT_CRATER
STS103-729-22,NOT_CRATER
STS103-729-23,NOT_CRATER
STS103-729-24,NOT_CRATER
STS104-722-10,NOT_CRATER
STS104-722-11,NOT_CRATER
STS104-722-12,NOT_CRATER
STS104-722-13,NOT_CRATER
STS104-722-8,NOT_CRATER
STS104-722-9,NOT_CRATER
STS104-725-87,NOT_CRATER
STS111-701-91,NOT_CRATER
STS111-711-58,NOT_CRATER
STS41B-40-2216,NOT_CRATER
STS41B-40-2217,NOT_CRATER
STS41C-33-1275,NOT_CRATER
STS41C-33-1276,NOT_CRATER
STS41C-33-1277,NOT_CRATER
STS41D-33-50,NOT_CRATER
STS41D-33-51,NOT_CRATER
STS41D-37-4,NOT_CRATER
STS41D-37-5,NOT_CRATER
STS41D-37-6,NOT_CRATER
STS41G-44-40,NOT_CRATER
STS41G-45-96,NOT_CRATER
STS41G-46-110,NOT_CRATER
STS41G-49-56,NOT_CRATER
STS41G-49-57,NOT_CRATER
STS41G-49-59,NOT_CRATER
STS51B-36-5,NOT_CRATER
STS51B-36-6,NOT_CRATER
STS51C-37-38,NOT_CRATER
STS51C-37-39,NOT_CRATER
STS51F-46-10,NOT_CRATER
STS51F-46-11,NOT_CRATER
STS51F-46-12,NOT_CRATER
STS51F-46-13,NOT_CRATER
STS51F-46-7,NOT_CRATER
STS51F-46-8,NOT_CRATER
STS51F-46-9,NOT_CRATER
STS61A-42-68,NOT_CRATER
STS61A-479-8,NOT_CRATER
STS61A-53-42,NOT_CRATER
STS61A-54-41,NOT_CRATER
STS61A-54-42,NOT_CRATER
STS61C-34-35,NOT_CRATER
