ISS001-353-35,OXBOW LAKE
ISS002-E-8121,OXBOW LAKE
ISS003-E-6439,OXBOW LAKE
ISS003-E-6440,OXBOW LAKE
ISS004-711-81,OXBOW LAKE
ISS004-E-5949,OXBOW LAKE
ISS004-E-5950,OXBOW LAKE
ISS004-E-5951,OXBOW LAKE
ISS004-E-5952,OXBOW LAKE
ISS004-E-5953,OXBOW LAKE
ISS004-E-5954,OXBOW LAKE
ISS004-E-9146,OXBOW LAKE
ISS005-E-16004,OXBOW LAKE
ISS005-E-16005,OXBOW LAKE
ISS005-E-16006,OXBOW LAKE
ISS005-E-16007,OXBOW LAKE
ISS005-E-16008,OXBOW LAKE
ISS005-E-16141,OXBOW LAKE
ISS005-E-16142,OXBOW LAKE
ISS005-E-19917,OXBOW LAKE
ISS005-E-19921,OXBOW LAKE
ISS005-E-19922,OXBOW LAKE
ISS005-E-19924,OXBOW LAKE
ISS005-E-21127,OXBOW LAKE
ISS005-E-21604,OXBOW LAKE
ISS005-E-21605,OXBOW LAKE
ISS005-E-21609,OXBOW LAKE
ISS005-E-21625,OXBOW LAKE
ISS005-E-21626,OXBOW LAKE
ISS005-E-21627,OXBOW LAKE
ISS005-E-21628,OXBOW LAKE
ISS005-E-21630,OXBOW LAKE
ISS005-E-21631,OXBOW LAKE
ISS005-E-21632,OXBOW LAKE
ISS005-E-21633,OXBOW LAKE
ISS006-E-15370,OXBOW LAKE
ISS006-E-15539,OXBOW LAKE
ISS006-E-15543,OXBOW LAKE
ISS006-E-15544,OXBOW LAKE
ISS006-E-15545,OXBOW LAKE
ISS006-E-15546,OXBOW LAKE
ISS006-E-15547,OXBOW LAKE
ISS006-E-15548,OXBOW LAKE
ISS006-E-15549,OXBOW LAKE
ISS006-E-15550,OXBOW LAKE
ISS006-E-15552,OXBOW LAKE
ISS006-E-15553,OXBOW LAKE
ISS006-E-15554,OXBOW LAKE
ISS006-E-15555,OXBOW LAKE
ISS006-E-15557,OXBOW LAKE
ISS006-E-15558,OXBOW LAKE
ISS006-E-44382,OXBOW LAKE
ISS006-E-44383,OXBOW LAKE
ISS006-E-44384,OXBOW LAKE
ISS006-E-44385,OXBOW LAKE
ISS006-E-44386,OXBOW LAKE
ISS006-E-44387,OXBOW LAKE
ISS006-E-44388,OXBOW LAKE
ISS006-E-44389,OXBOW LAKE
ISS006-E-45491,OXBOW LAKE
ISS006-E-8303,OXBOW LAKE
ISS006-E-8308,OXBOW LAKE
ISS006-E-8312,OXBOW LAKE
ISS007-E-14803,OXBOW LAKE
ISS007-E-5011,OXBOW LAKE
ISS007-E-5012,OXBOW LAKE
ISS007-E-5013,OXBOW LAKE
ISS007-E-5014,OXBOW LAKE
ISS007-E-5015,OXBOW LAKE
ISS007-E-5016,OXBOW LAKE
ISS007-E-5017,OXBOW LAKE
ISS007-E-9000,OXBOW LAKE
ISS008-E-12746,OXBOW LAKE
ISS008-E-12747,OXBOW LAKE
ISS008-E-12748,OXBOW LAKE
ISS009-E-7622,OXBOW LAKE
ISS009-E-7623,OXBOW LAKE
ISS009-E-7624,OXBOW LAKE
ISS009-E-7625,OXBOW LAKE
ISS009-E-7626,OXBOW LAKE
ISS010-E-5023,OXBOW LAKE
ISS010-E-5024,OXBOW LAKE
ISS011-E-10274,OXBOW LAKE
ISS011-E-10275,OXBOW LAKE
ISS011-E-10276,OXBOW LAKE
ISS011-E-10277,OXBOW LAKE
ISS011-E-5449,OXBOW LAKE
ISS011-E-8427,OXBOW LAKE
ISS011-E-8428,OXBOW LAKE
ISS011-E-8447,OXBOW LAKE
ISS011-E-8448,OXBOW LAKE
ISS011-E-8449,OXBOW LAKE
ISS012-E-11818,OXBOW LAKE
ISS012-E-11819,OXBOW LAKE
ISS012-E-5451,OXBOW LAKE
ISS012-E-5452,OXBOW LAKE
ISS012-E-5453,OXBOW LAKE
ISS012-E-5454,OXBOW LAKE
ISS012-E-5455,OXBOW LAKE
ISS012-E-5456,OXBOW LAKE
ISS012-E-5457,OXBOW LAKE
ISS012-E-5461,OXBOW LAKE
ISS012-E-5462,OXBOW LAKE
ISS012-E-5463,OXBOW LAKE
ISS012-E-5464,OXBOW LAKE
ISS012-E-5465,OXBOW LAKE
ISS012-E-5466,OXBOW LAKE
ISS012-E-5467,OXBOW LAKE
ISS012-E-5468,OXBOW LAKE
ISS012-E-5469,OXBOW LAKE
ISS012-E-5470,OXBOW LAKE
ISS012-E-5471,OXBOW LAKE
ISS012-E-5472,OXBOW LAKE
ISS013-E-11970,OXBOW LAKE
ISS013-E-11971,OXBOW LAKE
ISS013-E-11972,OXBOW LAKE
ISS013-E-11973,OXBOW LAKE
ISS013-E-11975,OXBOW LAKE
ISS013-E-11976,OXBOW LAKE
ISS013-E-11977,OXBOW LAKE
ISS013-E-11978,OXBOW LAKE
ISS013-E-11979,OXBOW LAKE
ISS013-E-11980,OXBOW LAKE
ISS013-E-13516,OXBOW LAKE
ISS013-E-13518,OXBOW LAKE
ISS013-E-13522,OXBOW LAKE
ISS013-E-13524,OXBOW LAKE
ISS013-E-17776,OXBOW LAKE
ISS013-E-17777,OXBOW LAKE
ISS013-E-17778,OXBOW LAKE
ISS013-E-17779,OXBOW LAKE
ISS013-E-17780,OXBOW LAKE
ISS013-E-17781,OXBOW LAKE
ISS013-E-17782,OXBOW LAKE
ISS013-E-17783,OXBOW LAKE
ISS013-E-17784,OXBOW LAKE
ISS013-E-17785,OXBOW LAKE
ISS013-E-17786,OXBOW LAKE
ISS013-E-17787,OXBOW LAKE
ISS013-E-17788,OXBOW LAKE
ISS013-E-17789,OXBOW LAKE
ISS013-E-17790,OXBOW LAKE
ISS013-E-17791,OXBOW LAKE
ISS013-E-17792,OXBOW LAKE
ISS013-E-17793,OXBOW LAKE
ISS013-E-17794,OXBOW LAKE
ISS013-E-17795,OXBOW LAKE
ISS013-E-17796,OXBOW LAKE
ISS013-E-17797,OXBOW LAKE
ISS013-E-17798,OXBOW LAKE
ISS013-E-17799,OXBOW LAKE
ISS013-E-17800,OXBOW LAKE
ISS013-E-17804,OXBOW LAKE
ISS013-E-17805,OXBOW LAKE
ISS013-E-17806,OXBOW LAKE
ISS013-E-17807,OXBOW LAKE
ISS013-E-22537,OXBOW LAKE
ISS013-E-22539,OXBOW LAKE
ISS013-E-23537,OXBOW LAKE
ISS013-E-23538,OXBOW LAKE
ISS013-E-23539,OXBOW LAKE
ISS013-E-23540,OXBOW LAKE
ISS013-E-37745,OXBOW LAKE
ISS013-E-37746,OXBOW LAKE
ISS013-E-37747,OXBOW LAKE
ISS013-E-37748,OXBOW LAKE
ISS013-E-37749,OXBOW LAKE
ISS013-E-37750,OXBOW LAKE
ISS013-E-37751,OXBOW LAKE
ISS013-E-37752,OXBOW LAKE
ISS013-E-37753,OXBOW LAKE
ISS013-E-37754,OXBOW LAKE
ISS013-E-6662,OXBOW LAKE
ISS013-E-6677,OXBOW LAKE
ISS013-E-6678,OXBOW LAKE
ISS013-E-6679,OXBOW LAKE
ISS013-E-6680,OXBOW LAKE
ISS013-E-6683,OXBOW LAKE
ISS013-E-6684,OXBOW LAKE
ISS013-E-6688,OXBOW LAKE
ISS013-E-6691,OXBOW LAKE
ISS013-E-74817,OXBOW LAKE
ISS013-E-74818,OXBOW LAKE
ISS013-E-74819,OXBOW LAKE
ISS013-E-75367,OXBOW LAKE
ISS013-E-75368,OXBOW LAKE
ISS013-E-75369,OXBOW LAKE
ISS013-E-76360,OXBOW LAKE
ISS013-E-76361,OXBOW LAKE
ISS013-E-76362,OXBOW LAKE
ISS013-E-76364,OXBOW LAKE
ISS013-E-76365,OXBOW LAKE
ISS013-E-76366,OXBOW LAKE
ISS013-E-76367,OXBOW LAKE
ISS013-E-76368,OXBOW LAKE
ISS013-E-76369,OXBOW LAKE
ISS013-E-80229,OXBOW LAKE
ISS013-E-80230,OXBOW LAKE
ISS013-E-80231,OXBOW LAKE
ISS013-E-80232,OXBOW LAKE
ISS013-E-80233,OXBOW LAKE
ISS013-E-80234,OXBOW LAKE
ISS013-E-80235,OXBOW LAKE
ISS013-E-80236,OXBOW LAKE
ISS013-E-80237,OXBOW LAKE
ISS013-E-80238,OXBOW LAKE
ISS013-E-80243,OXBOW LAKE
ISS013-E-80244,OXBOW LAKE
ISS013-E-80245,OXBOW LAKE
ISS013-E-80246,OXBOW LAKE
ISS013-E-80247,OXBOW LAKE
ISS013-E-80248,OXBOW LAKE
ISS013-E-80249,OXBOW LAKE
ISS013-E-80250,OXBOW LAKE
ISS013-E-80251,OXBOW LAKE
ISS013-E-80252,OXBOW LAKE
ISS013-E-80253,OXBOW LAKE
ISS013-E-80258,OXBOW LAKE
ISS013-E-80259,OXBOW LAKE
ISS013-E-80260,OXBOW LAKE
ISS013-E-80261,OXBOW LAKE
ISS013-E-81940,OXBOW LAKE
ISS013-E-81941,OXBOW LAKE
ISS013-E-81942,OXBOW LAKE
ISS013-E-81944,OXBOW LAKE
ISS013-E-81945,OXBOW LAKE
ISS013-E-81947,OXBOW LAKE
ISS013-E-81948,OXBOW LAKE
ISS013-E-81949,OXBOW LAKE
ISS013-E-81950,OXBOW LAKE
ISS013-E-81952,OXBOW LAKE
ISS013-E-81953,OXBOW LAKE
ISS013-E-81954,OXBOW LAKE
ISS013-E-81955,OXBOW LAKE
ISS013-E-81956,OXBOW LAKE
ISS013-E-81957,OXBOW LAKE
ISS013-E-81958,OXBOW LAKE
ISS013-E-81959,OXBOW LAKE
ISS013-E-81960,OXBOW LAKE
ISS013-E-81961,OXBOW LAKE
ISS013-E-81962,OXBOW LAKE
ISS013-E-81963,OXBOW LAKE
ISS013-E-81964,OXBOW LAKE
ISS013-E-81965,OXBOW LAKE
ISS013-E-81968,OXBOW LAKE
ISS013-E-81969,OXBOW LAKE
ISS013-E-82461,OXBOW LAKE
ISS013-E-82462,OXBOW LAKE
ISS013-E-82601,OXBOW LAKE
ISS013-E-83171,OXBOW LAKE
ISS013-E-83172,OXBOW LAKE
ISS013-E-83173,OXBOW LAKE
ISS013-E-83174,OXBOW LAKE
ISS013-E-83175,OXBOW LAKE
ISS013-E-83176,OXBOW LAKE
ISS013-E-83177,OXBOW LAKE
ISS013-E-83178,OXBOW LAKE
ISS013-E-83179,OXBOW LAKE
ISS013-E-83180,OXBOW LAKE
ISS013-E-83181,OXBOW LAKE
ISS013-E-83182,OXBOW LAKE
ISS013-E-9430,OXBOW LAKE
ISS015-E-14833,OXBOW LAKE
ISS015-E-14834,OXBOW LAKE
ISS015-E-14835,OXBOW LAKE
ISS015-E-14836,OXBOW LAKE
ISS015-E-14837,OXBOW LAKE
ISS015-E-14838,OXBOW LAKE
ISS015-E-14839,OXBOW LAKE
ISS015-E-14840,OXBOW LAKE
ISS015-E-14841,OXBOW LAKE
ISS015-E-15055,OXBOW LAKE
ISS015-E-15056,OXBOW LAKE
ISS015-E-15057,OXBOW LAKE
ISS015-E-15058,OXBOW LAKE
ISS015-E-15059,OXBOW LAKE
ISS015-E-15060,OXBOW LAKE
ISS015-E-15061,OXBOW LAKE
ISS015-E-15062,OXBOW LAKE
ISS015-E-22883,OXBOW LAKE
ISS015-E-22884,OXBOW LAKE
ISS015-E-22885,OXBOW LAKE
ISS015-E-26546,OXBOW LAKE
ISS015-E-26547,OXBOW LAKE
ISS015-E-9959,OXBOW LAKE
ISS015-E-9960,OXBOW LAKE
ISS015-E-9961,OXBOW LAKE
ISS016-E-28567,OXBOW LAKE
ISS016-E-28568,OXBOW LAKE
ISS016-E-28569,OXBOW LAKE
ISS016-E-28570,OXBOW LAKE
ISS016-E-28571,OXBOW LAKE
ISS016-E-28572,OXBOW LAKE
ISS016-E-28573,OXBOW LAKE
ISS016-E-28574,OXBOW LAKE
ISS016-E-28575,OXBOW LAKE
ISS016-E-28576,OXBOW LAKE
ISS016-E-28577,OXBOW LAKE
ISS016-E-28578,OXBOW LAKE
ISS016-E-28579,OXBOW LAKE
ISS016-E-28580,OXBOW LAKE
ISS016-E-28581,OXBOW LAKE
ISS016-E-28582,OXBOW LAKE
ISS016-E-28583,OXBOW LAKE
ISS016-E-28584,OXBOW LAKE
ISS016-E-28585,OXBOW LAKE
ISS016-E-28586,OXBOW LAKE
ISS016-E-28588,OXBOW LAKE
ISS016-E-28589,OXBOW LAKE
ISS016-E-28590,OXBOW LAKE
ISS016-E-28611,OXBOW LAKE
ISS016-E-28612,OXBOW LAKE
ISS016-E-28613,OXBOW LAKE
ISS017-E-11826,OXBOW LAKE
ISS017-E-11828,OXBOW LAKE
ISS017-E-11829,OXBOW LAKE
ISS017-E-11830,OXBOW LAKE
ISS017-E-11831,OXBOW LAKE
ISS017-E-11832,OXBOW LAKE
ISS017-E-11833,OXBOW LAKE
ISS017-E-11834,OXBOW LAKE
ISS017-E-11835,OXBOW LAKE
ISS017-E-11836,OXBOW LAKE
ISS018-E-11224,OXBOW LAKE
ISS018-E-18614,OXBOW LAKE
ISS018-E-18615,OXBOW LAKE
ISS018-E-18616,OXBOW LAKE
ISS018-E-18617,OXBOW LAKE
ISS018-E-18618,OXBOW LAKE
ISS018-E-18619,OXBOW LAKE
ISS018-E-18620,OXBOW LAKE
ISS018-E-18622,OXBOW LAKE
ISS018-E-18623,OXBOW LAKE
ISS018-E-18624,OXBOW LAKE
ISS018-E-18625,OXBOW LAKE
ISS018-E-18627,OXBOW LAKE
ISS018-E-18628,OXBOW LAKE
ISS018-E-18629,OXBOW LAKE
ISS018-E-18630,OXBOW LAKE
ISS018-E-18631,OXBOW LAKE
ISS018-E-18632,OXBOW LAKE
ISS018-E-18633,OXBOW LAKE
ISS019-E-10740,OXBOW LAKE
ISS019-E-10741,OXBOW LAKE
ISS019-E-10743,OXBOW LAKE
ISS019-E-12170,OXBOW LAKE
ISS019-E-12173,OXBOW LAKE
ISS019-E-12174,OXBOW LAKE
ISS019-E-12175,OXBOW LAKE
ISS020-E-27972,OXBOW LAKE
ISS020-E-27973,OXBOW LAKE
ISS020-E-27974,OXBOW LAKE
ISS020-E-27975,OXBOW LAKE
ISS020-E-27976,OXBOW LAKE
ISS020-E-27977,OXBOW LAKE
ISS020-E-27978,OXBOW LAKE
ISS020-E-27979,OXBOW LAKE
ISS020-E-27980,OXBOW LAKE
ISS020-E-27981,OXBOW LAKE
ISS020-E-27982,OXBOW LAKE
ISS020-E-27983,OXBOW LAKE
ISS020-E-27984,OXBOW LAKE
ISS020-E-27985,OXBOW LAKE
ISS020-E-27986,OXBOW LAKE
ISS020-E-27987,OXBOW LAKE
ISS020-E-27988,OXBOW LAKE
ISS020-E-27989,OXBOW LAKE
ISS020-E-27990,OXBOW LAKE
ISS020-E-27991,OXBOW LAKE
ISS020-E-27992,OXBOW LAKE
ISS020-E-27993,OXBOW LAKE
ISS020-E-27994,OXBOW LAKE
ISS020-E-27995,OXBOW LAKE
ISS020-E-27996,OXBOW LAKE
ISS020-E-27997,OXBOW LAKE
ISS020-E-27998,OXBOW LAKE
ISS020-E-27999,OXBOW LAKE
ISS020-E-28000,OXBOW LAKE
ISS020-E-33360,OXBOW LAKE
ISS020-E-33363,OXBOW LAKE
ISS020-E-33364,OXBOW LAKE
ISS020-E-33365,OXBOW LAKE
ISS020-E-33366,OXBOW LAKE
ISS020-E-33367,OXBOW LAKE
ISS020-E-33368,OXBOW LAKE
ISS020-E-33369,OXBOW LAKE
ISS020-E-33370,OXBOW LAKE
ISS020-E-33371,OXBOW LAKE
ISS020-E-33372,OXBOW LAKE
ISS020-E-33373,OXBOW LAKE
ISS020-E-33374,OXBOW LAKE
ISS020-E-33375,OXBOW LAKE
ISS020-E-42356,OXBOW LAKE
ISS020-E-42357,OXBOW LAKE
ISS020-E-42358,OXBOW LAKE
ISS020-E-42359,OXBOW LAKE
ISS020-E-42360,OXBOW LAKE
ISS020-E-48657,OXBOW LAKE
ISS020-E-48658,OXBOW LAKE
ISS020-E-49585,OXBOW LAKE
ISS020-E-49586,OXBOW LAKE
ISS020-E-49587,OXBOW LAKE
ISS020-E-49588,OXBOW LAKE
ISS020-E-49589,OXBOW LAKE
ISS020-E-49590,OXBOW LAKE
ISS020-E-49591,OXBOW LAKE
ISS020-E-49592,OXBOW LAKE
ISS020-E-49593,OXBOW LAKE
ISS020-E-49594,OXBOW LAKE
ISS020-E-49595,OXBOW LAKE
ISS020-E-49754,OXBOW LAKE
ISS020-E-49755,OXBOW LAKE
ISS020-E-49756,OXBOW LAKE
ISS020-E-50375,OXBOW LAKE
ISS020-E-50376,OXBOW LAKE
ISS020-E-50397,OXBOW LAKE
ISS020-E-50398,OXBOW LAKE
ISS020-E-50399,OXBOW LAKE
ISS020-E-50400,OXBOW LAKE
ISS020-E-51296,OXBOW LAKE
ISS020-E-51297,OXBOW LAKE
ISS020-E-51298,OXBOW LAKE
ISS020-E-51299,OXBOW LAKE
ISS020-E-51300,OXBOW LAKE
ISS020-E-51301,OXBOW LAKE
ISS020-E-51302,OXBOW LAKE
ISS020-E-51303,OXBOW LAKE
ISS022-E-11640,OXBOW LAKE
ISS022-E-11641,OXBOW LAKE
ISS022-E-11642,OXBOW LAKE
ISS022-E-11643,OXBOW LAKE
ISS022-E-11644,OXBOW LAKE
ISS022-E-11645,OXBOW LAKE
ISS022-E-11646,OXBOW LAKE
ISS022-E-11647,OXBOW LAKE
ISS022-E-11648,OXBOW LAKE
ISS022-E-11649,OXBOW LAKE
ISS022-E-11650,OXBOW LAKE
ISS022-E-24607,OXBOW LAKE
ISS022-E-24608,OXBOW LAKE
ISS022-E-24609,OXBOW LAKE
ISS022-E-24610,OXBOW LAKE
ISS022-E-32077,OXBOW LAKE
ISS022-E-81351,OXBOW LAKE
ISS022-E-81352,OXBOW LAKE
ISS022-E-81353,OXBOW LAKE
ISS022-E-81354,OXBOW LAKE
ISS022-E-81355,OXBOW LAKE
ISS022-E-81356,OXBOW LAKE
ISS022-E-81357,OXBOW LAKE
ISS022-E-81358,OXBOW LAKE
ISS022-E-81359,OXBOW LAKE
ISS022-E-81360,OXBOW LAKE
ISS022-E-81361,OXBOW LAKE
ISS022-E-81362,OXBOW LAKE
ISS022-E-81363,OXBOW LAKE
ISS022-E-81364,OXBOW LAKE
ISS022-E-85395,OXBOW LAKE
ISS022-E-85399,OXBOW LAKE
ISS022-E-85403,OXBOW LAKE
ISS022-E-85404,OXBOW LAKE
ISS022-E-88714,OXBOW LAKE
ISS022-E-88715,OXBOW LAKE
ISS022-E-88716,OXBOW LAKE
ISS022-E-88717,OXBOW LAKE
ISS022-E-88719,OXBOW LAKE
ISS023-E-5694,OXBOW LAKE
ISS026-E-14340,OXBOW LAKE
ISS026-E-14341,OXBOW LAKE
ISS026-E-14342,OXBOW LAKE
ISS026-E-15466,OXBOW LAKE
ISS026-E-15467,OXBOW LAKE
ISS026-E-15468,OXBOW LAKE
ISS026-E-15469,OXBOW LAKE
ISS026-E-15470,OXBOW LAKE
ISS026-E-15471,OXBOW LAKE
ISS026-E-15472,OXBOW LAKE
ISS026-E-15473,OXBOW LAKE
ISS026-E-15474,OXBOW LAKE
ISS026-E-15475,OXBOW LAKE
ISS026-E-15476,OXBOW LAKE
ISS026-E-19831,OXBOW LAKE
ISS026-E-19832,OXBOW LAKE
ISS026-E-19833,OXBOW LAKE
ISS026-E-19834,OXBOW LAKE
ISS026-E-19835,OXBOW LAKE
ISS026-E-19836,OXBOW LAKE
ISS027-E-31977,OXBOW LAKE
ISS027-E-31978,OXBOW LAKE
ISS027-E-31979,OXBOW LAKE
ISS027-E-31980,OXBOW LAKE
ISS027-E-31981,OXBOW LAKE
ISS027-E-31982,OXBOW LAKE
ISS027-E-31983,OXBOW LAKE
ISS027-E-31984,OXBOW LAKE
ISS027-E-31985,OXBOW LAKE
ISS027-E-31986,OXBOW LAKE
ISS027-E-31987,OXBOW LAKE
ISS027-E-31988,OXBOW LAKE
ISS027-E-31989,OXBOW LAKE
ISS027-E-31990,OXBOW LAKE
ISS027-E-31991,OXBOW LAKE
ISS027-E-31992,OXBOW LAKE
ISS027-E-31993,OXBOW LAKE
ISS027-E-31994,OXBOW LAKE
ISS027-E-31995,OXBOW LAKE
ISS027-E-31996,OXBOW LAKE
ISS027-E-31997,OXBOW LAKE
ISS027-E-31998,OXBOW LAKE
ISS027-E-31999,OXBOW LAKE
ISS027-E-33164,OXBOW LAKE
ISS027-E-33165,OXBOW LAKE
ISS027-E-33166,OXBOW LAKE
ISS027-E-33167,OXBOW LAKE
ISS027-E-33168,OXBOW LAKE
ISS027-E-33169,OXBOW LAKE
ISS027-E-33170,OXBOW LAKE
ISS027-E-33171,OXBOW LAKE
ISS027-E-33172,OXBOW LAKE
ISS027-E-33173,OXBOW LAKE
ISS027-E-33174,OXBOW LAKE
ISS027-E-33175,OXBOW LAKE
ISS027-E-33176,OXBOW LAKE
ISS027-E-33177,OXBOW LAKE
ISS027-E-33181,OXBOW LAKE
ISS027-E-33182,OXBOW LAKE
ISS027-E-33183,OXBOW LAKE
ISS027-E-33184,OXBOW LAKE
ISS027-E-33185,OXBOW LAKE
ISS027-E-33186,OXBOW LAKE
ISS027-E-33188,OXBOW LAKE
ISS027-E-33189,OXBOW LAKE
ISS027-E-33190,OXBOW LAKE
ISS027-E-33270,OXBOW LAKE
ISS027-E-33271,OXBOW LAKE
ISS027-E-33272,OXBOW LAKE
ISS027-E-33273,OXBOW LAKE
ISS027-E-33274,OXBOW LAKE
ISS027-E-33275,OXBOW LAKE
ISS027-E-33276,OXBOW LAKE
ISS027-E-33277,OXBOW LAKE
ISS027-E-33278,OXBOW LAKE
ISS027-E-33279,OXBOW LAKE
ISS027-E-34618,OXBOW LAKE
ISS027-E-34628,OXBOW LAKE
ISS027-E-34629,OXBOW LAKE
ISS027-E-5632,OXBOW LAKE
ISS027-E-5633,OXBOW LAKE
ISS027-E-5634,OXBOW LAKE
ISS027-E-5635,OXBOW LAKE
ISS028-E-11801,OXBOW LAKE
ISS028-E-11802,OXBOW LAKE
ISS028-E-11803,OXBOW LAKE
ISS028-E-11804,OXBOW LAKE
ISS028-E-11805,OXBOW LAKE
ISS028-E-11806,OXBOW LAKE
ISS028-E-11807,OXBOW LAKE
ISS028-E-11808,OXBOW LAKE
ISS028-E-11809,OXBOW LAKE
ISS028-E-11810,OXBOW LAKE
ISS028-E-11811,OXBOW LAKE
ISS028-E-11812,OXBOW LAKE
ISS028-E-11813,OXBOW LAKE
ISS028-E-11814,OXBOW LAKE
ISS028-E-11815,OXBOW LAKE
ISS032-E-10517,OXBOW LAKE
ISS032-E-10518,OXBOW LAKE
ISS032-E-10519,OXBOW LAKE
ISS032-E-10520,OXBOW LAKE
ISS032-E-10521,OXBOW LAKE
ISS033-E-21812,OXBOW LAKE
ISS034-E-9943,OXBOW LAKE
ISS034-E-9944,OXBOW LAKE
ISS035-E-11287,OXBOW LAKE
ISS035-E-11288,OXBOW LAKE
ISS035-E-11289,OXBOW LAKE
ISS035-E-12886,OXBOW LAKE
ISS035-E-12887,OXBOW LAKE
ISS035-E-12888,OXBOW LAKE
ISS035-E-20192,OXBOW LAKE
ISS035-E-20193,OXBOW LAKE
ISS035-E-20194,OXBOW LAKE
ISS035-E-20195,OXBOW LAKE
ISS035-E-20196,OXBOW LAKE
ISS035-E-20197,OXBOW LAKE
ISS035-E-20198,OXBOW LAKE
ISS035-E-20202,OXBOW LAKE
ISS035-E-20203,OXBOW LAKE
ISS035-E-20204,OXBOW LAKE
ISS035-E-20205,OXBOW LAKE
ISS035-E-23336,OXBOW LAKE
ISS035-E-23337,OXBOW LAKE
ISS035-E-23338,OXBOW LAKE
ISS035-E-23339,OXBOW LAKE
ISS035-E-23340,OXBOW LAKE
ISS035-E-23341,OXBOW LAKE
ISS036-E-15991,OXBOW LAKE
ISS036-E-3918,OXBOW LAKE
ISS036-E-774,OXBOW LAKE
ISS036-E-775,OXBOW LAKE
ISS036-E-778,OXBOW LAKE
ISS036-E-779,OXBOW LAKE
ISS036-E-780,OXBOW LAKE
ISS036-E-781,OXBOW LAKE
ISS036-E-782,OXBOW LAKE
ISS036-E-783,OXBOW LAKE
ISS036-E-784,OXBOW LAKE
ISS036-E-785,OXBOW LAKE
ISS036-E-787,OXBOW LAKE
ISS036-E-788,OXBOW LAKE
ISS036-E-789,OXBOW LAKE
ISS036-E-790,OXBOW LAKE
ISS036-E-791,OXBOW LAKE
ISS036-E-792,OXBOW LAKE
ISS036-E-793,OXBOW LAKE
ISS036-E-794,OXBOW LAKE
ISS036-E-795,OXBOW LAKE
ISS036-E-796,OXBOW LAKE
ISS036-E-797,OXBOW LAKE
ISS036-E-798,OXBOW LAKE
ISS039-E-1619,OXBOW LAKE
ISS039-E-1620,OXBOW LAKE
ISS039-E-1621,OXBOW LAKE
ISS039-E-1622,OXBOW LAKE
ISS039-E-18977,OXBOW LAKE
ISS039-E-18978,OXBOW LAKE
ISS039-E-18979,OXBOW LAKE
ISS039-E-18980,OXBOW LAKE
ISS039-E-18981,OXBOW LAKE
ISS039-E-18982,OXBOW LAKE
ISS040-E-10689,OXBOW LAKE
ISS040-E-10690,OXBOW LAKE
ISS040-E-10691,OXBOW LAKE
ISS040-E-124229,OXBOW LAKE
ISS040-E-124230,OXBOW LAKE
ISS040-E-124231,OXBOW LAKE
ISS040-E-124232,OXBOW LAKE
ISS040-E-125198,OXBOW LAKE
ISS040-E-125199,OXBOW LAKE
ISS040-E-125200,OXBOW LAKE
ISS040-E-125201,OXBOW LAKE
ISS040-E-125202,OXBOW LAKE
ISS040-E-125203,OXBOW LAKE
ISS040-E-125204,OXBOW LAKE
ISS040-E-125205,OXBOW LAKE
ISS040-E-125206,OXBOW LAKE
ISS040-E-125207,OXBOW LAKE
ISS040-E-125208,OXBOW LAKE
ISS040-E-125209,OXBOW LAKE
ISS040-E-125210,OXBOW LAKE
ISS040-E-125211,OXBOW LAKE
ISS040-E-125212,OXBOW LAKE
ISS040-E-125213,OXBOW LAKE
ISS040-E-125214,OXBOW LAKE
ISS040-E-125215,OXBOW LAKE
ISS040-E-125216,OXBOW LAKE
ISS040-E-125217,OXBOW LAKE
ISS040-E-125218,OXBOW LAKE
ISS040-E-125219,OXBOW LAKE
ISS040-E-125220,OXBOW LAKE
ISS040-E-125221,OXBOW LAKE
ISS040-E-125222,OXBOW LAKE
ISS040-E-125223,OXBOW LAKE
ISS043-E-101700,OXBOW LAKE
ISS043-E-101701,OXBOW LAKE
ISS043-E-101702,OXBOW LAKE
ISS043-E-101703,OXBOW LAKE
ISS043-E-101704,OXBOW LAKE
ISS043-E-101705,OXBOW LAKE
ISS043-E-101709,OXBOW LAKE
ISS043-E-101710,OXBOW LAKE
ISS043-E-101711,OXBOW LAKE
ISS046-E-34276,OXBOW LAKE
ISS046-E-34277,OXBOW LAKE
ISS046-E-34278,OXBOW LAKE
ISS046-E-34279,OXBOW LAKE
ISS046-E-34280,OXBOW LAKE
ISS046-E-34281,OXBOW LAKE
ISS046-E-34282,OXBOW LAKE
ISS046-E-34283,OXBOW LAKE
ISS046-E-34284,OXBOW LAKE
ISS046-E-34285,OXBOW LAKE
ISS046-E-34286,OXBOW LAKE
ISS046-E-34287,OXBOW LAKE
ISS046-E-34288,OXBOW LAKE
ISS046-E-34289,OXBOW LAKE
ISS046-E-35574,OXBOW LAKE
ISS046-E-35575,OXBOW LAKE
ISS046-E-35576,OXBOW LAKE
ISS046-E-48241,OXBOW LAKE
ISS046-E-48242,OXBOW LAKE
ISS046-E-48243,OXBOW LAKE
ISS046-E-48244,OXBOW LAKE
ISS046-E-48245,OXBOW LAKE
ISS046-E-48246,OXBOW LAKE
ISS046-E-48292,OXBOW LAKE
ISS046-E-48293,OXBOW LAKE
ISS046-E-48294,OXBOW LAKE
ISS046-E-48295,OXBOW LAKE
ISS046-E-48296,OXBOW LAKE
ISS046-E-48297,OXBOW LAKE
ISS047-E-93763,OXBOW LAKE
ISS048-E-60008,OXBOW LAKE
ISS048-E-60009,OXBOW LAKE
ISS048-E-60010,OXBOW LAKE
ISS048-E-60011,OXBOW LAKE
ISS048-E-60012,OXBOW LAKE
ISS048-E-60019,OXBOW LAKE
ISS049-E-32834,OXBOW LAKE
ISS049-E-32835,OXBOW LAKE
ISS049-E-38962,OXBOW LAKE
ISS049-E-38963,OXBOW LAKE
ISS050-E-36699,OXBOW LAKE
ISS050-E-36715,OXBOW LAKE
ISS050-E-36716,OXBOW LAKE
ISS050-E-36717,OXBOW LAKE
ISS050-E-36718,OXBOW LAKE
ISS050-E-36719,OXBOW LAKE
ISS050-E-36720,OXBOW LAKE
ISS050-E-42408,OXBOW LAKE
ISS050-E-42409,OXBOW LAKE
ISS050-E-42410,OXBOW LAKE
ISS050-E-42411,OXBOW LAKE
ISS050-E-42412,OXBOW LAKE
ISS050-E-42413,OXBOW LAKE
ISS050-E-42414,OXBOW LAKE
ISS050-E-42415,OXBOW LAKE
ISS050-E-42416,OXBOW LAKE
ISS050-E-42417,OXBOW LAKE
ISS050-E-42418,OXBOW LAKE
ISS050-E-51225,OXBOW LAKE
ISS050-E-51226,OXBOW LAKE
ISS050-E-52412,OXBOW LAKE
ISS050-E-53199,OXBOW LAKE
ISS050-E-53200,OXBOW LAKE
ISS052-E-14163,OXBOW LAKE
ISS052-E-14164,OXBOW LAKE
ISS052-E-14165,OXBOW LAKE
ISS052-E-39421,OXBOW LAKE
ISS052-E-39422,OXBOW LAKE
ISS052-E-39423,OXBOW LAKE
ISS052-E-39435,OXBOW LAKE
ISS052-E-39436,OXBOW LAKE
ISS052-E-39445,OXBOW LAKE
ISS052-E-39446,OXBOW LAKE
ISS052-E-39467,OXBOW LAKE
ISS052-E-39468,OXBOW LAKE
ISS052-E-39470,OXBOW LAKE
ISS052-E-39512,OXBOW LAKE
ISS052-E-39513,OXBOW LAKE
ISS055-E-115252,OXBOW LAKE
ISS055-E-115253,OXBOW LAKE
ISS055-E-115254,OXBOW LAKE
STS046-92-A,OXBOW LAKE
STS059-102-78,OXBOW LAKE
STS059-102-81,OXBOW LAKE
STS059-102-82,OXBOW LAKE
STS059-102-83,OXBOW LAKE
STS059-102-84,OXBOW LAKE
STS059-102-85,OXBOW LAKE
STS059-102-86,OXBOW LAKE
STS074-710-10,OXBOW LAKE
STS074-710-9,OXBOW LAKE
STS075-706-76,OXBOW LAKE
STS075-706-77,OXBOW LAKE
STS075-754-24,OXBOW LAKE
STS075-754-25,OXBOW LAKE
STS075-754-26,OXBOW LAKE
STS077-707-75,OXBOW LAKE
STS077-708-17,OXBOW LAKE
STS097-371-2,OXBOW LAKE
STS098-819-53,OXBOW LAKE
STS098-819-54,OXBOW LAKE
STS098-819-55,OXBOW LAKE
STS098-819-56,OXBOW LAKE
STS100-E-5471,OXBOW LAKE
STS100-E-5472,OXBOW LAKE
STS100-E-5473,OXBOW LAKE
STS100-E-5474,OXBOW LAKE
STS100-E-5475,OXBOW LAKE
STS100-E-5476,OXBOW LAKE
STS100-E-5477,OXBOW LAKE
STS124-E-10777,OXBOW LAKE
STS124-E-10778,OXBOW LAKE
STS124-E-10779,OXBOW LAKE
STS124-E-10780,OXBOW LAKE
STS124-E-10781,OXBOW LAKE
STS124-E-10782,OXBOW LAKE
STS124-E-10783,OXBOW LAKE
STS133-E-6182,OXBOW LAKE
STS133-E-6183,OXBOW LAKE
STS133-E-6184,OXBOW LAKE
STS133-E-6185,OXBOW LAKE
STS133-E-6186,OXBOW LAKE
STS133-E-6187,OXBOW LAKE
STS133-E-6189,OXBOW LAKE
STS133-E-6190,OXBOW LAKE
STS133-E-6191,OXBOW LAKE
STS133-E-6192,OXBOW LAKE
STS133-E-6193,OXBOW LAKE
STS133-E-6194,OXBOW LAKE
STS133-E-6195,OXBOW LAKE
STS133-E-6196,OXBOW LAKE
STS133-E-6197,OXBOW LAKE
