ISS006-E-15551,RIVER
ISS006-E-44390,RIVER
ISS009-E-21255,RIVER
ISS009-E-21256,RIVER
ISS009-E-21257,RIVER
ISS009-E-21258,RIVER
ISS009-E-21259,RIVER
ISS009-E-21260,RIVER
ISS009-E-21261,RIVER
ISS009-E-21262,RIVER
ISS009-E-21263,RIVER
ISS009-E-21264,RIVER
ISS009-E-21265,RIVER
ISS009-E-21266,RIVER
ISS009-E-21267,RIVER
ISS009-E-21268,RIVER
ISS009-E-21269,RIVER
ISS009-E-21270,RIVER
ISS009-E-21271,RIVER
ISS009-E-21272,RIVER
ISS009-E-21273,RIVER
ISS009-E-21274,RIVER
ISS009-E-21275,RIVER
ISS009-E-21276,RIVER
ISS009-E-21277,RIVER
ISS009-E-21278,RIVER
ISS009-E-21279,RIVER
ISS009-E-21280,RIVER
ISS010-E-8113,RIVER
ISS011-E-8431,RIVER
ISS011-E-8432,RIVER
ISS011-E-8433,RIVER
ISS011-E-8434,RIVER
ISS011-E-8435,RIVER
ISS011-E-8436,RIVER
ISS011-E-8437,RIVER
ISS011-E-8438,RIVER
ISS012-E-5437,RIVER
ISS012-E-5438,RIVER
ISS012-E-5439,RIVER
ISS013-E-11664,RIVER
ISS013-E-11665,RIVER
ISS013-E-11666,RIVER
ISS013-E-11667,RIVER
ISS013-E-13513,RIVER
ISS013-E-13514,RIVER
ISS013-E-13515,RIVER
ISS013-E-13519,RIVER
ISS013-E-13520,RIVER
ISS013-E-13557,RIVER
ISS013-E-13852,RIVER
ISS013-E-14355,RIVER
ISS013-E-14356,RIVER
ISS013-E-14357,RIVER
ISS013-E-14358,RIVER
ISS013-E-14359,RIVER
ISS013-E-14360,RIVER
ISS013-E-14361,RIVER
ISS013-E-14362,RIVER
ISS013-E-14734,RIVER
ISS013-E-14735,RIVER
ISS013-E-16830,RIVER
ISS013-E-16831,RIVER
ISS013-E-16832,RIVER
ISS013-E-16833,RIVER
ISS013-E-17808,RIVER
ISS013-E-17809,RIVER
ISS013-E-17810,RIVER
ISS013-E-17811,RIVER
ISS013-E-17812,RIVER
ISS013-E-17813,RIVER
ISS013-E-17814,RIVER
ISS013-E-17815,RIVER
ISS013-E-17816,RIVER
ISS013-E-17817,RIVER
ISS013-E-17820,RIVER
ISS013-E-17821,RIVER
ISS013-E-18023,RIVER
ISS013-E-18024,RIVER
ISS013-E-18025,RIVER
ISS013-E-18026,RIVER
ISS013-E-18027,RIVER
ISS013-E-18028,RIVER
ISS013-E-18029,RIVER
ISS013-E-18030,RIVER
ISS013-E-18031,RIVER
ISS013-E-18032,RIVER
ISS013-E-18033,RIVER
ISS013-E-18034,RIVER
ISS013-E-18035,RIVER
ISS013-E-18036,RIVER
ISS013-E-18037,RIVER
ISS013-E-18038,RIVER
ISS013-E-18039,RIVER
ISS013-E-18040,RIVER
ISS013-E-18041,RIVER
ISS013-E-18042,RIVER
ISS013-E-18043,RIVER
ISS013-E-18044,RIVER
ISS013-E-18045,RIVER
ISS013-E-18046,RIVER
ISS013-E-18047,RIVER
ISS013-E-18048,RIVER
ISS013-E-18049,RIVER
ISS013-E-18050,RIVER
ISS013-E-18051,RIVER
ISS013-E-18052,RIVER
ISS013-E-18053,RIVER
ISS013-E-18054,RIVER
ISS013-E-18055,RIVER
ISS013-E-18056,RIVER
ISS013-E-18057,RIVER
ISS013-E-18058,RIVER
ISS013-E-18059,RIVER
ISS013-E-18060,RIVER
ISS013-E-18061,RIVER
ISS013-E-18062,RIVER
ISS013-E-18063,RIVER
ISS013-E-18064,RIVER
ISS013-E-18065,RIVER
ISS013-E-18066,RIVER
ISS013-E-18103,RIVER
ISS013-E-18104,RIVER
ISS013-E-18105,RIVER
ISS013-E-18106,RIVER
ISS013-E-18107,RIVER
ISS013-E-18108,RIVER
ISS013-E-18109,RIVER
ISS013-E-18110,RIVER
ISS013-E-18111,RIVER
ISS013-E-18112,RIVER
ISS013-E-18113,RIVER
ISS013-E-18114,RIVER
ISS013-E-18115,RIVER
ISS013-E-18116,RIVER
ISS013-E-22486,RIVER
ISS013-E-23640,RIVER
ISS013-E-23641,RIVER
ISS013-E-23642,RIVER
ISS013-E-23643,RIVER
ISS013-E-23644,RIVER
ISS013-E-23645,RIVER
ISS013-E-23925,RIVER
ISS013-E-23926,RIVER
ISS013-E-23931,RIVER
ISS013-E-24615,RIVER
ISS013-E-24616,RIVER
ISS013-E-24617,RIVER
ISS013-E-24618,RIVER
ISS013-E-24619,RIVER
ISS013-E-24620,RIVER
ISS013-E-24621,RIVER
ISS013-E-24622,RIVER
ISS013-E-24623,RIVER
ISS013-E-24624,RIVER
ISS013-E-5201,RIVER
ISS013-E-5202,RIVER
ISS013-E-5203,RIVER
ISS013-E-5204,RIVER
ISS013-E-6285,RIVER
ISS013-E-6286,RIVER
ISS013-E-6287,RIVER
ISS013-E-6288,RIVER
ISS013-E-6289,RIVER
ISS013-E-6290,RIVER
ISS013-E-6291,RIVER
ISS013-E-6292,RIVER
ISS013-E-6293,RIVER
ISS013-E-6652,RIVER
ISS013-E-6653,RIVER
ISS013-E-6654,RIVER
ISS013-E-6655,RIVER
ISS013-E-6656,RIVER
ISS013-E-6657,RIVER
ISS013-E-6658,RIVER
ISS013-E-6742,RIVER
ISS013-E-6743,RIVER
ISS013-E-6744,RIVER
ISS013-E-6745,RIVER
ISS013-E-6746,RIVER
ISS013-E-6747,RIVER
ISS013-E-6748,RIVER
ISS013-E-6749,RIVER
ISS013-E-6750,RIVER
ISS013-E-6751,RIVER
ISS013-E-6752,RIVER
ISS013-E-6753,RIVER
ISS013-E-6754,RIVER
ISS013-E-6755,RIVER
ISS013-E-6756,RIVER
ISS013-E-6757,RIVER
ISS013-E-6758,RIVER
ISS013-E-6759,RIVER
ISS013-E-6760,RIVER
ISS013-E-6761,RIVER
ISS013-E-6762,RIVER
ISS013-E-6763,RIVER
ISS013-E-6764,RIVER
ISS013-E-6765,RIVER
ISS013-E-6766,RIVER
ISS013-E-6767,RIVER
ISS013-E-6768,RIVER
ISS013-E-6769,RIVER
ISS013-E-6770,RIVER
ISS013-E-6771,RIVER
ISS013-E-6772,RIVER
ISS013-E-6773,RIVER
ISS013-E-7352,RIVER
ISS013-E-7353,RIVER
ISS013-E-7354,RIVER
ISS013-E-75509,RIVER
ISS013-E-75510,RIVER
ISS013-E-75511,RIVER
ISS013-E-75512,RIVER
ISS013-E-7556,RIVER
ISS013-E-7557,RIVER
ISS013-E-7558,RIVER
ISS013-E-7559,RIVER
ISS013-E-7560,RIVER
ISS013-E-7561,RIVER
ISS013-E-7562,RIVER
ISS013-E-7563,RIVER
ISS013-E-7564,RIVER
ISS013-E-7565,RIVER
ISS013-E-7566,RIVER
ISS013-E-81489,RIVER
ISS013-E-81490,RIVER
ISS013-E-81491,RIVER
ISS013-E-81492,RIVER
ISS013-E-81493,RIVER
ISS013-E-81494,RIVER
ISS013-E-81495,RIVER
ISS013-E-81496,RIVER
ISS013-E-81497,RIVER
ISS013-E-81498,RIVER
ISS013-E-81499,RIVER
ISS013-E-81804,RIVER
ISS013-E-81805,RIVER
ISS013-E-81806,RIVER
ISS013-E-81807,RIVER
ISS013-E-81808,RIVER
ISS013-E-81809,RIVER
ISS013-E-81810,RIVER
ISS013-E-81811,RIVER
ISS013-E-81812,RIVER
ISS013-E-81820,RIVER
ISS013-E-82166,RIVER
ISS013-E-82167,RIVER
ISS013-E-82168,RIVER
ISS013-E-82509,RIVER
ISS013-E-82510,RIVER
ISS013-E-82511,RIVER
ISS013-E-82512,RIVER
ISS013-E-82513,RIVER
ISS013-E-82514,RIVER
ISS013-E-82515,RIVER
ISS013-E-82516,RIVER
ISS013-E-82517,RIVER
ISS013-E-82518,RIVER
ISS013-E-82519,RIVER
ISS013-E-82520,RIVER
ISS013-E-82521,RIVER
ISS013-E-82596,RIVER
ISS013-E-82597,RIVER
ISS013-E-82598,RIVER
ISS013-E-82599,RIVER
ISS013-E-82600,RIVER
ISS013-E-82602,RIVER
ISS013-E-82603,RIVER
ISS013-E-82604,RIVER
ISS013-E-82605,RIVER
ISS013-E-82606,RIVER
ISS013-E-82607,RIVER
ISS013-E-82608,RIVER
ISS013-E-82609,RIVER
ISS013-E-82610,RIVER
ISS013-E-82611,RIVER
ISS013-E-82612,RIVER
ISS013-E-85992,RIVER
ISS013-E-85993,RIVER
ISS013-E-85994,RIVER
ISS013-E-85995,RIVER
ISS013-E-85996,RIVER
ISS013-E-85997,RIVER
ISS013-E-85998,RIVER
ISS013-E-85999,RIVER
ISS013-E-86000,RIVER
ISS013-E-86001,RIVER
ISS013-E-86002,RIVER
ISS013-E-86003,RIVER
ISS013-E-86045,RIVER
ISS013-E-86046,RIVER
ISS013-E-86047,RIVER
ISS013-E-86048,RIVER
ISS013-E-86049,RIVER
ISS013-E-86050,RIVER
ISS013-E-86051,RIVER
ISS013-E-86052,RIVER
ISS013-E-86053,RIVER
ISS013-E-9426,RIVER
ISS013-E-9428,RIVER
ISS014-E-6282,RIVER
ISS014-E-6283,RIVER
ISS014-E-6284,RIVER
ISS014-E-6285,RIVER
ISS014-E-6286,RIVER
ISS014-E-6287,RIVER
ISS022-E-90233,RIVER
ISS022-E-90234,RIVER
ISS022-E-90235,RIVER
ISS022-E-90236,RIVER
ISS022-E-90237,RIVER
ISS022-E-90238,RIVER
ISS022-E-90239,RIVER
ISS022-E-90240,RIVER
ISS022-E-90241,RIVER
ISS022-E-90242,RIVER
ISS022-E-90243,RIVER
ISS022-E-90244,RIVER
ISS022-E-90245,RIVER
ISS022-E-90246,RIVER
ISS022-E-90247,RIVER
ISS022-E-90248,RIVER
ISS022-E-90249,RIVER
ISS022-E-90250,RIVER
ISS022-E-90251,RIVER
ISS022-E-90252,RIVER
ISS022-E-90253,RIVER
ISS022-E-90256,RIVER
ISS022-E-90257,RIVER
ISS022-E-90258,RIVER
ISS022-E-90259,RIVER
ISS022-E-90261,RIVER
ISS022-E-90262,RIVER
ISS026-E-5290,RIVER
ISS026-E-5291,RIVER
ISS026-E-5292,RIVER
ISS026-E-5293,RIVER
ISS026-E-5294,RIVER
ISS026-E-5295,RIVER
ISS026-E-5296,RIVER
ISS026-E-5297,RIVER
ISS026-E-5298,RIVER
ISS034-E-70681,RIVER
ISS034-E-70682,RIVER
ISS034-E-70683,RIVER
ISS034-E-70684,RIVER
ISS034-E-70685,RIVER
ISS034-E-70686,RIVER
ISS038-E-18314,RIVER
ISS038-E-18315,RIVER
ISS038-E-18316,RIVER
ISS038-E-18317,RIVER
ISS038-E-26352,RIVER
ISS038-E-46758,RIVER
ISS038-E-46759,RIVER
ISS038-E-46760,RIVER
ISS038-E-46761,RIVER
ISS038-E-46770,RIVER
ISS038-E-46771,RIVER
ISS038-E-46772,RIVER
ISS038-E-46773,RIVER
ISS038-E-46774,RIVER
ISS038-E-46775,RIVER
ISS038-E-46776,RIVER
ISS038-E-46777,RIVER
ISS039-E-18972,RIVER
ISS039-E-18973,RIVER
ISS039-E-18974,RIVER
ISS039-E-18975,RIVER
ISS039-E-18976,RIVER
ISS040-E-12090,RIVER
ISS040-E-12091,RIVER
ISS040-E-124221,RIVER
ISS040-E-124222,RIVER
ISS040-E-124223,RIVER
ISS040-E-124224,RIVER
ISS040-E-124225,RIVER
ISS040-E-124226,RIVER
ISS040-E-124227,RIVER
ISS040-E-124228,RIVER
ISS040-E-124235,RIVER
ISS040-E-124236,RIVER
ISS040-E-124237,RIVER
ISS040-E-124238,RIVER
ISS040-E-124239,RIVER
ISS040-E-124240,RIVER
ISS040-E-124906,RIVER
ISS040-E-124907,RIVER
ISS040-E-124908,RIVER
ISS040-E-124909,RIVER
ISS040-E-124910,RIVER
ISS040-E-124911,RIVER
ISS040-E-124912,RIVER
ISS040-E-124913,RIVER
ISS040-E-124914,RIVER
ISS040-E-124915,RIVER
ISS040-E-124916,RIVER
ISS040-E-124917,RIVER
ISS040-E-124918,RIVER
ISS040-E-124919,RIVER
ISS040-E-124920,RIVER
ISS040-E-124921,RIVER
ISS040-E-124922,RIVER
ISS040-E-124923,RIVER
ISS040-E-124924,RIVER
ISS040-E-124925,RIVER
ISS040-E-124926,RIVER
ISS040-E-124927,RIVER
ISS040-E-125102,RIVER
ISS040-E-125103,RIVER
ISS040-E-125104,RIVER
ISS040-E-125105,RIVER
ISS040-E-125106,RIVER
ISS040-E-125107,RIVER
ISS040-E-125108,RIVER
ISS040-E-125109,RIVER
ISS040-E-125110,RIVER
ISS040-E-125111,RIVER
ISS040-E-125112,RIVER
ISS040-E-125113,RIVER
ISS040-E-125114,RIVER
ISS040-E-125115,RIVER
ISS040-E-125116,RIVER
ISS040-E-125117,RIVER
ISS040-E-125118,RIVER
ISS040-E-125119,RIVER
ISS040-E-125120,RIVER
ISS040-E-125121,RIVER
ISS040-E-125224,RIVER
ISS040-E-125225,RIVER
ISS040-E-125226,RIVER
ISS040-E-125227,RIVER
ISS040-E-125228,RIVER
ISS040-E-125229,RIVER
ISS040-E-125230,RIVER
ISS040-E-125231,RIVER
ISS040-E-125232,RIVER
ISS040-E-125233,RIVER
ISS040-E-125234,RIVER
ISS040-E-125235,RIVER
ISS040-E-125236,RIVER
ISS040-E-125237,RIVER
ISS040-E-125238,RIVER
ISS040-E-125239,RIVER
ISS040-E-125240,RIVER
ISS040-E-125241,RIVER
ISS040-E-125242,RIVER
ISS040-E-125243,RIVER
ISS040-E-125244,RIVER
ISS040-E-125245,RIVER
ISS040-E-125246,RIVER
ISS040-E-125247,RIVER
ISS040-E-125248,RIVER
ISS040-E-125249,RIVER
ISS040-E-125250,RIVER
ISS040-E-125251,RIVER
ISS040-E-125252,RIVER
ISS040-E-125253,RIVER
ISS040-E-125367,RIVER
ISS040-E-125368,RIVER
ISS040-E-125369,RIVER
ISS040-E-125370,RIVER
ISS040-E-16136,RIVER
ISS040-E-16137,RIVER
ISS040-E-16138,RIVER
ISS040-E-16139,RIVER
ISS040-E-16140,RIVER
ISS040-E-82342,RIVER
ISS040-E-82343,RIVER
ISS040-E-82344,RIVER
ISS040-E-82345,RIVER
ISS040-E-82346,RIVER
ISS040-E-82347,RIVER
ISS040-E-82348,RIVER
ISS040-E-82349,RIVER
ISS040-E-82350,RIVER
ISS040-E-98196,RIVER
ISS040-E-98197,RIVER
ISS040-E-98198,RIVER
ISS040-E-98199,RIVER
ISS040-E-98200,RIVER
ISS040-E-98201,RIVER
ISS040-E-98202,RIVER
ISS040-E-98203,RIVER
ISS042-E-21751,RIVER
ISS042-E-21752,RIVER
ISS042-E-21753,RIVER
ISS042-E-21754,RIVER
ISS042-E-21755,RIVER
ISS042-E-21756,RIVER
ISS042-E-21757,RIVER
ISS042-E-21758,RIVER
ISS042-E-21759,RIVER
ISS042-E-21760,RIVER
ISS042-E-21761,RIVER
ISS042-E-49263,RIVER
ISS042-E-49264,RIVER
ISS042-E-49265,RIVER
ISS042-E-49266,RIVER
ISS042-E-49267,RIVER
ISS043-E-101706,RIVER
ISS043-E-101707,RIVER
ISS043-E-101708,RIVER
ISS043-E-102112,RIVER
ISS043-E-102113,RIVER
ISS043-E-102114,RIVER
ISS043-E-102115,RIVER
ISS043-E-102116,RIVER
ISS043-E-102117,RIVER
ISS043-E-102118,RIVER
ISS043-E-102119,RIVER
ISS043-E-102120,RIVER
ISS043-E-102121,RIVER
ISS043-E-102122,RIVER
ISS043-E-102123,RIVER
ISS043-E-102124,RIVER
ISS043-E-102125,RIVER
ISS043-E-102126,RIVER
ISS043-E-174947,RIVER
ISS043-E-174948,RIVER
ISS043-E-174949,RIVER
ISS043-E-174950,RIVER
ISS043-E-174951,RIVER
ISS043-E-174952,RIVER
ISS043-E-174953,RIVER
ISS043-E-174954,RIVER
ISS043-E-174955,RIVER
ISS043-E-174956,RIVER
ISS043-E-174957,RIVER
ISS043-E-174958,RIVER
ISS043-E-174959,RIVER
ISS043-E-174960,RIVER
ISS043-E-174961,RIVER
ISS043-E-174962,RIVER
ISS043-E-174963,RIVER
ISS043-E-174964,RIVER
ISS043-E-174965,RIVER
ISS043-E-174966,RIVER
ISS043-E-174967,RIVER
ISS043-E-174968,RIVER
ISS043-E-174969,RIVER
ISS043-E-174970,RIVER
ISS043-E-174971,RIVER
ISS043-E-174972,RIVER
ISS043-E-174973,RIVER
ISS043-E-174974,RIVER
ISS043-E-174975,RIVER
ISS043-E-174976,RIVER
ISS043-E-174977,RIVER
ISS043-E-174978,RIVER
ISS043-E-174979,RIVER
ISS043-E-174980,RIVER
ISS043-E-174981,RIVER
ISS043-E-174982,RIVER
ISS043-E-174983,RIVER
ISS043-E-174984,RIVER
ISS043-E-174985,RIVER
ISS050-E-36692,RIVER
ISS050-E-36693,RIVER
ISS050-E-36694,RIVER
ISS050-E-36695,RIVER
ISS050-E-36696,RIVER
ISS050-E-36697,RIVER
ISS050-E-36698,RIVER
STS097-306-26,RIVER
STS097-306-27,RIVER
STS097-306-28,RIVER
STS097-306-29,RIVER
STS097-306-30,RIVER
STS100-E-5358,RIVER
STS100-E-5359,RIVER
STS112-E-5692,RIVER
STS112-E-5693,RIVER
STS112-E-5694,RIVER
STS112-E-5695,RIVER
STS133-E-6188,RIVER
