ISS002-E-9361,VOLCANO
ISS003-E-7745,VOLCANO
ISS004-E-10728,VOLCANO
ISS004-E-10729,VOLCANO
ISS004-E-8086,VOLCANO
ISS004-E-8087,VOLCANO
ISS004-E-8525,VOLCANO
ISS004-E-8533,VOLCANO
ISS004-E-8534,VOLCANO
ISS005-E-12475,VOLCANO
ISS005-E-16784,VOLCANO
ISS005-E-16785,VOLCANO
ISS005-E-19369,VOLCANO
ISS005-E-19370,VOLCANO
ISS005-E-21099,VOLCANO
ISS005-E-21100,VOLCANO
ISS005-E-21101,VOLCANO
ISS005-E-21102,VOLCANO
ISS005-E-21103,VOLCANO
ISS005-E-6250,VOLCANO
ISS005-E-6251,VOLCANO
ISS005-E-6252,VOLCANO
ISS005-E-6253,VOLCANO
ISS007-E-12713,VOLCANO
ISS007-E-17961,VOLCANO
ISS007-E-17962,VOLCANO
ISS007-E-17963,VOLCANO
ISS007-E-17964,VOLCANO
ISS007-E-6270,VOLCANO
ISS007-E-7696,VOLCANO
ISS007-E-7697,VOLCANO
ISS007-E-7698,VOLCANO
ISS009-E-13384,VOLCANO
ISS009-E-13385,VOLCANO
ISS009-E-26063,VOLCANO
ISS009-E-26064,VOLCANO
ISS009-E-27242,VOLCANO
ISS009-E-5868,VOLCANO
ISS009-E-5869,VOLCANO
ISS009-E-5870,VOLCANO
ISS009-E-5879,VOLCANO
ISS009-E-5880,VOLCANO
ISS009-E-5881,VOLCANO
ISS009-E-5882,VOLCANO
ISS009-E-5883,VOLCANO
ISS009-E-5884,VOLCANO
ISS009-E-5885,VOLCANO
ISS010-E-14435,VOLCANO
ISS012-E-13131,VOLCANO
ISS012-E-16066,VOLCANO
ISS012-E-16067,VOLCANO
ISS012-E-16068,VOLCANO
ISS012-E-16069,VOLCANO
ISS012-E-16070,VOLCANO
ISS012-E-16071,VOLCANO
ISS012-E-20886,VOLCANO
ISS013-E-5044,VOLCANO
ISS013-E-5045,VOLCANO
ISS013-E-5046,VOLCANO
ISS013-E-82557,VOLCANO
ISS014-E-13794,VOLCANO
ISS014-E-13795,VOLCANO
ISS014-E-13798,VOLCANO
ISS014-E-13799,VOLCANO
ISS014-E-13800,VOLCANO
ISS015-E-17017,VOLCANO
ISS015-E-17018,VOLCANO
ISS015-E-17022,VOLCANO
ISS015-E-27987,VOLCANO
ISS015-E-27988,VOLCANO
ISS015-E-27989,VOLCANO
ISS015-E-27990,VOLCANO
ISS015-E-8537,VOLCANO
ISS015-E-8538,VOLCANO
ISS015-E-8539,VOLCANO
ISS015-E-9258,VOLCANO
ISS015-E-9259,VOLCANO
ISS017-E-13169,VOLCANO
ISS017-E-13170,VOLCANO
ISS017-E-13171,VOLCANO
ISS017-E-13172,VOLCANO
ISS017-E-13173,VOLCANO
ISS017-E-13174,VOLCANO
ISS017-E-13175,VOLCANO
ISS017-E-13176,VOLCANO
ISS017-E-13177,VOLCANO
ISS017-E-13178,VOLCANO
ISS017-E-13179,VOLCANO
ISS017-E-13180,VOLCANO
ISS017-E-13181,VOLCANO
ISS017-E-13182,VOLCANO
ISS017-E-13183,VOLCANO
ISS017-E-13184,VOLCANO
ISS017-E-13185,VOLCANO
ISS017-E-13186,VOLCANO
ISS017-E-13187,VOLCANO
ISS017-E-13188,VOLCANO
ISS017-E-13189,VOLCANO
ISS017-E-13190,VOLCANO
ISS017-E-13191,VOLCANO
ISS017-E-13192,VOLCANO
ISS017-E-13802,VOLCANO
ISS017-E-21218,VOLCANO
ISS018-E-17467,VOLCANO
ISS018-E-17468,VOLCANO
ISS018-E-17469,VOLCANO
ISS018-E-17471,VOLCANO
ISS018-E-17472,VOLCANO
ISS018-E-29485,VOLCANO
ISS018-E-29486,VOLCANO
ISS018-E-29487,VOLCANO
ISS018-E-5315,VOLCANO
ISS018-E-5316,VOLCANO
ISS018-E-5317,VOLCANO
ISS018-E-5318,VOLCANO
ISS019-E-20115,VOLCANO
ISS019-E-20116,VOLCANO
ISS019-E-20117,VOLCANO
ISS019-E-20118,VOLCANO
ISS019-E-20119,VOLCANO
ISS019-E-20123,VOLCANO
ISS019-E-20124,VOLCANO
ISS019-E-7106,VOLCANO
ISS019-E-7107,VOLCANO
ISS019-E-7108,VOLCANO
ISS019-E-7109,VOLCANO
ISS019-E-7110,VOLCANO
ISS019-E-7111,VOLCANO
ISS019-E-7112,VOLCANO
ISS019-E-7702,VOLCANO
ISS019-E-7703,VOLCANO
ISS019-E-7704,VOLCANO
ISS019-E-7705,VOLCANO
ISS019-E-7706,VOLCANO
ISS019-E-7707,VOLCANO
ISS019-E-7708,VOLCANO
ISS020-E-10645,VOLCANO
ISS020-E-10646,VOLCANO
ISS020-E-10647,VOLCANO
ISS020-E-10648,VOLCANO
ISS020-E-10649,VOLCANO
ISS020-E-10650,VOLCANO
ISS020-E-10651,VOLCANO
ISS020-E-10670,VOLCANO
ISS020-E-10671,VOLCANO
ISS020-E-10672,VOLCANO
ISS020-E-10673,VOLCANO
ISS020-E-28124,VOLCANO
ISS020-E-30917,VOLCANO
ISS020-E-30918,VOLCANO
ISS020-E-30919,VOLCANO
ISS020-E-30920,VOLCANO
ISS020-E-32358,VOLCANO
ISS020-E-32359,VOLCANO
ISS020-E-32360,VOLCANO
ISS020-E-33395,VOLCANO
ISS020-E-33396,VOLCANO
ISS020-E-33397,VOLCANO
ISS020-E-33398,VOLCANO
ISS020-E-43781,VOLCANO
ISS020-E-43782,VOLCANO
ISS020-E-43785,VOLCANO
ISS020-E-43786,VOLCANO
ISS020-E-45825,VOLCANO
ISS020-E-49182,VOLCANO
ISS020-E-49238,VOLCANO
ISS020-E-49239,VOLCANO
ISS020-E-5454,VOLCANO
ISS020-E-5455,VOLCANO
ISS020-E-5456,VOLCANO
ISS020-E-5466,VOLCANO
ISS021-E-26804,VOLCANO
ISS021-E-26805,VOLCANO
ISS021-E-26806,VOLCANO
ISS021-E-29262,VOLCANO
ISS021-E-29263,VOLCANO
ISS021-E-29264,VOLCANO
ISS021-E-29265,VOLCANO
ISS022-E-26423,VOLCANO
ISS022-E-26424,VOLCANO
ISS022-E-37790,VOLCANO
ISS022-E-37791,VOLCANO
ISS022-E-37792,VOLCANO
ISS022-E-39592,VOLCANO
ISS022-E-39593,VOLCANO
ISS022-E-5038,VOLCANO
ISS022-E-5039,VOLCANO
ISS022-E-7042,VOLCANO
ISS022-E-78405,VOLCANO
ISS022-E-78409,VOLCANO
ISS022-E-78415,VOLCANO
ISS022-E-78416,VOLCANO
ISS022-E-78466,VOLCANO
ISS022-E-78470,VOLCANO
ISS022-E-78473,VOLCANO
ISS022-E-80476,VOLCANO
ISS022-E-80477,VOLCANO
ISS022-E-80478,VOLCANO
ISS022-E-83799,VOLCANO
ISS022-E-83800,VOLCANO
ISS022-E-83801,VOLCANO
ISS022-E-83803,VOLCANO
ISS022-E-83843,VOLCANO
ISS023-E-10901,VOLCANO
ISS023-E-5093,VOLCANO
ISS023-E-5094,VOLCANO
ISS027-E-11530,VOLCANO
ISS027-E-11531,VOLCANO
ISS027-E-11532,VOLCANO
ISS027-E-11533,VOLCANO
ISS027-E-11534,VOLCANO
ISS027-E-11535,VOLCANO
ISS027-E-11536,VOLCANO
ISS027-E-11537,VOLCANO
ISS027-E-11538,VOLCANO
ISS027-E-11539,VOLCANO
ISS027-E-11540,VOLCANO
ISS027-E-11541,VOLCANO
ISS027-E-11542,VOLCANO
ISS027-E-11543,VOLCANO
ISS027-E-11544,VOLCANO
ISS027-E-11545,VOLCANO
ISS027-E-11546,VOLCANO
ISS027-E-11547,VOLCANO
ISS027-E-11548,VOLCANO
ISS027-E-11549,VOLCANO
ISS027-E-11550,VOLCANO
ISS027-E-11551,VOLCANO
ISS027-E-11552,VOLCANO
ISS027-E-11553,VOLCANO
ISS028-E-19597,VOLCANO
ISS028-E-19599,VOLCANO
ISS028-E-19644,VOLCANO
ISS028-E-20474,VOLCANO
ISS028-E-20475,VOLCANO
ISS028-E-20476,VOLCANO
ISS028-E-21103,VOLCANO
ISS028-E-21104,VOLCANO
ISS028-E-30057,VOLCANO
ISS028-E-30058,VOLCANO
ISS029-E-13314,VOLCANO
ISS029-E-13315,VOLCANO
ISS029-E-13316,VOLCANO
ISS029-E-13317,VOLCANO
ISS029-E-13318,VOLCANO
ISS029-E-13565,VOLCANO
ISS029-E-13566,VOLCANO
ISS029-E-13567,VOLCANO
ISS029-E-13568,VOLCANO
ISS029-E-13573,VOLCANO
ISS029-E-13574,VOLCANO
ISS029-E-13576,VOLCANO
ISS029-E-13577,VOLCANO
ISS029-E-13578,VOLCANO
ISS029-E-13579,VOLCANO
ISS029-E-13580,VOLCANO
ISS029-E-17309,VOLCANO
ISS029-E-17310,VOLCANO
ISS029-E-17311,VOLCANO
ISS029-E-17780,VOLCANO
ISS029-E-17781,VOLCANO
ISS029-E-20003,VOLCANO
ISS029-E-20004,VOLCANO
ISS029-E-7230,VOLCANO
ISS029-E-7231,VOLCANO
ISS029-E-7232,VOLCANO
ISS029-E-9449,VOLCANO
ISS029-E-9450,VOLCANO
ISS029-E-9451,VOLCANO
ISS029-E-9452,VOLCANO
ISS029-E-9453,VOLCANO
ISS029-E-9454,VOLCANO
ISS029-E-9455,VOLCANO
ISS031-E-35290,VOLCANO
ISS031-E-35291,VOLCANO
ISS031-E-35292,VOLCANO
ISS031-E-35293,VOLCANO
ISS031-E-35294,VOLCANO
ISS031-E-35295,VOLCANO
ISS031-E-35296,VOLCANO
ISS031-E-35297,VOLCANO
ISS031-E-35298,VOLCANO
ISS031-E-35299,VOLCANO
ISS031-E-35682,VOLCANO
ISS031-E-35827,VOLCANO
ISS031-E-35828,VOLCANO
ISS031-E-35829,VOLCANO
ISS031-E-35830,VOLCANO
ISS031-E-35831,VOLCANO
ISS031-E-35832,VOLCANO
ISS031-E-41931,VOLCANO
ISS031-E-41932,VOLCANO
ISS031-E-41933,VOLCANO
ISS032-E-10481,VOLCANO
ISS032-E-10510,VOLCANO
ISS032-E-10511,VOLCANO
ISS032-E-25000,VOLCANO
ISS034-E-64049,VOLCANO
ISS034-E-64050,VOLCANO
ISS034-E-64051,VOLCANO
ISS034-E-64052,VOLCANO
ISS034-E-64053,VOLCANO
ISS034-E-64054,VOLCANO
ISS034-E-64055,VOLCANO
ISS034-E-64056,VOLCANO
ISS034-E-64057,VOLCANO
ISS034-E-64058,VOLCANO
ISS034-E-64059,VOLCANO
ISS034-E-64060,VOLCANO
ISS034-E-64061,VOLCANO
ISS034-E-64062,VOLCANO
ISS034-E-64063,VOLCANO
ISS034-E-64064,VOLCANO
ISS034-E-64065,VOLCANO
ISS034-E-64066,VOLCANO
ISS034-E-65590,VOLCANO
ISS034-E-65591,VOLCANO
ISS034-E-65592,VOLCANO
ISS034-E-65593,VOLCANO
ISS034-E-65594,VOLCANO
ISS035-E-15192,VOLCANO
ISS035-E-15193,VOLCANO
ISS035-E-15194,VOLCANO
ISS035-E-15195,VOLCANO
ISS035-E-17997,VOLCANO
ISS035-E-17998,VOLCANO
ISS035-E-17999,VOLCANO
ISS035-E-18000,VOLCANO
ISS035-E-18001,VOLCANO
ISS035-E-18002,VOLCANO
ISS035-E-22654,VOLCANO
ISS035-E-22655,VOLCANO
ISS035-E-6333,VOLCANO
ISS035-E-6334,VOLCANO
ISS037-E-1000,VOLCANO
ISS037-E-1032,VOLCANO
ISS037-E-1033,VOLCANO
ISS037-E-1034,VOLCANO
ISS037-E-1035,VOLCANO
ISS037-E-1036,VOLCANO
ISS037-E-5089,VOLCANO
ISS037-E-5090,VOLCANO
ISS037-E-5091,VOLCANO
ISS037-E-5092,VOLCANO
ISS037-E-996,VOLCANO
ISS039-E-12323,VOLCANO
ISS039-E-12324,VOLCANO
ISS039-E-12325,VOLCANO
ISS039-E-16001,VOLCANO
ISS039-E-16002,VOLCANO
ISS039-E-16511,VOLCANO
ISS039-E-16512,VOLCANO
ISS039-E-16513,VOLCANO
ISS039-E-17293,VOLCANO
ISS039-E-17301,VOLCANO
ISS039-E-17302,VOLCANO
ISS039-E-19767,VOLCANO
ISS039-E-19768,VOLCANO
ISS039-E-19769,VOLCANO
ISS039-E-19770,VOLCANO
ISS039-E-19771,VOLCANO
ISS039-E-19772,VOLCANO
ISS039-E-19773,VOLCANO
ISS039-E-19774,VOLCANO
ISS039-E-19775,VOLCANO
ISS039-E-19776,VOLCANO
ISS039-E-19777,VOLCANO
ISS039-E-19778,VOLCANO
ISS039-E-19779,VOLCANO
ISS039-E-19780,VOLCANO
ISS039-E-19785,VOLCANO
ISS039-E-19786,VOLCANO
ISS039-E-19787,VOLCANO
ISS039-E-19788,VOLCANO
ISS039-E-19789,VOLCANO
ISS039-E-4567,VOLCANO
ISS039-E-4568,VOLCANO
ISS039-E-4569,VOLCANO
ISS039-E-5291,VOLCANO
ISS039-E-5292,VOLCANO
ISS040-E-124823,VOLCANO
ISS040-E-124824,VOLCANO
ISS040-E-5885,VOLCANO
ISS040-E-5886,VOLCANO
ISS041-E-105449,VOLCANO
ISS041-E-105450,VOLCANO
ISS041-E-105451,VOLCANO
ISS041-E-105452,VOLCANO
ISS041-E-105453,VOLCANO
ISS041-E-105454,VOLCANO
ISS041-E-105455,VOLCANO
ISS041-E-105456,VOLCANO
ISS041-E-105457,VOLCANO
ISS041-E-105458,VOLCANO
ISS041-E-105459,VOLCANO
ISS041-E-105460,VOLCANO
ISS041-E-105461,VOLCANO
ISS041-E-105462,VOLCANO
ISS041-E-105463,VOLCANO
ISS041-E-105464,VOLCANO
ISS041-E-105465,VOLCANO
ISS041-E-105466,VOLCANO
ISS041-E-49107,VOLCANO
ISS041-E-49108,VOLCANO
ISS041-E-49109,VOLCANO
ISS041-E-49110,VOLCANO
ISS041-E-49111,VOLCANO
ISS041-E-49112,VOLCANO
ISS048-E-16225,VOLCANO
ISS048-E-16226,VOLCANO
ISS048-E-16227,VOLCANO
ISS048-E-16228,VOLCANO
ISS048-E-16240,VOLCANO
ISS048-E-16241,VOLCANO
ISS048-E-16242,VOLCANO
ISS048-E-16243,VOLCANO
ISS048-E-16244,VOLCANO
ISS048-E-16245,VOLCANO
ISS048-E-16246,VOLCANO
ISS048-E-16247,VOLCANO
ISS048-E-16248,VOLCANO
ISS048-E-16249,VOLCANO
ISS048-E-1751,VOLCANO
ISS048-E-1752,VOLCANO
ISS048-E-1753,VOLCANO
ISS048-E-1754,VOLCANO
ISS048-E-1755,VOLCANO
ISS048-E-1756,VOLCANO
ISS048-E-1757,VOLCANO
ISS048-E-1758,VOLCANO
ISS048-E-1759,VOLCANO
ISS048-E-2394,VOLCANO
ISS048-E-2395,VOLCANO
ISS048-E-2396,VOLCANO
ISS048-E-2397,VOLCANO
ISS048-E-2398,VOLCANO
ISS048-E-2399,VOLCANO
ISS048-E-2400,VOLCANO
ISS051-E-52430,VOLCANO
ISS051-E-52431,VOLCANO
ISS051-E-52432,VOLCANO
ISS051-E-52433,VOLCANO
ISS052-E-11546,VOLCANO
ISS052-E-11547,VOLCANO
ISS052-E-11548,VOLCANO
ISS052-E-11549,VOLCANO
ISS052-E-35035,VOLCANO
ISS052-E-35036,VOLCANO
ISS054-E-15909,VOLCANO
ISS054-E-15910,VOLCANO
ISS054-E-15911,VOLCANO
ISS054-E-15912,VOLCANO
ISS054-E-15913,VOLCANO
ISS054-E-15914,VOLCANO
ISS054-E-15915,VOLCANO
ISS054-E-15916,VOLCANO
ISS054-E-15917,VOLCANO
ISS054-E-15918,VOLCANO
ISS054-E-15919,VOLCANO
ISS054-E-15920,VOLCANO
ISS054-E-15921,VOLCANO
ISS054-E-15922,VOLCANO
ISS054-E-15932,VOLCANO
ISS054-E-15933,VOLCANO
ISS054-E-15934,VOLCANO
ISS054-E-15935,VOLCANO
ISS054-E-15936,VOLCANO
ISS054-E-15937,VOLCANO
ISS054-E-15938,VOLCANO
ISS054-E-15939,VOLCANO
ISS054-E-15940,VOLCANO
ISS054-E-21940,VOLCANO
ISS054-E-21944,VOLCANO
ISS054-E-21945,VOLCANO
ISS054-E-40709,VOLCANO
ISS054-E-40710,VOLCANO
ISS054-E-40711,VOLCANO
ISS054-E-40715,VOLCANO
ISS054-E-40716,VOLCANO
ISS054-E-40717,VOLCANO
ISS055-E-23695,VOLCANO
ISS055-E-23696,VOLCANO
ISS055-E-23697,VOLCANO
ISS055-E-27730,VOLCANO
ISS055-E-27731,VOLCANO
ISS055-E-27732,VOLCANO
ISS055-E-27733,VOLCANO
ISS055-E-27734,VOLCANO
ISS055-E-27735,VOLCANO
ISS055-E-27736,VOLCANO
ISS055-E-27737,VOLCANO
ISS055-E-27738,VOLCANO
ISS055-E-27739,VOLCANO
ISS055-E-27751,VOLCANO
ISS055-E-27752,VOLCANO
ISS055-E-27753,VOLCANO
ISS055-E-27754,VOLCANO
ISS055-E-27756,VOLCANO
ISS055-E-27757,VOLCANO
ISS055-E-27758,VOLCANO
ISS055-E-31294,VOLCANO
ISS055-E-31304,VOLCANO
ISS055-E-31305,VOLCANO
ISS055-E-31310,VOLCANO
ISS055-E-31311,VOLCANO
ISS055-E-31312,VOLCANO
ISS055-E-31313,VOLCANO
ISS055-E-31314,VOLCANO
ISS055-E-31317,VOLCANO
ISS055-E-31318,VOLCANO
ISS055-E-31319,VOLCANO
ISS055-E-31320,VOLCANO
ISS055-E-31321,VOLCANO
ISS055-E-31324,VOLCANO
ISS055-E-31325,VOLCANO
ISS055-E-31374,VOLCANO
ISS055-E-31375,VOLCANO
ISS055-E-31376,VOLCANO
ISS055-E-31377,VOLCANO
ISS055-E-31378,VOLCANO
ISS055-E-31379,VOLCANO
ISS055-E-31380,VOLCANO
ISS055-E-31381,VOLCANO
ISS055-E-31382,VOLCANO
ISS055-E-31383,VOLCANO
ISS055-E-31384,VOLCANO
ISS055-E-32389,VOLCANO
ISS055-E-32639,VOLCANO
ISS055-E-32640,VOLCANO
ISS055-E-32641,VOLCANO
ISS055-E-32642,VOLCANO
ISS055-E-32643,VOLCANO
ISS055-E-32644,VOLCANO
ISS055-E-32645,VOLCANO
ISS055-E-32646,VOLCANO
ISS055-E-32647,VOLCANO
ISS055-E-32648,VOLCANO
ISS055-E-32649,VOLCANO
ISS055-E-43644,VOLCANO
ISS055-E-43645,VOLCANO
ISS055-E-43646,VOLCANO
ISS055-E-43647,VOLCANO
ISS055-E-4688,VOLCANO
ISS055-E-4689,VOLCANO
ISS055-E-4690,VOLCANO
ISS055-E-4691,VOLCANO
ISS055-E-4692,VOLCANO
ISS055-E-4693,VOLCANO
ISS055-E-4694,VOLCANO
ISS055-E-47256,VOLCANO
ISS055-E-47257,VOLCANO
ISS055-E-47258,VOLCANO
ISS055-E-47259,VOLCANO
ISS055-E-47260,VOLCANO
ISS055-E-47261,VOLCANO
ISS055-E-47263,VOLCANO
ISS055-E-8063,VOLCANO
ISS055-E-8064,VOLCANO
STS009-40-2574,VOLCANO
STS052-73-17,VOLCANO
STS052-75-17,VOLCANO
STS052-75-18,VOLCANO
STS075-709-11,VOLCANO
STS075-709-12,VOLCANO
STS076-705-7,VOLCANO
STS076-705-8,VOLCANO
STS077-160-89,VOLCANO
STS077-160-90,VOLCANO
STS077-160-91,VOLCANO
STS077-719-86,VOLCANO
STS077-719-87,VOLCANO
STS077-719-88,VOLCANO
STS077-720-96,VOLCANO
STS077-720-97,VOLCANO
STS088-738-49,VOLCANO
STS096-703-33,VOLCANO
STS096-703-34,VOLCANO
STS096-703-35,VOLCANO
STS099-744-37,VOLCANO
STS099-744-38,VOLCANO
STS099-744-39,VOLCANO
STS102-708-22,VOLCANO
STS123-E-6883,VOLCANO
STS123-E-6884,VOLCANO
STS123-E-6885,VOLCANO
STS128-E-9557,VOLCANO
STS128-E-9558,VOLCANO
STS128-E-9559,VOLCANO
STS128-E-9560,VOLCANO
STS128-E-9561,VOLCANO
STS128-E-9562,VOLCANO
STS128-E-9563,VOLCANO
STS128-E-9564,VOLCANO
